symtom个数n_users=360, herb个数n_items=753
#train中的herb个数 train_items 753
#test中的herb个数 test_items 468
#总的herb个数 all_items 753
#用于sample生成batch的train pres 22917
#train中 症状组合-单个herb pair的个数 n_train 22917, #test 行数 n_test 1162
item_weight  753
item_freq_max  9017.0
753   1
#multi-hot for test users	 1162
#test	 1162
#双向 sym pairs  1914
#双向herb pairs  6818
start  2025-07-26 18:38:45
************SMGCN*************** 
result_index  1
already create adjacency matrix (1113, 1113) time: 0.051725149154663086
already create sym_pair adjacency matrix (360, 360) time: 0.0012664794921875
already create herb_pair adjacency matrix (753, 753) time: 0.0031578540802001953
generate single-normalized adjacency matrix.
generate single-normalized adjacency matrix.
already normalize adjacency matrix 0.03843069076538086
sym_pair 和 herb_pair 有 self-connection, sum!!
use the normalized adjacency matrix
***********fusion method************  add
mlp predict weight  [256]
mlp_predict layer  1
regs  [0.007]
using xavier initialization
mlp_predict_weight_size_list  [256, 256]

 ########################################################################### pair_dimension is  256
SMGCN(
  (weights): ParameterDict(
      (user_embedding): Parameter containing: [torch.cuda.FloatTensor of size 360x64 (GPU 0)]
      (item_embedding): Parameter containing: [torch.cuda.FloatTensor of size 753x64 (GPU 0)]
      (W_gc_user_0): Parameter containing: [torch.cuda.FloatTensor of size 128x128 (GPU 0)]
      (b_gc_user_0): Parameter containing: [torch.cuda.FloatTensor of size 1x128 (GPU 0)]
      (W_gc_item_0): Parameter containing: [torch.cuda.FloatTensor of size 128x128 (GPU 0)]
      (b_gc_item_0): Parameter containing: [torch.cuda.FloatTensor of size 1x128 (GPU 0)]
      (Q_user_0): Parameter containing: [torch.cuda.FloatTensor of size 64x64 (GPU 0)]
      (Q_item_0): Parameter containing: [torch.cuda.FloatTensor of size 64x64 (GPU 0)]
      (W_gc_user_1): Parameter containing: [torch.cuda.FloatTensor of size 256x256 (GPU 0)]
      (b_gc_user_1): Parameter containing: [torch.cuda.FloatTensor of size 1x256 (GPU 0)]
      (W_gc_item_1): Parameter containing: [torch.cuda.FloatTensor of size 256x256 (GPU 0)]
      (b_gc_item_1): Parameter containing: [torch.cuda.FloatTensor of size 1x256 (GPU 0)]
      (Q_user_1): Parameter containing: [torch.cuda.FloatTensor of size 128x128 (GPU 0)]
      (Q_item_1): Parameter containing: [torch.cuda.FloatTensor of size 128x128 (GPU 0)]
      (W_predict_mlp_user_0): Parameter containing: [torch.cuda.FloatTensor of size 256x256 (GPU 0)]
      (b_predict_mlp_user_0): Parameter containing: [torch.cuda.FloatTensor of size 1x256 (GPU 0)]
      (M_user): Parameter containing: [torch.cuda.FloatTensor of size 64x256 (GPU 0)]
      (M_item): Parameter containing: [torch.cuda.FloatTensor of size 64x256 (GPU 0)]
  )
)
args.pretrain	 0
/home/zhang/Projects/Yuan/SMGCN-torch-master/model/SMGCN.py:187: UserWarning: Creating a tensor from a list of numpy.ndarrays is extremely slow. Please consider converting the list to a single numpy.ndarray with numpy.array() before converting to a tensor. (Triggered internally at  ../torch/csrc/utils/tensor_new.cpp:201.)
  i = torch.tensor([coo.row, coo.col], dtype=torch.long).to(args.device)
Epoch 0 [3.4s]: train==[2155674.26619=2155613.26074 + 0.29428 + 0.00000 + 0.00000]
Epoch 1 [3.4s]: train==[138744.34066=138681.73486 + 0.34947 + 0.00000 + 0.00000]
Epoch 2 [3.4s]: train==[59478.63425=59414.98022 + 0.37675 + 0.00000 + 0.00000]
Epoch 3 [3.4s]: train==[38801.57350=38737.34277 + 0.39179 + 0.00000 + 0.00000]
Epoch 4 [3.4s]: train==[27787.75024=27723.10449 + 0.40391 + 0.00000 + 0.00000]
Epoch 5 [3.4s]: train==[21639.01387=21574.03455 + 0.41432 + 0.00000 + 0.00000]
Epoch 6 [3.5s]: train==[17177.12470=17111.87323 + 0.42305 + 0.00000 + 0.00000]
Epoch 7 [3.4s]: train==[14152.37457=14086.90112 + 0.43154 + 0.00000 + 0.00000]
Epoch 8 [3.4s]: train==[12491.94138=12426.29062 + 0.43825 + 0.00000 + 0.00000]
drop_flag:  True ,	 mess_dropout:  [0.0, 0.0]
rate_batch  torch.Size([1162, 753])
gt_count  8427
candidate_count  874986
ideal candidate count  874986
Epoch 9 [3.4s + 5.6s]: train==[11274.26212=11208.46490 + 0.44475 + 0.00000 + 0.00000]
 recall=[0.00630, 0.01953], precision=[0.00706, 0.00478], F1=[0.00564, 0.00680], RMRR=[0.00239, 0.00368]
Epoch 10 [3.4s]: train==[10259.57142=10193.65549 + 0.45015 + 0.00000 + 0.00000]
Epoch 11 [3.4s]: train==[9599.64129=9533.62744 + 0.45524 + 0.00000 + 0.00000]
Epoch 12 [3.4s]: train==[9096.08299=9029.98975 + 0.45972 + 0.00000 + 0.00000]
Epoch 13 [3.4s]: train==[8678.93097=8612.77170 + 0.46383 + 0.00000 + 0.00000]
Epoch 14 [3.4s]: train==[8578.92748=8512.71375 + 0.46761 + 0.00000 + 0.00000]
Epoch 15 [3.5s]: train==[8186.44212=8120.18481 + 0.47121 + 0.00000 + 0.00000]
Epoch 16 [3.4s]: train==[7835.20872=7768.91806 + 0.47429 + 0.00000 + 0.00000]
Epoch 17 [3.4s]: train==[7919.22509=7852.90909 + 0.47750 + 0.00000 + 0.00000]
Epoch 18 [3.4s]: train==[7572.60839=7506.27258 + 0.48067 + 0.00000 + 0.00000]
drop_flag:  True ,	 mess_dropout:  [0.0, 0.0]
rate_batch  torch.Size([1162, 753])
gt_count  8427
candidate_count  874986
ideal candidate count  874986
Epoch 19 [3.4s + 5.6s]: train==[7795.12032=7728.77054 + 0.48328 + 0.00000 + 0.00000]
 recall=[0.00617, 0.01676], precision=[0.00585, 0.00435], F1=[0.00498, 0.00623], RMRR=[0.00203, 0.00349]
Epoch 20 [3.4s]: train==[7608.08156=7541.72296 + 0.48528 + 0.00000 + 0.00000]
Epoch 21 [3.4s]: train==[7439.38881=7373.02606 + 0.48759 + 0.00000 + 0.00000]
Epoch 22 [3.4s]: train==[7404.10358=7337.74054 + 0.48981 + 0.00000 + 0.00000]
Epoch 23 [3.4s]: train==[7469.51522=7403.15512 + 0.49190 + 0.00000 + 0.00000]
Epoch 24 [3.4s]: train==[7398.41062=7332.05618 + 0.49399 + 0.00000 + 0.00000]
Epoch 25 [3.4s]: train==[7203.72258=7137.37695 + 0.49515 + 0.00000 + 0.00000]
Epoch 26 [3.4s]: train==[7408.81723=7342.48090 + 0.49721 + 0.00000 + 0.00000]
Epoch 27 [3.4s]: train==[7084.73410=7018.40782 + 0.49836 + 0.00000 + 0.00000]
Epoch 28 [3.5s]: train==[7235.75062=7169.43451 + 0.50016 + 0.00000 + 0.00000]
drop_flag:  True ,	 mess_dropout:  [0.0, 0.0]
rate_batch  torch.Size([1162, 753])
gt_count  8427
candidate_count  874986
ideal candidate count  874986
Epoch 29 [3.4s + 5.7s]: train==[7252.45711=7186.14879 + 0.50173 + 0.00000 + 0.00000]
 recall=[0.00790, 0.01923], precision=[0.00671, 0.00503], F1=[0.00601, 0.00720], RMRR=[0.00229, 0.00373]
Epoch 30 [3.4s]: train==[7029.57163=6963.26984 + 0.50333 + 0.00000 + 0.00000]
Epoch 31 [3.4s]: train==[6907.25487=6840.95885 + 0.50470 + 0.00000 + 0.00000]
Epoch 32 [3.4s]: train==[7248.25653=7181.96552 + 0.50629 + 0.00000 + 0.00000]
Epoch 33 [3.4s]: train==[7137.16148=7070.87646 + 0.50780 + 0.00000 + 0.00000]
Epoch 34 [3.4s]: train==[6913.07991=6846.80246 + 0.50854 + 0.00000 + 0.00000]
Epoch 35 [3.4s]: train==[7034.57110=6968.30157 + 0.50972 + 0.00000 + 0.00000]
Epoch 36 [3.4s]: train==[7072.45622=7006.19788 + 0.51085 + 0.00000 + 0.00000]
Epoch 37 [3.4s]: train==[7026.83193=6960.58652 + 0.51164 + 0.00000 + 0.00000]
Epoch 38 [3.4s]: train==[6974.18252=6907.95160 + 0.51279 + 0.00000 + 0.00000]
drop_flag:  True ,	 mess_dropout:  [0.0, 0.0]
rate_batch  torch.Size([1162, 753])
gt_count  8427
candidate_count  874986
ideal candidate count  874986
Epoch 39 [3.4s + 5.7s]: train==[6941.44844=6875.23436 + 0.51309 + 0.00000 + 0.00000]
 recall=[0.00659, 0.02052], precision=[0.00654, 0.00594], F1=[0.00551, 0.00833], RMRR=[0.00181, 0.00421]
Epoch 40 [3.4s]: train==[6872.01274=6805.81659 + 0.51415 + 0.00000 + 0.00000]
Epoch 41 [3.4s]: train==[6930.26924=6864.09274 + 0.51448 + 0.00000 + 0.00000]
Epoch 42 [3.4s]: train==[6753.96294=6687.80704 + 0.51517 + 0.00000 + 0.00000]
Epoch 43 [3.4s]: train==[6818.94529=6752.81285 + 0.51460 + 0.00000 + 0.00000]
Epoch 44 [3.4s]: train==[7124.81198=7058.70312 + 0.51535 + 0.00000 + 0.00000]
Epoch 45 [3.4s]: train==[6997.44843=6931.36397 + 0.51613 + 0.00000 + 0.00000]
Epoch 46 [3.4s]: train==[6962.21255=6896.15428 + 0.51593 + 0.00000 + 0.00000]
Epoch 47 [3.4s]: train==[7166.48859=7100.45627 + 0.51643 + 0.00000 + 0.00000]
Epoch 48 [3.4s]: train==[6841.98437=6775.97897 + 0.51641 + 0.00000 + 0.00000]
drop_flag:  True ,	 mess_dropout:  [0.0, 0.0]
rate_batch  torch.Size([1162, 753])
gt_count  8427
candidate_count  874986
ideal candidate count  874986
Epoch 49 [3.4s + 5.6s]: train==[7117.36865=7051.39020 + 0.51631 + 0.00000 + 0.00000]
 recall=[0.00804, 0.02287], precision=[0.01050, 0.00714], F1=[0.00802, 0.00984], RMRR=[0.00250, 0.00443]
Epoch 50 [3.4s]: train==[7027.03102=6961.08054 + 0.51654 + 0.00000 + 0.00000]
Epoch 51 [3.4s]: train==[6915.77517=6849.85283 + 0.51632 + 0.00000 + 0.00000]
Epoch 52 [3.4s]: train==[7049.77784=6983.88272 + 0.51680 + 0.00000 + 0.00000]
Epoch 53 [3.4s]: train==[6893.25767=6827.38992 + 0.51656 + 0.00000 + 0.00000]
Epoch 54 [3.4s]: train==[6946.37103=6880.53055 + 0.51689 + 0.00000 + 0.00000]
Epoch 55 [3.4s]: train==[7022.41367=6956.60078 + 0.51627 + 0.00000 + 0.00000]
Epoch 56 [3.4s]: train==[6975.80915=6910.02257 + 0.51684 + 0.00000 + 0.00000]
Epoch 57 [3.4s]: train==[6984.09015=6918.33022 + 0.51695 + 0.00000 + 0.00000]
Epoch 58 [3.4s]: train==[7156.84136=7091.10942 + 0.51659 + 0.00000 + 0.00000]
drop_flag:  True ,	 mess_dropout:  [0.0, 0.0]
rate_batch  torch.Size([1162, 753])
gt_count  8427
candidate_count  874986
ideal candidate count  874986
Epoch 59 [3.4s + 5.6s]: train==[6952.18716=6886.48314 + 0.51614 + 0.00000 + 0.00000]
 recall=[0.00795, 0.02500], precision=[0.01136, 0.00775], F1=[0.00852, 0.01071], RMRR=[0.00289, 0.00531]
Epoch 60 [3.4s]: train==[6837.31132=6771.63440 + 0.51606 + 0.00000 + 0.00000]
Epoch 61 [3.4s]: train==[6756.09529=6690.44577 + 0.51606 + 0.00000 + 0.00000]
Epoch 62 [3.4s]: train==[6759.01136=6693.39030 + 0.51547 + 0.00000 + 0.00000]
Epoch 63 [3.4s]: train==[6980.63475=6915.04080 + 0.51598 + 0.00000 + 0.00000]
Epoch 64 [3.4s]: train==[6829.44314=6763.87679 + 0.51558 + 0.00000 + 0.00000]
Epoch 65 [3.4s]: train==[6860.22289=6794.68481 + 0.51522 + 0.00000 + 0.00000]
Epoch 66 [3.4s]: train==[7002.04314=6936.53311 + 0.51499 + 0.00000 + 0.00000]
Epoch 67 [3.4s]: train==[6917.84464=6852.36340 + 0.51454 + 0.00000 + 0.00000]
Epoch 68 [3.4s]: train==[6819.91090=6754.45778 + 0.51414 + 0.00000 + 0.00000]
drop_flag:  True ,	 mess_dropout:  [0.0, 0.0]
rate_batch  torch.Size([1162, 753])
gt_count  8427
candidate_count  874986
ideal candidate count  874986
Epoch 69 [3.4s + 5.6s]: train==[6738.78598=6673.36070 + 0.51381 + 0.00000 + 0.00000]
 recall=[0.01040, 0.02825], precision=[0.01480, 0.00951], F1=[0.01118, 0.01290], RMRR=[0.00380, 0.00666]
Epoch 70 [3.4s]: train==[6675.07330=6609.67529 + 0.51391 + 0.00000 + 0.00000]
Epoch 71 [3.4s]: train==[6768.14628=6702.77573 + 0.51340 + 0.00000 + 0.00000]
Epoch 72 [3.7s]: train==[6835.09539=6769.75421 + 0.51246 + 0.00000 + 0.00000]
Epoch 73 [3.6s]: train==[6885.19713=6819.88507 + 0.51185 + 0.00000 + 0.00000]
Epoch 74 [3.5s]: train==[7035.64926=6970.36691 + 0.51130 + 0.00000 + 0.00000]
Epoch 75 [3.5s]: train==[6726.16492=6660.91223 + 0.51095 + 0.00000 + 0.00000]
Epoch 76 [3.5s]: train==[6776.82464=6711.60110 + 0.51009 + 0.00000 + 0.00000]
Epoch 77 [3.5s]: train==[6951.78751=6886.59431 + 0.50937 + 0.00000 + 0.00000]
Epoch 78 [3.5s]: train==[7141.56872=7076.40314 + 0.50891 + 0.00000 + 0.00000]
drop_flag:  True ,	 mess_dropout:  [0.0, 0.0]
rate_batch  torch.Size([1162, 753])
gt_count  8427
candidate_count  874986
ideal candidate count  874986
Epoch 79 [3.5s + 5.8s]: train==[6928.94843=6863.80717 + 0.50865 + 0.00000 + 0.00000]
 recall=[0.01238, 0.04239], precision=[0.02151, 0.01506], F1=[0.01478, 0.02036], RMRR=[0.00374, 0.00780]
Epoch 80 [3.5s]: train==[6717.29789=6652.18407 + 0.50760 + 0.00000 + 0.00000]
Epoch 81 [3.5s]: train==[6818.10158=6753.01616 + 0.50746 + 0.00000 + 0.00000]
Epoch 82 [3.5s]: train==[6806.26418=6741.20535 + 0.50672 + 0.00000 + 0.00000]
Epoch 83 [3.6s]: train==[6875.78822=6810.75980 + 0.50616 + 0.00000 + 0.00000]
Epoch 84 [3.5s]: train==[6839.87996=6774.88733 + 0.50476 + 0.00000 + 0.00000]
Epoch 85 [3.6s]: train==[6859.23787=6794.27974 + 0.50326 + 0.00000 + 0.00000]
Epoch 86 [3.5s]: train==[6869.55864=6804.62642 + 0.50299 + 0.00000 + 0.00000]
Epoch 87 [3.5s]: train==[6936.81386=6871.90492 + 0.50183 + 0.00000 + 0.00000]
Epoch 88 [3.6s]: train==[6832.54254=6767.65843 + 0.50178 + 0.00000 + 0.00000]
drop_flag:  True ,	 mess_dropout:  [0.0, 0.0]
rate_batch  torch.Size([1162, 753])
gt_count  8427
candidate_count  874986
ideal candidate count  874986
Epoch 89 [3.6s + 5.8s]: train==[6752.54737=6687.68710 + 0.50156 + 0.00000 + 0.00000]
 recall=[0.04674, 0.10281], precision=[0.07281, 0.03950], F1=[0.05267, 0.05354], RMRR=[0.01558, 0.02745]
Epoch 90 [3.6s]: train==[6842.25487=6777.42160 + 0.50137 + 0.00000 + 0.00000]
Epoch 91 [3.6s]: train==[6967.32067=6902.51581 + 0.49992 + 0.00000 + 0.00000]
Epoch 92 [3.5s]: train==[6660.04539=6595.26770 + 0.49893 + 0.00000 + 0.00000]
Epoch 93 [3.5s]: train==[7079.41537=7014.66046 + 0.49878 + 0.00000 + 0.00000]
Epoch 94 [3.4s]: train==[6908.58912=6843.85925 + 0.49861 + 0.00000 + 0.00000]
Epoch 95 [3.4s]: train==[6547.30734=6482.60127 + 0.49769 + 0.00000 + 0.00000]
Epoch 96 [3.5s]: train==[6878.35801=6813.67528 + 0.49728 + 0.00000 + 0.00000]
Epoch 97 [3.5s]: train==[6691.57092=6626.90985 + 0.49751 + 0.00000 + 0.00000]
Epoch 98 [3.5s]: train==[6928.47374=6863.83368 + 0.49720 + 0.00000 + 0.00000]
drop_flag:  True ,	 mess_dropout:  [0.0, 0.0]
rate_batch  torch.Size([1162, 753])
gt_count  8427
candidate_count  874986
ideal candidate count  874986
Epoch 99 [3.4s + 5.7s]: train==[6741.18528=6676.56717 + 0.49716 + 0.00000 + 0.00000]
 recall=[0.06842, 0.14131], precision=[0.10034, 0.05572], F1=[0.07535, 0.07521], RMRR=[0.02628, 0.04004]
Epoch 100 [3.4s]: train==[6759.21644=6694.61760 + 0.49737 + 0.00000 + 0.00000]
Epoch 101 [3.4s]: train==[6794.30120=6729.72336 + 0.49725 + 0.00000 + 0.00000]
Epoch 102 [3.4s]: train==[6673.44615=6608.88882 + 0.49737 + 0.00000 + 0.00000]
Epoch 103 [3.4s]: train==[6828.29768=6763.76083 + 0.49761 + 0.00000 + 0.00000]
Epoch 104 [3.4s]: train==[6954.75570=6890.24033 + 0.49691 + 0.00000 + 0.00000]
Epoch 105 [3.4s]: train==[6752.47943=6687.98288 + 0.49769 + 0.00000 + 0.00000]
Epoch 106 [3.5s]: train==[6738.38871=6673.91241 + 0.49753 + 0.00000 + 0.00000]
Epoch 107 [3.5s]: train==[6936.86912=6872.41226 + 0.49782 + 0.00000 + 0.00000]
Epoch 108 [3.5s]: train==[6969.09325=6904.65656 + 0.49759 + 0.00000 + 0.00000]
drop_flag:  True ,	 mess_dropout:  [0.0, 0.0]
rate_batch  torch.Size([1162, 753])
gt_count  8427
candidate_count  874986
ideal candidate count  874986
Epoch 109 [3.5s + 5.7s]: train==[6674.71954=6610.30267 + 0.49837 + 0.00000 + 0.00000]
 recall=[0.05510, 0.14957], precision=[0.08485, 0.05912], F1=[0.06194, 0.07983], RMRR=[0.02001, 0.03791]
Epoch 110 [3.5s]: train==[6874.81655=6810.41782 + 0.49839 + 0.00000 + 0.00000]
Epoch 111 [3.5s]: train==[6965.72957=6901.34863 + 0.49928 + 0.00000 + 0.00000]
Epoch 112 [3.5s]: train==[6682.31280=6617.95108 + 0.49947 + 0.00000 + 0.00000]
Epoch 113 [3.4s]: train==[6760.34109=6695.99954 + 0.49931 + 0.00000 + 0.00000]
Epoch 114 [3.4s]: train==[6816.40244=6752.08035 + 0.49980 + 0.00000 + 0.00000]
Epoch 115 [3.4s]: train==[6669.32935=6605.02464 + 0.50095 + 0.00000 + 0.00000]
Epoch 116 [3.4s]: train==[6800.32560=6736.03575 + 0.50229 + 0.00000 + 0.00000]
Epoch 117 [3.4s]: train==[6638.61705=6574.34088 + 0.50376 + 0.00000 + 0.00000]
Epoch 118 [3.4s]: train==[7027.18450=6962.92313 + 0.50463 + 0.00000 + 0.00000]
drop_flag:  True ,	 mess_dropout:  [0.0, 0.0]
rate_batch  torch.Size([1162, 753])
gt_count  8427
candidate_count  874986
ideal candidate count  874986
Epoch 119 [3.5s + 5.7s]: train==[6811.83776=6747.59044 + 0.50586 + 0.00000 + 0.00000]
 recall=[0.05874, 0.18947], precision=[0.08657, 0.07130], F1=[0.06414, 0.09662], RMRR=[0.02295, 0.04531]
Epoch 120 [3.5s]: train==[6601.57930=6537.34338 + 0.50749 + 0.00000 + 0.00000]
Epoch 121 [3.5s]: train==[6921.83677=6857.61826 + 0.50801 + 0.00000 + 0.00000]
Epoch 122 [3.4s]: train==[6999.74208=6935.54128 + 0.50862 + 0.00000 + 0.00000]
Epoch 123 [3.4s]: train==[6872.32932=6808.14386 + 0.50945 + 0.00000 + 0.00000]
Epoch 124 [3.5s]: train==[6892.89580=6828.72571 + 0.50983 + 0.00000 + 0.00000]
Epoch 125 [3.5s]: train==[6839.58504=6775.43051 + 0.51070 + 0.00000 + 0.00000]
Epoch 126 [3.4s]: train==[6711.27327=6647.13513 + 0.51066 + 0.00000 + 0.00000]
Epoch 127 [3.4s]: train==[6952.49891=6888.37720 + 0.51140 + 0.00000 + 0.00000]
Epoch 128 [3.4s]: train==[6986.04653=6921.94287 + 0.51121 + 0.00000 + 0.00000]
drop_flag:  True ,	 mess_dropout:  [0.0, 0.0]
rate_batch  torch.Size([1162, 753])
gt_count  8427
candidate_count  874986
ideal candidate count  874986
Epoch 129 [3.5s + 5.7s]: train==[6995.47199=6931.38538 + 0.51155 + 0.00000 + 0.00000]
 recall=[0.10961, 0.26825], precision=[0.15026, 0.09819], F1=[0.11530, 0.13440], RMRR=[0.04518, 0.07247]
Epoch 130 [3.4s]: train==[6796.31733=6732.24748 + 0.51168 + 0.00000 + 0.00000]
Epoch 131 [3.4s]: train==[6814.25772=6750.20323 + 0.51237 + 0.00000 + 0.00000]
Epoch 132 [3.4s]: train==[6595.69766=6531.65964 + 0.51306 + 0.00000 + 0.00000]
Epoch 133 [3.4s]: train==[6777.07576=6713.05429 + 0.51333 + 0.00000 + 0.00000]
Epoch 134 [3.4s]: train==[7050.70931=6986.70380 + 0.51372 + 0.00000 + 0.00000]
Epoch 135 [3.4s]: train==[6790.79633=6726.80524 + 0.51466 + 0.00000 + 0.00000]
Epoch 136 [3.4s]: train==[6840.52687=6776.39996 + 0.53731 + 0.00000 + 0.00000]
Epoch 137 [3.4s]: train==[6931.90950=6867.55737 + 0.56660 + 0.00000 + 0.00000]
Epoch 138 [3.4s]: train==[6820.28691=6755.92776 + 0.56910 + 0.00000 + 0.00000]
drop_flag:  True ,	 mess_dropout:  [0.0, 0.0]
rate_batch  torch.Size([1162, 753])
gt_count  8427
candidate_count  874986
ideal candidate count  874986
Epoch 139 [3.4s + 5.6s]: train==[6966.20830=6901.87537 + 0.56864 + 0.00000 + 0.00000]
 recall=[0.00640, 0.02394], precision=[0.00723, 0.00658], F1=[0.00623, 0.00913], RMRR=[0.00280, 0.00522]
Epoch 140 [3.4s]: train==[6836.53238=6772.22910 + 0.56709 + 0.00000 + 0.00000]
Epoch 141 [3.4s]: train==[7027.74579=6963.47079 + 0.56646 + 0.00000 + 0.00000]
Epoch 142 [3.4s]: train==[7020.99948=6956.75323 + 0.56517 + 0.00000 + 0.00000]
Epoch 143 [3.4s]: train==[7046.69200=6982.47356 + 0.56464 + 0.00000 + 0.00000]
Epoch 144 [3.4s]: train==[6831.14060=6766.95062 + 0.56325 + 0.00000 + 0.00000]
Epoch 145 [3.4s]: train==[6824.19206=6760.02936 + 0.56275 + 0.00000 + 0.00000]
Epoch 146 [3.4s]: train==[7007.75984=6943.62509 + 0.56142 + 0.00000 + 0.00000]
Epoch 147 [3.4s]: train==[6915.26519=6851.15826 + 0.56042 + 0.00000 + 0.00000]
Epoch 148 [3.4s]: train==[6895.40971=6831.33220 + 0.55867 + 0.00000 + 0.00000]
drop_flag:  True ,	 mess_dropout:  [0.0, 0.0]
rate_batch  torch.Size([1162, 753])
gt_count  8427
candidate_count  874986
ideal candidate count  874986
Epoch 149 [3.4s + 5.6s]: train==[7024.31911=6960.27048 + 0.55772 + 0.00000 + 0.00000]
 recall=[0.01071, 0.02982], precision=[0.01239, 0.00873], F1=[0.01007, 0.01211], RMRR=[0.00423, 0.00631]
Epoch 150 [3.4s]: train==[6656.75976=6592.74080 + 0.55633 + 0.00000 + 0.00000]
Epoch 151 [3.4s]: train==[6738.68950=6674.70189 + 0.55418 + 0.00000 + 0.00000]
Epoch 152 [3.4s]: train==[7020.33833=6956.38200 + 0.55262 + 0.00000 + 0.00000]
Epoch 153 [3.5s]: train==[6928.58597=6864.65967 + 0.55159 + 0.00000 + 0.00000]
Epoch 154 [3.4s]: train==[7015.76449=6951.86966 + 0.54937 + 0.00000 + 0.00000]
Epoch 155 [3.4s]: train==[7038.55861=6974.69539 + 0.54784 + 0.00000 + 0.00000]
Epoch 156 [3.4s]: train==[6987.05275=6923.22449 + 0.54542 + 0.00000 + 0.00000]
Epoch 157 [3.4s]: train==[6968.46560=6904.67203 + 0.54315 + 0.00000 + 0.00000]
Epoch 158 [3.4s]: train==[7048.48401=6984.72348 + 0.54106 + 0.00000 + 0.00000]
drop_flag:  True ,	 mess_dropout:  [0.0, 0.0]
rate_batch  torch.Size([1162, 753])
gt_count  8427
candidate_count  874986
ideal candidate count  874986
Epoch 159 [3.4s + 5.7s]: train==[7196.61921=7132.89636 + 0.53772 + 0.00000 + 0.00000]
 recall=[0.02587, 0.07626], precision=[0.03580, 0.02724], F1=[0.02637, 0.03649], RMRR=[0.01389, 0.02220]
Epoch 160 [3.4s]: train==[6838.68672=6775.00366 + 0.53406 + 0.00000 + 0.00000]
Epoch 161 [3.4s]: train==[6684.59728=6620.95251 + 0.53005 + 0.00000 + 0.00000]
Epoch 162 [3.4s]: train==[6875.22139=6811.60246 + 0.52794 + 0.00000 + 0.00000]
Epoch 163 [3.5s]: train==[6782.46244=6718.85733 + 0.52732 + 0.00000 + 0.00000]
Epoch 164 [3.4s]: train==[7017.82674=6954.23352 + 0.52666 + 0.00000 + 0.00000]
Epoch 165 [3.4s]: train==[6804.31698=6740.74063 + 0.52609 + 0.00000 + 0.00000]
Epoch 166 [3.4s]: train==[6800.09822=6736.54230 + 0.52419 + 0.00000 + 0.00000]
Epoch 167 [3.4s]: train==[6992.75943=6929.21912 + 0.52529 + 0.00000 + 0.00000]
Epoch 168 [3.4s]: train==[6865.38057=6801.85909 + 0.52565 + 0.00000 + 0.00000]
drop_flag:  True ,	 mess_dropout:  [0.0, 0.0]
rate_batch  torch.Size([1162, 753])
gt_count  8427
candidate_count  874986
ideal candidate count  874986
Epoch 169 [3.4s + 5.7s]: train==[6731.34707=6667.84235 + 0.52660 + 0.00000 + 0.00000]
 recall=[0.11577, 0.28181], precision=[0.15645, 0.10361], F1=[0.12081, 0.14176], RMRR=[0.04985, 0.07770]
Epoch 170 [3.4s]: train==[6918.34430=6854.85474 + 0.52750 + 0.00000 + 0.00000]
Epoch 171 [3.4s]: train==[6898.38982=6834.91643 + 0.52776 + 0.00000 + 0.00000]
Epoch 172 [3.4s]: train==[6923.35028=6859.88588 + 0.52980 + 0.00000 + 0.00000]
Epoch 173 [3.5s]: train==[6651.10884=6587.66190 + 0.53034 + 0.00000 + 0.00000]
Epoch 174 [3.4s]: train==[6910.27726=6846.84731 + 0.53030 + 0.00000 + 0.00000]
Epoch 175 [3.5s]: train==[6629.68341=6566.26613 + 0.53144 + 0.00000 + 0.00000]
Epoch 176 [3.4s]: train==[6923.30361=6859.89587 + 0.53297 + 0.00000 + 0.00000]
Epoch 177 [3.4s]: train==[6819.74055=6756.34192 + 0.53526 + 0.00000 + 0.00000]
Epoch 178 [3.4s]: train==[6802.98907=6739.60950 + 0.53490 + 0.00000 + 0.00000]
drop_flag:  True ,	 mess_dropout:  [0.0, 0.0]
rate_batch  torch.Size([1162, 753])
gt_count  8427
candidate_count  874986
ideal candidate count  874986
Epoch 179 [3.5s + 5.7s]: train==[6658.85387=6595.48839 + 0.53543 + 0.00000 + 0.00000]
 recall=[0.16642, 0.35931], precision=[0.22341, 0.12930], F1=[0.17488, 0.17849], RMRR=[0.08377, 0.11766]
Epoch 180 [3.5s]: train==[6948.30917=6884.95682 + 0.53621 + 0.00000 + 0.00000]
Epoch 181 [3.5s]: train==[6706.44653=6643.10780 + 0.53687 + 0.00000 + 0.00000]
Epoch 182 [3.4s]: train==[6988.83647=6925.51178 + 0.53772 + 0.00000 + 0.00000]
Epoch 183 [3.5s]: train==[6713.92040=6650.60915 + 0.53870 + 0.00000 + 0.00000]
Epoch 184 [3.4s]: train==[7145.17500=7081.87769 + 0.53913 + 0.00000 + 0.00000]
Epoch 185 [3.5s]: train==[6810.78485=6747.49669 + 0.54163 + 0.00000 + 0.00000]
Epoch 186 [3.5s]: train==[6962.70031=6899.42624 + 0.54283 + 0.00000 + 0.00000]
Epoch 187 [3.4s]: train==[6910.86837=6847.61160 + 0.54378 + 0.00000 + 0.00000]
Epoch 188 [3.5s]: train==[6883.11188=6819.87015 + 0.54378 + 0.00000 + 0.00000]
drop_flag:  True ,	 mess_dropout:  [0.0, 0.0]
rate_batch  torch.Size([1162, 753])
gt_count  8427
candidate_count  874986
ideal candidate count  874986
Epoch 189 [3.5s + 5.7s]: train==[6954.88499=6891.65771 + 0.54385 + 0.00000 + 0.00000]
 recall=[0.17032, 0.38129], precision=[0.23546, 0.13602], F1=[0.18287, 0.18800], RMRR=[0.08521, 0.11928]
Epoch 190 [3.5s]: train==[6950.87709=6887.66479 + 0.54392 + 0.00000 + 0.00000]
Epoch 191 [3.5s]: train==[6867.12250=6803.92377 + 0.54492 + 0.00000 + 0.00000]
Epoch 192 [3.5s]: train==[6833.89608=6770.71143 + 0.54531 + 0.00000 + 0.00000]
Epoch 193 [3.4s]: train==[6737.93306=6674.76224 + 0.54599 + 0.00000 + 0.00000]
Epoch 194 [3.4s]: train==[6752.16052=6689.00385 + 0.54665 + 0.00000 + 0.00000]
Epoch 195 [3.4s]: train==[7043.23751=6980.09441 + 0.54775 + 0.00000 + 0.00000]
Epoch 196 [3.4s]: train==[6626.08483=6562.95616 + 0.54823 + 0.00000 + 0.00000]
Epoch 197 [3.4s]: train==[6846.01656=6782.90234 + 0.54870 + 0.00000 + 0.00000]
Epoch 198 [3.4s]: train==[6901.46956=6838.36963 + 0.54981 + 0.00000 + 0.00000]
drop_flag:  True ,	 mess_dropout:  [0.0, 0.0]
rate_batch  torch.Size([1162, 753])
gt_count  8427
candidate_count  874986
ideal candidate count  874986
Epoch 199 [3.4s + 5.7s]: train==[6637.70437=6574.61922 + 0.55044 + 0.00000 + 0.00000]
 recall=[0.17920, 0.39083], precision=[0.24785, 0.14053], F1=[0.19330, 0.19404], RMRR=[0.09000, 0.12598]
Epoch 200 [3.4s]: train==[6764.64543=6701.57451 + 0.55088 + 0.00000 + 0.00000]
Epoch 201 [3.5s]: train==[6760.45220=6697.39575 + 0.55171 + 0.00000 + 0.00000]
Epoch 202 [3.5s]: train==[6622.32235=6559.28033 + 0.55207 + 0.00000 + 0.00000]
Epoch 203 [3.5s]: train==[6731.72684=6668.69859 + 0.55342 + 0.00000 + 0.00000]
Epoch 204 [3.5s]: train==[6641.76801=6578.75504 + 0.55313 + 0.00000 + 0.00000]
Epoch 205 [3.5s]: train==[6683.97817=6620.97984 + 0.55372 + 0.00000 + 0.00000]
Epoch 206 [3.5s]: train==[6791.06594=6728.08179 + 0.55496 + 0.00000 + 0.00000]
Epoch 207 [3.5s]: train==[6752.78851=6689.81888 + 0.55541 + 0.00000 + 0.00000]
Epoch 208 [3.5s]: train==[6538.16060=6475.20503 + 0.55613 + 0.00000 + 0.00000]
drop_flag:  True ,	 mess_dropout:  [0.0, 0.0]
rate_batch  torch.Size([1162, 753])
gt_count  8427
candidate_count  874986
ideal candidate count  874986
Epoch 209 [3.6s + 5.8s]: train==[6966.05113=6903.10960 + 0.55688 + 0.00000 + 0.00000]
 recall=[0.18251, 0.39769], precision=[0.25267, 0.14359], F1=[0.19681, 0.19815], RMRR=[0.09142, 0.12834]
Epoch 210 [3.5s]: train==[6978.14539=6915.21881 + 0.55752 + 0.00000 + 0.00000]
Epoch 211 [3.5s]: train==[6671.96968=6609.05792 + 0.55808 + 0.00000 + 0.00000]
Epoch 212 [3.5s]: train==[6820.65498=6757.75723 + 0.55923 + 0.00000 + 0.00000]
Epoch 213 [3.5s]: train==[6842.07678=6779.19371 + 0.55989 + 0.00000 + 0.00000]
Epoch 214 [3.5s]: train==[6928.60705=6865.73860 + 0.56061 + 0.00000 + 0.00000]
Epoch 215 [3.5s]: train==[7022.69069=6959.83627 + 0.56151 + 0.00000 + 0.00000]
Epoch 216 [3.5s]: train==[6877.00148=6814.16225 + 0.56230 + 0.00000 + 0.00000]
Epoch 217 [3.5s]: train==[6819.01750=6756.19286 + 0.56318 + 0.00000 + 0.00000]
Epoch 218 [3.5s]: train==[6846.01464=6783.20496 + 0.56380 + 0.00000 + 0.00000]
drop_flag:  True ,	 mess_dropout:  [0.0, 0.0]
rate_batch  torch.Size([1162, 753])
gt_count  8427
candidate_count  874986
ideal candidate count  874986
Epoch 219 [3.5s + 5.7s]: train==[6526.89691=6464.10132 + 0.56455 + 0.00000 + 0.00000]
 recall=[0.18297, 0.40632], precision=[0.25422, 0.14552], F1=[0.19775, 0.20125], RMRR=[0.09186, 0.12975]
Epoch 220 [3.5s]: train==[6791.26837=6728.48807 + 0.56446 + 0.00000 + 0.00000]
Epoch 221 [3.5s]: train==[6706.40481=6643.63890 + 0.56551 + 0.00000 + 0.00000]
Epoch 222 [3.5s]: train==[6843.46645=6780.71530 + 0.56629 + 0.00000 + 0.00000]
Epoch 223 [3.5s]: train==[6704.11669=6641.38052 + 0.56695 + 0.00000 + 0.00000]
Epoch 224 [3.5s]: train==[6966.06147=6903.34030 + 0.56737 + 0.00000 + 0.00000]
Epoch 225 [3.5s]: train==[6977.55767=6914.85107 + 0.56804 + 0.00000 + 0.00000]
Epoch 226 [3.4s]: train==[6770.06466=6707.37244 + 0.56929 + 0.00000 + 0.00000]
Epoch 227 [3.5s]: train==[6731.73660=6669.05836 + 0.57090 + 0.00000 + 0.00000]
Epoch 228 [3.4s]: train==[6787.21741=6724.55380 + 0.57182 + 0.00000 + 0.00000]
drop_flag:  True ,	 mess_dropout:  [0.0, 0.0]
rate_batch  torch.Size([1162, 753])
gt_count  8427
candidate_count  874986
ideal candidate count  874986
Epoch 229 [3.5s + 5.7s]: train==[6743.96282=6681.31375 + 0.57294 + 0.00000 + 0.00000]
 recall=[0.18522, 0.40952], precision=[0.25628, 0.14720], F1=[0.19964, 0.20358], RMRR=[0.09370, 0.13264]
Epoch 230 [3.5s]: train==[6806.67885=6744.04416 + 0.57342 + 0.00000 + 0.00000]
Epoch 231 [3.5s]: train==[6846.67855=6784.05898 + 0.57406 + 0.00000 + 0.00000]
Epoch 232 [3.4s]: train==[6836.85874=6774.25421 + 0.57487 + 0.00000 + 0.00000]
Epoch 233 [3.5s]: train==[6732.66901=6670.07935 + 0.57574 + 0.00000 + 0.00000]
Epoch 234 [3.5s]: train==[6600.78072=6538.20572 + 0.57673 + 0.00000 + 0.00000]
Epoch 235 [3.5s]: train==[6776.59368=6714.03375 + 0.57713 + 0.00000 + 0.00000]
Epoch 236 [3.5s]: train==[6679.79985=6617.25500 + 0.57803 + 0.00000 + 0.00000]
Epoch 237 [3.4s]: train==[6902.29806=6839.76768 + 0.57879 + 0.00000 + 0.00000]
Epoch 238 [3.5s]: train==[6635.66192=6573.14648 + 0.57950 + 0.00000 + 0.00000]
drop_flag:  True ,	 mess_dropout:  [0.0, 0.0]
rate_batch  torch.Size([1162, 753])
gt_count  8427
candidate_count  874986
ideal candidate count  874986
Epoch 239 [3.5s + 5.7s]: train==[6917.10417=6854.60384 + 0.58002 + 0.00000 + 0.00000]
 recall=[0.18759, 0.41593], precision=[0.25886, 0.14948], F1=[0.20184, 0.20666], RMRR=[0.09189, 0.13292]
Epoch 240 [3.4s]: train==[6788.18645=6725.70117 + 0.58057 + 0.00000 + 0.00000]
Epoch 241 [3.4s]: train==[6820.48339=6758.01262 + 0.58194 + 0.00000 + 0.00000]
Epoch 242 [3.5s]: train==[6842.79936=6780.34323 + 0.58252 + 0.00000 + 0.00000]
Epoch 243 [3.5s]: train==[6773.09611=6710.65440 + 0.58356 + 0.00000 + 0.00000]
Epoch 244 [3.5s]: train==[6892.98717=6830.56076 + 0.58432 + 0.00000 + 0.00000]
Epoch 245 [3.5s]: train==[6678.58606=6616.17410 + 0.58537 + 0.00000 + 0.00000]
Epoch 246 [3.4s]: train==[6780.20325=6717.80582 + 0.58661 + 0.00000 + 0.00000]
Epoch 247 [3.5s]: train==[6714.43425=6652.05109 + 0.58753 + 0.00000 + 0.00000]
Epoch 248 [3.4s]: train==[6702.04215=6639.67142 + 0.58866 + 0.00000 + 0.00000]
drop_flag:  True ,	 mess_dropout:  [0.0, 0.0]
rate_batch  torch.Size([1162, 753])
gt_count  8427
candidate_count  874986
ideal candidate count  874986
Epoch 249 [3.5s + 5.7s]: train==[6972.82783=6910.44415 + 0.59679 + 0.00000 + 0.00000]
 recall=[0.15605, 0.33755], precision=[0.21807, 0.12194], F1=[0.16831, 0.16810], RMRR=[0.07984, 0.10896]
Epoch 250 [3.7s]: train==[6929.14921=6866.80737 + 0.59219 + 0.00000 + 0.00000]
Epoch 251 [3.6s]: train==[6633.51253=6571.18526 + 0.59376 + 0.00000 + 0.00000]
Epoch 252 [3.5s]: train==[6757.33008=6695.01862 + 0.59424 + 0.00000 + 0.00000]
Epoch 253 [3.5s]: train==[6989.96529=6927.66885 + 0.59494 + 0.00000 + 0.00000]
Epoch 254 [3.5s]: train==[6913.78414=6851.50325 + 0.59523 + 0.00000 + 0.00000]
Epoch 255 [3.5s]: train==[6930.81693=6868.55023 + 0.59662 + 0.00000 + 0.00000]
Epoch 256 [3.6s]: train==[6604.72622=6542.47520 + 0.59684 + 0.00000 + 0.00000]
Epoch 257 [3.5s]: train==[6812.80863=6750.57204 + 0.59784 + 0.00000 + 0.00000]
Epoch 258 [3.5s]: train==[6868.44603=6806.22389 + 0.59860 + 0.00000 + 0.00000]
drop_flag:  True ,	 mess_dropout:  [0.0, 0.0]
rate_batch  torch.Size([1162, 753])
gt_count  8427
candidate_count  874986
ideal candidate count  874986
Epoch 259 [3.5s + 5.8s]: train==[6797.94925=6735.74236 + 0.59903 + 0.00000 + 0.00000]
 recall=[0.18949, 0.41985], precision=[0.26213, 0.15138], F1=[0.20419, 0.20932], RMRR=[0.09246, 0.13319]
Epoch 260 [3.5s]: train==[6623.34357=6561.15140 + 0.60007 + 0.00000 + 0.00000]
Epoch 261 [3.5s]: train==[6843.62554=6781.44910 + 0.60011 + 0.00000 + 0.00000]
Epoch 262 [3.5s]: train==[6840.33361=6778.17191 + 0.60109 + 0.00000 + 0.00000]
Epoch 263 [3.5s]: train==[6739.21615=6677.06989 + 0.60179 + 0.00000 + 0.00000]
Epoch 264 [3.5s]: train==[6687.67183=6625.54102 + 0.60241 + 0.00000 + 0.00000]
Epoch 265 [3.5s]: train==[6582.18057=6520.06516 + 0.60298 + 0.00000 + 0.00000]
Epoch 266 [3.5s]: train==[6910.76367=6848.66277 + 0.60397 + 0.00000 + 0.00000]
Epoch 267 [3.5s]: train==[6972.58032=6910.49515 + 0.60424 + 0.00000 + 0.00000]
Epoch 268 [3.5s]: train==[6791.83205=6729.76219 + 0.60534 + 0.00000 + 0.00000]
drop_flag:  True ,	 mess_dropout:  [0.0, 0.0]
rate_batch  torch.Size([1162, 753])
gt_count  8427
candidate_count  874986
ideal candidate count  874986
Epoch 269 [3.5s + 5.7s]: train==[6769.55391=6707.49966 + 0.60551 + 0.00000 + 0.00000]
 recall=[0.18912, 0.42503], precision=[0.26162, 0.15280], F1=[0.20357, 0.21132], RMRR=[0.09181, 0.13319]
Epoch 270 [3.5s]: train==[6875.50071=6813.46213 + 0.60613 + 0.00000 + 0.00000]
Epoch 271 [3.5s]: train==[6940.62871=6878.60561 + 0.60672 + 0.00000 + 0.00000]
Epoch 272 [3.5s]: train==[6865.09580=6803.08716 + 0.60809 + 0.00000 + 0.00000]
Epoch 273 [3.4s]: train==[6938.98304=6876.98965 + 0.60877 + 0.00000 + 0.00000]
Epoch 274 [3.4s]: train==[6997.09951=6935.12111 + 0.60935 + 0.00000 + 0.00000]
Epoch 275 [3.4s]: train==[6855.43450=6793.47108 + 0.60993 + 0.00000 + 0.00000]
Epoch 276 [3.4s]: train==[6843.99685=6782.04855 + 0.61033 + 0.00000 + 0.00000]
Epoch 277 [3.5s]: train==[6660.60902=6598.67697 + 0.61085 + 0.00000 + 0.00000]
Epoch 278 [3.5s]: train==[6806.03432=6744.11768 + 0.61154 + 0.00000 + 0.00000]
drop_flag:  True ,	 mess_dropout:  [0.0, 0.0]
rate_batch  torch.Size([1162, 753])
gt_count  8427
candidate_count  874986
ideal candidate count  874986
Epoch 279 [3.5s + 5.7s]: train==[6820.87167=6758.96947 + 0.61254 + 0.00000 + 0.00000]
 recall=[0.19627, 0.42686], precision=[0.27005, 0.15327], F1=[0.21066, 0.21193], RMRR=[0.09496, 0.13523]
Epoch 280 [3.5s]: train==[6798.95038=6737.06317 + 0.61260 + 0.00000 + 0.00000]
Epoch 281 [3.5s]: train==[6768.59267=6706.72032 + 0.61345 + 0.00000 + 0.00000]
Epoch 282 [3.6s]: train==[6957.45314=6895.59608 + 0.61411 + 0.00000 + 0.00000]
Epoch 283 [3.5s]: train==[6808.31285=6746.47171 + 0.61406 + 0.00000 + 0.00000]
Epoch 284 [3.5s]: train==[6609.43201=6547.60538 + 0.61508 + 0.00000 + 0.00000]
Epoch 285 [3.5s]: train==[6802.80229=6740.99059 + 0.61606 + 0.00000 + 0.00000]
Epoch 286 [3.5s]: train==[7103.59067=7041.79420 + 0.61684 + 0.00000 + 0.00000]
Epoch 287 [3.5s]: train==[6930.16581=6868.38519 + 0.61704 + 0.00000 + 0.00000]
Epoch 288 [3.5s]: train==[6825.08770=6763.32144 + 0.61808 + 0.00000 + 0.00000]
drop_flag:  True ,	 mess_dropout:  [0.0, 0.0]
rate_batch  torch.Size([1162, 753])
gt_count  8427
candidate_count  874986
ideal candidate count  874986
Epoch 289 [3.5s + 5.7s]: train==[7061.50764=6999.75482 + 0.61919 + 0.00000 + 0.00000]
 recall=[0.19758, 0.43225], precision=[0.27263, 0.15469], F1=[0.21230, 0.21408], RMRR=[0.09363, 0.13634]
Epoch 290 [3.5s]: train==[6879.17783=6817.44038 + 0.61964 + 0.00000 + 0.00000]
Epoch 291 [3.5s]: train==[6800.02317=6738.29971 + 0.62097 + 0.00000 + 0.00000]
Epoch 292 [3.5s]: train==[6937.51539=6875.80777 + 0.62106 + 0.00000 + 0.00000]
Epoch 293 [3.6s]: train==[6838.07864=6776.38661 + 0.62167 + 0.00000 + 0.00000]
Epoch 294 [3.5s]: train==[6812.76077=6751.08331 + 0.62243 + 0.00000 + 0.00000]
Epoch 295 [3.6s]: train==[7008.49193=6946.82889 + 0.62327 + 0.00000 + 0.00000]
Epoch 296 [3.5s]: train==[6885.06176=6823.41328 + 0.62448 + 0.00000 + 0.00000]
Epoch 297 [3.5s]: train==[6733.16612=6671.53275 + 0.62521 + 0.00000 + 0.00000]
Epoch 298 [3.5s]: train==[6667.08468=6605.46640 + 0.62580 + 0.00000 + 0.00000]
drop_flag:  True ,	 mess_dropout:  [0.0, 0.0]
rate_batch  torch.Size([1162, 753])
gt_count  8427
candidate_count  874986
ideal candidate count  874986
Epoch 299 [3.5s + 5.8s]: train==[6965.41311=6903.81003 + 0.62647 + 0.00000 + 0.00000]
 recall=[0.20008, 0.43542], precision=[0.27728, 0.15684], F1=[0.21556, 0.21684], RMRR=[0.09608, 0.13733]
Epoch 300 [3.6s]: train==[6893.27613=6831.68819 + 0.62736 + 0.00000 + 0.00000]
Epoch 301 [3.5s]: train==[6685.66324=6624.09099 + 0.62788 + 0.00000 + 0.00000]
Epoch 302 [3.5s]: train==[6592.50084=6530.94292 + 0.62887 + 0.00000 + 0.00000]
Epoch 303 [3.5s]: train==[6609.64320=6548.09978 + 0.62956 + 0.00000 + 0.00000]
Epoch 304 [3.5s]: train==[6769.50204=6707.97266 + 0.63035 + 0.00000 + 0.00000]
Epoch 305 [3.5s]: train==[6772.14132=6710.62643 + 0.63098 + 0.00000 + 0.00000]
Epoch 306 [3.5s]: train==[6768.44146=6706.94196 + 0.63165 + 0.00000 + 0.00000]
Epoch 307 [3.5s]: train==[6844.41373=6782.92787 + 0.63267 + 0.00000 + 0.00000]
Epoch 308 [3.5s]: train==[6763.53098=6702.06009 + 0.63296 + 0.00000 + 0.00000]
drop_flag:  True ,	 mess_dropout:  [0.0, 0.0]
rate_batch  torch.Size([1162, 753])
gt_count  8427
candidate_count  874986
ideal candidate count  874986
Epoch 309 [3.5s + 5.8s]: train==[6721.69576=6660.23985 + 0.63399 + 0.00000 + 0.00000]
 recall=[0.20134, 0.43432], precision=[0.27935, 0.15624], F1=[0.21721, 0.21602], RMRR=[0.09930, 0.13966]
Epoch 310 [3.5s]: train==[6656.75954=6595.31764 + 0.63473 + 0.00000 + 0.00000]
Epoch 311 [3.5s]: train==[6709.22305=6647.79486 + 0.63550 + 0.00000 + 0.00000]
Epoch 312 [3.6s]: train==[7067.75750=7006.34372 + 0.63622 + 0.00000 + 0.00000]
Epoch 313 [3.6s]: train==[6725.36917=6663.96974 + 0.63675 + 0.00000 + 0.00000]
Epoch 314 [3.5s]: train==[7011.62914=6950.24429 + 0.63767 + 0.00000 + 0.00000]
Epoch 315 [3.5s]: train==[6670.41743=6609.04703 + 0.63822 + 0.00000 + 0.00000]
Epoch 316 [3.6s]: train==[6609.77736=6548.42175 + 0.63883 + 0.00000 + 0.00000]
Epoch 317 [3.6s]: train==[6834.84332=6773.50223 + 0.63967 + 0.00000 + 0.00000]
Epoch 318 [3.5s]: train==[6585.71638=6524.39035 + 0.64016 + 0.00000 + 0.00000]
drop_flag:  True ,	 mess_dropout:  [0.0, 0.0]
rate_batch  torch.Size([1162, 753])
gt_count  8427
candidate_count  874986
ideal candidate count  874986
Epoch 319 [3.5s + 5.8s]: train==[6882.36616=6821.05545 + 0.64091 + 0.00000 + 0.00000]
 recall=[0.20316, 0.43870], precision=[0.28107, 0.15719], F1=[0.21832, 0.21758], RMRR=[0.09837, 0.14028]
Epoch 320 [3.5s]: train==[6735.25980=6673.96324 + 0.64156 + 0.00000 + 0.00000]
Epoch 321 [3.5s]: train==[6808.40357=6747.12103 + 0.64281 + 0.00000 + 0.00000]
Epoch 322 [3.4s]: train==[6619.61025=6558.34163 + 0.64384 + 0.00000 + 0.00000]
Epoch 323 [3.4s]: train==[6930.28142=6869.02803 + 0.64489 + 0.00000 + 0.00000]
Epoch 324 [3.5s]: train==[6589.44988=6528.20975 + 0.64619 + 0.00000 + 0.00000]
Epoch 325 [3.5s]: train==[6771.15496=6709.92868 + 0.64651 + 0.00000 + 0.00000]
Epoch 326 [3.5s]: train==[6791.83616=6730.62379 + 0.64726 + 0.00000 + 0.00000]
Epoch 327 [3.5s]: train==[6578.71716=6517.51834 + 0.64794 + 0.00000 + 0.00000]
Epoch 328 [3.5s]: train==[6794.51402=6733.32951 + 0.64853 + 0.00000 + 0.00000]
drop_flag:  True ,	 mess_dropout:  [0.0, 0.0]
rate_batch  torch.Size([1162, 753])
gt_count  8427
candidate_count  874986
ideal candidate count  874986
Epoch 329 [3.4s + 5.7s]: train==[6762.90853=6701.73708 + 0.64971 + 0.00000 + 0.00000]
 recall=[0.20384, 0.43790], precision=[0.28330, 0.15766], F1=[0.21996, 0.21802], RMRR=[0.09976, 0.14126]
Epoch 330 [3.5s]: train==[6450.82784=6389.67084 + 0.64961 + 0.00000 + 0.00000]
Epoch 331 [3.5s]: train==[6876.91348=6815.76865 + 0.65083 + 0.00000 + 0.00000]
Epoch 332 [3.5s]: train==[6890.58241=6829.45059 + 0.65143 + 0.00000 + 0.00000]
Epoch 333 [3.5s]: train==[6809.91431=6748.79533 + 0.65242 + 0.00000 + 0.00000]
Epoch 334 [3.5s]: train==[6798.94321=6737.83951 + 0.65280 + 0.00000 + 0.00000]
Epoch 335 [3.5s]: train==[6489.13831=6428.04749 + 0.65364 + 0.00000 + 0.00000]
Epoch 336 [3.6s]: train==[6870.98551=6809.90840 + 0.65406 + 0.00000 + 0.00000]
Epoch 337 [3.6s]: train==[6905.96972=6844.90584 + 0.65500 + 0.00000 + 0.00000]
Epoch 338 [3.6s]: train==[6858.39044=6797.34012 + 0.65538 + 0.00000 + 0.00000]
drop_flag:  True ,	 mess_dropout:  [0.0, 0.0]
rate_batch  torch.Size([1162, 753])
gt_count  8427
candidate_count  874986
ideal candidate count  874986
Epoch 339 [3.5s + 5.8s]: train==[6754.15201=6693.11458 + 0.65604 + 0.00000 + 0.00000]
 recall=[0.20551, 0.44797], precision=[0.28417, 0.16020], F1=[0.22094, 0.22169], RMRR=[0.09896, 0.14101]
Epoch 340 [3.5s]: train==[6641.92115=6580.89767 + 0.65697 + 0.00000 + 0.00000]
Epoch 341 [3.5s]: train==[6860.54081=6799.53009 + 0.65778 + 0.00000 + 0.00000]
Epoch 342 [3.5s]: train==[6925.67336=6864.67651 + 0.65816 + 0.00000 + 0.00000]
Epoch 343 [3.4s]: train==[6933.61628=6872.63074 + 0.65922 + 0.00000 + 0.00000]
Epoch 344 [3.5s]: train==[6690.32929=6629.35693 + 0.65988 + 0.00000 + 0.00000]
Epoch 345 [3.5s]: train==[6946.95734=6885.99945 + 0.66065 + 0.00000 + 0.00000]
Epoch 346 [3.5s]: train==[6731.87993=6670.93587 + 0.66104 + 0.00000 + 0.00000]
Epoch 347 [3.4s]: train==[6847.65446=6786.72333 + 0.66181 + 0.00000 + 0.00000]
Epoch 348 [3.4s]: train==[6684.34048=6623.42361 + 0.66268 + 0.00000 + 0.00000]
drop_flag:  True ,	 mess_dropout:  [0.0, 0.0]
rate_batch  torch.Size([1162, 753])
gt_count  8427
candidate_count  874986
ideal candidate count  874986
Epoch 349 [3.4s + 5.7s]: train==[6714.12578=6653.22107 + 0.66299 + 0.00000 + 0.00000]
 recall=[0.20518, 0.44746], precision=[0.28657, 0.16054], F1=[0.22156, 0.22193], RMRR=[0.09942, 0.14260]
Epoch 350 [3.5s]: train==[6713.51745=6652.62555 + 0.66405 + 0.00000 + 0.00000]
Epoch 351 [3.5s]: train==[6866.84714=6805.96771 + 0.66496 + 0.00000 + 0.00000]
Epoch 352 [3.4s]: train==[6997.22481=6936.35767 + 0.66580 + 0.00000 + 0.00000]
Epoch 353 [3.4s]: train==[6610.13653=6549.28195 + 0.66651 + 0.00000 + 0.00000]
Epoch 354 [3.5s]: train==[6869.82645=6808.98439 + 0.66690 + 0.00000 + 0.00000]
Epoch 355 [3.5s]: train==[6907.22723=6846.39636 + 0.66782 + 0.00000 + 0.00000]
Epoch 356 [3.5s]: train==[6813.56979=6752.75085 + 0.66866 + 0.00000 + 0.00000]
Epoch 357 [3.4s]: train==[6792.44991=6731.64413 + 0.66936 + 0.00000 + 0.00000]
Epoch 358 [3.5s]: train==[6786.48725=6725.69415 + 0.66961 + 0.00000 + 0.00000]
drop_flag:  True ,	 mess_dropout:  [0.0, 0.0]
rate_batch  torch.Size([1162, 753])
gt_count  8427
candidate_count  874986
ideal candidate count  874986
Epoch 359 [3.5s + 5.7s]: train==[6811.07352=6750.29221 + 0.67085 + 0.00000 + 0.00000]
 recall=[0.20575, 0.44962], precision=[0.28623, 0.16114], F1=[0.22231, 0.22296], RMRR=[0.09883, 0.14125]
Epoch 360 [3.4s]: train==[7014.26280=6953.49289 + 0.67157 + 0.00000 + 0.00000]
Epoch 361 [3.4s]: train==[6853.38596=6792.62955 + 0.67189 + 0.00000 + 0.00000]
Epoch 362 [3.4s]: train==[7077.35399=7016.60849 + 0.67269 + 0.00000 + 0.00000]
Epoch 363 [3.4s]: train==[6699.07997=6638.34567 + 0.67356 + 0.00000 + 0.00000]
Epoch 364 [3.5s]: train==[6597.16198=6536.44025 + 0.67435 + 0.00000 + 0.00000]
Epoch 365 [3.5s]: train==[6685.09304=6624.38393 + 0.67424 + 0.00000 + 0.00000]
Epoch 366 [3.5s]: train==[6552.13837=6491.44044 + 0.67532 + 0.00000 + 0.00000]
Epoch 367 [3.4s]: train==[6684.13380=6623.44702 + 0.67632 + 0.00000 + 0.00000]
Epoch 368 [3.5s]: train==[6713.92263=6653.24890 + 0.67689 + 0.00000 + 0.00000]
drop_flag:  True ,	 mess_dropout:  [0.0, 0.0]
rate_batch  torch.Size([1162, 753])
gt_count  8427
candidate_count  874986
ideal candidate count  874986
Epoch 369 [3.4s + 5.7s]: train==[6711.42075=6650.75923 + 0.67731 + 0.00000 + 0.00000]
 recall=[0.20697, 0.45199], precision=[0.28726, 0.16205], F1=[0.22308, 0.22410], RMRR=[0.10058, 0.14305]
Epoch 370 [3.5s]: train==[6625.21472=6564.56471 + 0.67781 + 0.00000 + 0.00000]
Epoch 371 [3.4s]: train==[6783.32866=6722.68974 + 0.67855 + 0.00000 + 0.00000]
Epoch 372 [3.4s]: train==[6638.28227=6577.65617 + 0.67895 + 0.00000 + 0.00000]
Epoch 373 [3.4s]: train==[6826.53623=6765.92117 + 0.68002 + 0.00000 + 0.00000]
Epoch 374 [3.4s]: train==[6667.80735=6607.20370 + 0.68104 + 0.00000 + 0.00000]
Epoch 375 [3.4s]: train==[6720.53939=6659.94745 + 0.68153 + 0.00000 + 0.00000]
Epoch 376 [3.4s]: train==[6767.71213=6707.12962 + 0.68291 + 0.00000 + 0.00000]
Epoch 377 [3.4s]: train==[6731.24689=6670.67578 + 0.68368 + 0.00000 + 0.00000]
Epoch 378 [3.4s]: train==[6697.80148=6637.24203 + 0.68418 + 0.00000 + 0.00000]
drop_flag:  True ,	 mess_dropout:  [0.0, 0.0]
rate_batch  torch.Size([1162, 753])
gt_count  8427
candidate_count  874986
ideal candidate count  874986
Epoch 379 [3.5s + 5.7s]: train==[6751.01967=6690.47125 + 0.68522 + 0.00000 + 0.00000]
 recall=[0.20897, 0.45389], precision=[0.28916, 0.16218], F1=[0.22500, 0.22441], RMRR=[0.10039, 0.14313]
Epoch 380 [3.4s]: train==[6604.41011=6543.87177 + 0.68653 + 0.00000 + 0.00000]
Epoch 381 [3.5s]: train==[6786.81115=6726.28577 + 0.68616 + 0.00000 + 0.00000]
Epoch 382 [3.5s]: train==[6897.18407=6836.67014 + 0.68781 + 0.00000 + 0.00000]
Epoch 383 [3.5s]: train==[6788.12669=6727.62540 + 0.68843 + 0.00000 + 0.00000]
Epoch 384 [3.5s]: train==[6949.60795=6889.11807 + 0.68930 + 0.00000 + 0.00000]
Epoch 385 [3.5s]: train==[6767.85353=6707.37338 + 0.69079 + 0.00000 + 0.00000]
Epoch 386 [3.5s]: train==[6793.17129=6732.70065 + 0.69191 + 0.00000 + 0.00000]
Epoch 387 [3.4s]: train==[6937.75455=6877.29506 + 0.69234 + 0.00000 + 0.00000]
Epoch 388 [3.4s]: train==[6789.80740=6729.35757 + 0.69368 + 0.00000 + 0.00000]
drop_flag:  True ,	 mess_dropout:  [0.0, 0.0]
rate_batch  torch.Size([1162, 753])
gt_count  8427
candidate_count  874986
ideal candidate count  874986
Epoch 389 [3.4s + 5.7s]: train==[6873.87554=6813.43582 + 0.69452 + 0.00000 + 0.00000]
 recall=[0.21042, 0.45987], precision=[0.29036, 0.16403], F1=[0.22621, 0.22704], RMRR=[0.10162, 0.14513]
Epoch 390 [3.4s]: train==[6868.08793=6807.65886 + 0.69516 + 0.00000 + 0.00000]
Epoch 391 [3.4s]: train==[6980.35843=6919.93813 + 0.69651 + 0.00000 + 0.00000]
Epoch 392 [3.4s]: train==[6915.76609=6855.35559 + 0.69709 + 0.00000 + 0.00000]
Epoch 393 [3.4s]: train==[6715.45311=6655.05231 + 0.69825 + 0.00000 + 0.00000]
Epoch 394 [3.4s]: train==[6815.68386=6755.29276 + 0.69932 + 0.00000 + 0.00000]
Epoch 395 [3.4s]: train==[6781.16208=6720.78102 + 0.70007 + 0.00000 + 0.00000]
Epoch 396 [3.5s]: train==[6792.43249=6732.06128 + 0.70067 + 0.00000 + 0.00000]
Epoch 397 [3.5s]: train==[6710.58850=6650.22810 + 0.70145 + 0.00000 + 0.00000]
Epoch 398 [3.5s]: train==[6720.92241=6660.57101 + 0.70281 + 0.00000 + 0.00000]
drop_flag:  True ,	 mess_dropout:  [0.0, 0.0]
rate_batch  torch.Size([1162, 753])
gt_count  8427
candidate_count  874986
ideal candidate count  874986
Epoch 399 [3.4s + 5.7s]: train==[6558.56213=6498.21994 + 0.70359 + 0.00000 + 0.00000]
 recall=[0.21093, 0.45525], precision=[0.29122, 0.16403], F1=[0.22663, 0.22672], RMRR=[0.10213, 0.14569]
Epoch 400 [3.5s]: train==[6820.72319=6760.39124 + 0.70409 + 0.00000 + 0.00000]
Epoch 401 [3.4s]: train==[6882.44216=6822.11813 + 0.70563 + 0.00000 + 0.00000]
Epoch 402 [3.4s]: train==[6948.49853=6888.18324 + 0.70697 + 0.00000 + 0.00000]
Epoch 403 [3.5s]: train==[6770.87210=6710.56596 + 0.70770 + 0.00000 + 0.00000]
Epoch 404 [3.5s]: train==[6777.01884=6716.72185 + 0.70872 + 0.00000 + 0.00000]
Epoch 405 [3.4s]: train==[6848.94291=6788.65698 + 0.70939 + 0.00000 + 0.00000]
Epoch 406 [3.4s]: train==[6759.18317=6698.90640 + 0.71032 + 0.00000 + 0.00000]
Epoch 407 [3.4s]: train==[6639.22992=6578.96234 + 0.71091 + 0.00000 + 0.00000]
Epoch 408 [3.4s]: train==[6850.49229=6790.23389 + 0.71117 + 0.00000 + 0.00000]
drop_flag:  True ,	 mess_dropout:  [0.0, 0.0]
rate_batch  torch.Size([1162, 753])
gt_count  8427
candidate_count  874986
ideal candidate count  874986
Epoch 409 [3.5s + 5.7s]: train==[6631.50974=6571.25949 + 0.71215 + 0.00000 + 0.00000]
 recall=[0.21250, 0.45889], precision=[0.29243, 0.16459], F1=[0.22762, 0.22756], RMRR=[0.10377, 0.14640]
Epoch 410 [3.4s]: train==[6745.18413=6684.94225 + 0.71334 + 0.00000 + 0.00000]
Epoch 411 [3.4s]: train==[6725.62341=6665.39108 + 0.71415 + 0.00000 + 0.00000]
Epoch 412 [3.5s]: train==[6539.89295=6479.66924 + 0.71465 + 0.00000 + 0.00000]
Epoch 413 [3.5s]: train==[6777.98433=6717.76746 + 0.71589 + 0.00000 + 0.00000]
Epoch 414 [3.4s]: train==[6948.58700=6888.37881 + 0.71691 + 0.00000 + 0.00000]
Epoch 415 [3.5s]: train==[6751.79144=6691.59245 + 0.71761 + 0.00000 + 0.00000]
Epoch 416 [3.5s]: train==[6617.00687=6556.81483 + 0.71923 + 0.00000 + 0.00000]
Epoch 417 [3.5s]: train==[6816.48038=6756.29852 + 0.71906 + 0.00000 + 0.00000]
Epoch 418 [3.4s]: train==[6720.97620=6660.80348 + 0.71974 + 0.00000 + 0.00000]
drop_flag:  True ,	 mess_dropout:  [0.0, 0.0]
rate_batch  torch.Size([1162, 753])
gt_count  8427
candidate_count  874986
ideal candidate count  874986
Epoch 419 [3.5s + 5.7s]: train==[6826.96510=6766.80038 + 0.72084 + 0.00000 + 0.00000]
 recall=[0.21244, 0.46039], precision=[0.29260, 0.16450], F1=[0.22796, 0.22762], RMRR=[0.10261, 0.14548]
Epoch 420 [3.4s]: train==[6777.39313=6717.23622 + 0.72205 + 0.00000 + 0.00000]
Epoch 421 [3.5s]: train==[6841.12406=6780.97360 + 0.72313 + 0.00000 + 0.00000]
Epoch 422 [3.5s]: train==[6773.21344=6713.07098 + 0.72391 + 0.00000 + 0.00000]
Epoch 423 [3.5s]: train==[6675.63767=6615.50401 + 0.72507 + 0.00000 + 0.00000]
Epoch 424 [3.5s]: train==[6658.83284=6598.70558 + 0.72702 + 0.00000 + 0.00000]
Epoch 425 [3.5s]: train==[6545.15870=6485.03979 + 0.72780 + 0.00000 + 0.00000]
Epoch 426 [3.5s]: train==[6801.16666=6741.05637 + 0.72865 + 0.00000 + 0.00000]
Epoch 427 [3.4s]: train==[6692.92840=6632.82626 + 0.72957 + 0.00000 + 0.00000]
Epoch 428 [3.4s]: train==[6733.27587=6673.18021 + 0.73085 + 0.00000 + 0.00000]
drop_flag:  True ,	 mess_dropout:  [0.0, 0.0]
rate_batch  torch.Size([1162, 753])
gt_count  8427
candidate_count  874986
ideal candidate count  874986
Epoch 429 [3.4s + 5.7s]: train==[6591.27244=6531.18402 + 0.73136 + 0.00000 + 0.00000]
 recall=[0.21487, 0.46130], precision=[0.29466, 0.16545], F1=[0.22992, 0.22877], RMRR=[0.10314, 0.14649]
Epoch 430 [3.4s]: train==[6605.33495=6545.25487 + 0.73176 + 0.00000 + 0.00000]
Epoch 431 [3.5s]: train==[6634.43526=6574.36273 + 0.73273 + 0.00000 + 0.00000]
Epoch 432 [3.5s]: train==[6584.67291=6524.60626 + 0.73444 + 0.00000 + 0.00000]
Epoch 433 [3.4s]: train==[6598.68644=6538.62439 + 0.73621 + 0.00000 + 0.00000]
Epoch 434 [3.5s]: train==[6443.20721=6383.15179 + 0.73642 + 0.00000 + 0.00000]
Epoch 435 [3.5s]: train==[6686.56318=6626.51520 + 0.73715 + 0.00000 + 0.00000]
Epoch 436 [3.5s]: train==[6477.76696=6417.72322 + 0.73871 + 0.00000 + 0.00000]
Epoch 437 [3.5s]: train==[6741.92589=6681.88908 + 0.73991 + 0.00000 + 0.00000]
Epoch 438 [3.5s]: train==[6783.59095=6723.56079 + 0.74082 + 0.00000 + 0.00000]
drop_flag:  True ,	 mess_dropout:  [0.0, 0.0]
rate_batch  torch.Size([1162, 753])
gt_count  8427
candidate_count  874986
ideal candidate count  874986
Epoch 439 [3.4s + 5.7s]: train==[6682.12003=6622.09862 + 0.74097 + 0.00000 + 0.00000]
 recall=[0.21582, 0.46467], precision=[0.29518, 0.16652], F1=[0.23065, 0.23019], RMRR=[0.10418, 0.14834]
Epoch 440 [3.4s]: train==[6630.14045=6570.12521 + 0.74320 + 0.00000 + 0.00000]
Epoch 441 [3.4s]: train==[6563.78084=6503.77116 + 0.74436 + 0.00000 + 0.00000]
Epoch 442 [3.4s]: train==[6607.72240=6547.71780 + 0.74612 + 0.00000 + 0.00000]
Epoch 443 [3.4s]: train==[6920.07603=6860.07866 + 0.74730 + 0.00000 + 0.00000]
Epoch 444 [3.5s]: train==[6792.15059=6732.16092 + 0.74765 + 0.00000 + 0.00000]
Epoch 445 [3.5s]: train==[6926.36409=6866.38425 + 0.74816 + 0.00000 + 0.00000]
Epoch 446 [3.5s]: train==[6876.90183=6816.92957 + 0.74933 + 0.00000 + 0.00000]
Epoch 447 [3.5s]: train==[6731.23925=6671.27281 + 0.75048 + 0.00000 + 0.00000]
Epoch 448 [3.4s]: train==[6696.32246=6636.36293 + 0.75138 + 0.00000 + 0.00000]
drop_flag:  True ,	 mess_dropout:  [0.0, 0.0]
rate_batch  torch.Size([1162, 753])
gt_count  8427
candidate_count  874986
ideal candidate count  874986
Epoch 449 [3.5s + 5.7s]: train==[6748.50049=6688.54642 + 0.75264 + 0.00000 + 0.00000]
 recall=[0.21456, 0.46467], precision=[0.29501, 0.16618], F1=[0.22997, 0.22988], RMRR=[0.10261, 0.14692]
Epoch 450 [3.5s]: train==[6832.24007=6772.29083 + 0.75377 + 0.00000 + 0.00000]
Epoch 451 [3.4s]: train==[6880.53832=6820.59393 + 0.75498 + 0.00000 + 0.00000]
Epoch 452 [3.4s]: train==[6777.82183=6717.88193 + 0.75682 + 0.00000 + 0.00000]
Epoch 453 [3.5s]: train==[6883.72224=6823.78998 + 0.75722 + 0.00000 + 0.00000]
Epoch 454 [3.5s]: train==[6827.20451=6767.27780 + 0.75838 + 0.00000 + 0.00000]
Epoch 455 [3.4s]: train==[6557.49352=6497.57230 + 0.75958 + 0.00000 + 0.00000]
Epoch 456 [3.5s]: train==[6771.21184=6711.29660 + 0.76101 + 0.00000 + 0.00000]
Epoch 457 [3.4s]: train==[6679.14535=6619.23795 + 0.76191 + 0.00000 + 0.00000]
Epoch 458 [3.5s]: train==[6919.90532=6860.00583 + 0.76280 + 0.00000 + 0.00000]
drop_flag:  True ,	 mess_dropout:  [0.0, 0.0]
rate_batch  torch.Size([1162, 753])
gt_count  8427
candidate_count  874986
ideal candidate count  874986
Epoch 459 [3.4s + 5.7s]: train==[6645.67177=6585.77669 + 0.76439 + 0.00000 + 0.00000]
 recall=[0.21552, 0.46692], precision=[0.29742, 0.16738], F1=[0.23150, 0.23142], RMRR=[0.10326, 0.14858]
Epoch 460 [3.4s]: train==[6721.52943=6661.63788 + 0.76581 + 0.00000 + 0.00000]
Epoch 461 [3.4s]: train==[6957.91504=6898.02744 + 0.76634 + 0.00000 + 0.00000]
Epoch 462 [3.4s]: train==[6775.73895=6715.85559 + 0.76835 + 0.00000 + 0.00000]
Epoch 463 [3.5s]: train==[6858.13274=6798.25482 + 0.76924 + 0.00000 + 0.00000]
Epoch 464 [3.4s]: train==[6868.12160=6808.24661 + 0.77131 + 0.00000 + 0.00000]
Epoch 465 [3.5s]: train==[6734.65567=6674.78717 + 0.77177 + 0.00000 + 0.00000]
Epoch 466 [3.4s]: train==[6781.18552=6721.32162 + 0.77262 + 0.00000 + 0.00000]
Epoch 467 [3.5s]: train==[6473.00996=6413.15089 + 0.77431 + 0.00000 + 0.00000]
Epoch 468 [3.5s]: train==[6636.73947=6576.88252 + 0.77551 + 0.00000 + 0.00000]
drop_flag:  True ,	 mess_dropout:  [0.0, 0.0]
rate_batch  torch.Size([1162, 753])
gt_count  8427
candidate_count  874986
ideal candidate count  874986
Epoch 469 [3.5s + 5.7s]: train==[6925.34737=6865.49387 + 0.77675 + 0.00000 + 0.00000]
 recall=[0.21650, 0.46566], precision=[0.29725, 0.16661], F1=[0.23182, 0.23044], RMRR=[0.10525, 0.15011]
Epoch 470 [3.4s]: train==[6723.76490=6663.91551 + 0.77852 + 0.00000 + 0.00000]
Epoch 471 [3.5s]: train==[6750.37801=6690.53543 + 0.77947 + 0.00000 + 0.00000]
Epoch 472 [3.5s]: train==[6571.00355=6511.16895 + 0.77993 + 0.00000 + 0.00000]
Epoch 473 [3.5s]: train==[6673.69591=6613.86697 + 0.78103 + 0.00000 + 0.00000]
Epoch 474 [3.4s]: train==[6744.02262=6684.19830 + 0.78212 + 0.00000 + 0.00000]
Epoch 475 [3.4s]: train==[6627.46079=6567.64149 + 0.78328 + 0.00000 + 0.00000]
Epoch 476 [3.5s]: train==[6652.90669=6593.09187 + 0.78476 + 0.00000 + 0.00000]
Epoch 477 [3.5s]: train==[6596.97999=6537.16943 + 0.78544 + 0.00000 + 0.00000]
Epoch 478 [3.5s]: train==[6936.30123=6876.49316 + 0.78767 + 0.00000 + 0.00000]
drop_flag:  True ,	 mess_dropout:  [0.0, 0.0]
rate_batch  torch.Size([1162, 753])
gt_count  8427
candidate_count  874986
ideal candidate count  874986
Epoch 479 [3.4s + 5.7s]: train==[6899.21556=6839.41132 + 0.78927 + 0.00000 + 0.00000]
 recall=[0.21426, 0.46784], precision=[0.29639, 0.16700], F1=[0.23043, 0.23115], RMRR=[0.10541, 0.15013]
Epoch 480 [3.5s]: train==[6608.10403=6548.30429 + 0.79041 + 0.00000 + 0.00000]
Epoch 481 [3.5s]: train==[6902.28926=6842.49283 + 0.79174 + 0.00000 + 0.00000]
Epoch 482 [3.5s]: train==[6866.88545=6807.09357 + 0.79233 + 0.00000 + 0.00000]
Epoch 483 [3.5s]: train==[7082.84111=7023.05246 + 0.79356 + 0.00000 + 0.00000]
Epoch 484 [3.5s]: train==[6854.43929=6794.65147 + 0.79505 + 0.00000 + 0.00000]
Epoch 485 [3.4s]: train==[7001.07164=6941.28598 + 0.79683 + 0.00000 + 0.00000]
Epoch 486 [3.4s]: train==[6617.97411=6558.19238 + 0.79766 + 0.00000 + 0.00000]
Epoch 487 [3.5s]: train==[6677.71364=6617.93451 + 0.79968 + 0.00000 + 0.00000]
Epoch 488 [3.4s]: train==[6759.23631=6699.45824 + 0.80089 + 0.00000 + 0.00000]
drop_flag:  True ,	 mess_dropout:  [0.0, 0.0]
rate_batch  torch.Size([1162, 753])
gt_count  8427
candidate_count  874986
ideal candidate count  874986
Epoch 489 [3.4s + 5.7s]: train==[7002.54077=6942.76337 + 0.80230 + 0.00000 + 0.00000]
 recall=[0.21659, 0.46996], precision=[0.29776, 0.16842], F1=[0.23197, 0.23298], RMRR=[0.10565, 0.15075]
Epoch 490 [3.4s]: train==[6767.30112=6707.52582 + 0.80397 + 0.00000 + 0.00000]
Epoch 491 [3.5s]: train==[6686.72252=6626.95226 + 0.80476 + 0.00000 + 0.00000]
Epoch 492 [3.5s]: train==[6806.52595=6746.75562 + 0.80679 + 0.00000 + 0.00000]
Epoch 493 [3.5s]: train==[6698.01674=6638.24223 + 0.80883 + 0.00000 + 0.00000]
Epoch 494 [3.4s]: train==[6766.95854=6707.18378 + 0.80965 + 0.00000 + 0.00000]
Epoch 495 [3.5s]: train==[6748.52822=6688.75731 + 0.81148 + 0.00000 + 0.00000]
Epoch 496 [3.5s]: train==[6908.19436=6848.42833 + 0.81205 + 0.00000 + 0.00000]
Epoch 497 [3.5s]: train==[6835.33855=6775.57530 + 0.81370 + 0.00000 + 0.00000]
Epoch 498 [3.5s]: train==[6701.08933=6641.32846 + 0.81480 + 0.00000 + 0.00000]
drop_flag:  True ,	 mess_dropout:  [0.0, 0.0]
rate_batch  torch.Size([1162, 753])
gt_count  8427
candidate_count  874986
ideal candidate count  874986
Epoch 499 [3.4s + 5.7s]: train==[6667.56312=6607.80244 + 0.81699 + 0.00000 + 0.00000]
 recall=[0.21347, 0.47146], precision=[0.29294, 0.16842], F1=[0.22865, 0.23301], RMRR=[0.10418, 0.14973]
Epoch 500 [3.5s]: train==[6917.46039=6857.70270 + 0.81849 + 0.00000 + 0.00000]
Epoch 501 [3.4s]: train==[6718.33592=6658.58292 + 0.82003 + 0.00000 + 0.00000]
Epoch 502 [3.4s]: train==[6562.86902=6503.12083 + 0.82115 + 0.00000 + 0.00000]
Epoch 503 [3.4s]: train==[6685.26508=6625.51619 + 0.82312 + 0.00000 + 0.00000]
Epoch 504 [3.4s]: train==[6658.46535=6598.71339 + 0.82493 + 0.00000 + 0.00000]
Epoch 505 [3.4s]: train==[6687.06096=6627.31223 + 0.82704 + 0.00000 + 0.00000]
Epoch 506 [3.4s]: train==[6888.55811=6828.81372 + 0.82805 + 0.00000 + 0.00000]
Epoch 507 [3.5s]: train==[6561.03998=6501.29807 + 0.82996 + 0.00000 + 0.00000]
Epoch 508 [3.5s]: train==[6720.35680=6660.61649 + 0.83165 + 0.00000 + 0.00000]
drop_flag:  True ,	 mess_dropout:  [0.0, 0.0]
rate_batch  torch.Size([1162, 753])
gt_count  8427
candidate_count  874986
ideal candidate count  874986
Epoch 509 [3.4s + 5.7s]: train==[6757.74851=6698.01166 + 0.83292 + 0.00000 + 0.00000]
 recall=[0.21835, 0.47475], precision=[0.29707, 0.16932], F1=[0.23244, 0.23440], RMRR=[0.10611, 0.15127]
Epoch 510 [3.4s]: train==[6692.35084=6632.61870 + 0.83333 + 0.00000 + 0.00000]
Epoch 511 [3.4s]: train==[7005.41711=6945.68541 + 0.83561 + 0.00000 + 0.00000]
Epoch 512 [3.4s]: train==[6890.70906=6830.97751 + 0.83755 + 0.00000 + 0.00000]
Epoch 513 [3.5s]: train==[6704.06346=6644.33533 + 0.83930 + 0.00000 + 0.00000]
Epoch 514 [3.5s]: train==[6694.14079=6634.41789 + 0.84013 + 0.00000 + 0.00000]
Epoch 515 [3.5s]: train==[6605.88148=6546.16393 + 0.84117 + 0.00000 + 0.00000]
Epoch 516 [3.4s]: train==[6841.47915=6781.76218 + 0.84242 + 0.00000 + 0.00000]
Epoch 517 [3.5s]: train==[6700.87042=6641.15454 + 0.84433 + 0.00000 + 0.00000]
Epoch 518 [3.5s]: train==[6880.40066=6820.68848 + 0.84584 + 0.00000 + 0.00000]
drop_flag:  True ,	 mess_dropout:  [0.0, 0.0]
rate_batch  torch.Size([1162, 753])
gt_count  8427
candidate_count  874986
ideal candidate count  874986
Epoch 519 [3.5s + 5.7s]: train==[6861.18270=6801.47604 + 0.84656 + 0.00000 + 0.00000]
 recall=[0.21817, 0.47653], precision=[0.29725, 0.16966], F1=[0.23245, 0.23504], RMRR=[0.10532, 0.15037]
Epoch 520 [3.4s]: train==[6862.70489=6803.00174 + 0.84748 + 0.00000 + 0.00000]
Epoch 521 [3.5s]: train==[6632.48857=6572.78813 + 0.84922 + 0.00000 + 0.00000]
Epoch 522 [3.4s]: train==[6681.67899=6621.98657 + 0.85013 + 0.00000 + 0.00000]
Epoch 523 [3.4s]: train==[6901.04838=6841.35881 + 0.85125 + 0.00000 + 0.00000]
Epoch 524 [3.5s]: train==[6633.07323=6573.38425 + 0.85276 + 0.00000 + 0.00000]
Epoch 525 [3.4s]: train==[6984.75337=6925.06892 + 0.85386 + 0.00000 + 0.00000]
Epoch 526 [3.4s]: train==[6672.99069=6613.30710 + 0.85553 + 0.00000 + 0.00000]
Epoch 527 [3.5s]: train==[6754.41105=6694.73093 + 0.85689 + 0.00000 + 0.00000]
Epoch 528 [3.5s]: train==[6951.06167=6891.38187 + 0.85888 + 0.00000 + 0.00000]
drop_flag:  True ,	 mess_dropout:  [0.0, 0.0]
rate_batch  torch.Size([1162, 753])
gt_count  8427
candidate_count  874986
ideal candidate count  874986
Epoch 529 [3.5s + 5.8s]: train==[6758.00770=6698.33473 + 0.85880 + 0.00000 + 0.00000]
 recall=[0.21800, 0.47848], precision=[0.29793, 0.16979], F1=[0.23270, 0.23516], RMRR=[0.10618, 0.15211]
Epoch 530 [3.5s]: train==[6607.21819=6547.54497 + 0.86140 + 0.00000 + 0.00000]
Epoch 531 [3.5s]: train==[6668.77166=6609.10019 + 0.86313 + 0.00000 + 0.00000]
Epoch 532 [3.5s]: train==[6654.80506=6595.14046 + 0.86380 + 0.00000 + 0.00000]
Epoch 533 [3.5s]: train==[6661.54895=6601.88567 + 0.86490 + 0.00000 + 0.00000]
Epoch 534 [3.5s]: train==[6747.26218=6687.59892 + 0.86680 + 0.00000 + 0.00000]
Epoch 535 [3.5s]: train==[6615.83638=6556.18210 + 0.86720 + 0.00000 + 0.00000]
Epoch 536 [3.5s]: train==[6641.47942=6581.83331 + 0.86787 + 0.00000 + 0.00000]
Epoch 537 [3.5s]: train==[6763.98844=6704.34212 + 0.86925 + 0.00000 + 0.00000]
Epoch 538 [3.5s]: train==[6572.84197=6513.20146 + 0.87046 + 0.00000 + 0.00000]
drop_flag:  True ,	 mess_dropout:  [0.0, 0.0]
rate_batch  torch.Size([1162, 753])
gt_count  8427
candidate_count  874986
ideal candidate count  874986
Epoch 539 [3.5s + 5.7s]: train==[6680.46251=6620.82935 + 0.87142 + 0.00000 + 0.00000]
 recall=[0.21895, 0.47880], precision=[0.30017, 0.17078], F1=[0.23391, 0.23639], RMRR=[0.10612, 0.15220]
Epoch 540 [3.5s]: train==[6776.68774=6717.05652 + 0.87253 + 0.00000 + 0.00000]
Epoch 541 [3.4s]: train==[6935.49528=6875.86684 + 0.87316 + 0.00000 + 0.00000]
Epoch 542 [3.5s]: train==[6684.86361=6625.23729 + 0.87501 + 0.00000 + 0.00000]
Epoch 543 [3.4s]: train==[6580.20161=6520.58257 + 0.87562 + 0.00000 + 0.00000]
Epoch 544 [3.5s]: train==[6840.30229=6780.68945 + 0.87617 + 0.00000 + 0.00000]
Epoch 545 [3.4s]: train==[6767.01387=6707.40250 + 0.87743 + 0.00000 + 0.00000]
Epoch 546 [3.4s]: train==[6559.77699=6500.16609 + 0.87940 + 0.00000 + 0.00000]
Epoch 547 [3.4s]: train==[6716.83031=6657.22548 + 0.88052 + 0.00000 + 0.00000]
Epoch 548 [3.5s]: train==[6827.74126=6768.14249 + 0.88112 + 0.00000 + 0.00000]
drop_flag:  True ,	 mess_dropout:  [0.0, 0.0]
rate_batch  torch.Size([1162, 753])
gt_count  8427
candidate_count  874986
ideal candidate count  874986
Epoch 549 [3.4s + 5.7s]: train==[6583.85323=6524.25560 + 0.88243 + 0.00000 + 0.00000]
 recall=[0.21700, 0.48180], precision=[0.29759, 0.17139], F1=[0.23195, 0.23731], RMRR=[0.10616, 0.15315]
Epoch 550 [3.5s]: train==[6761.51516=6701.92259 + 0.88425 + 0.00000 + 0.00000]
Epoch 551 [3.5s]: train==[6700.09928=6640.51135 + 0.88490 + 0.00000 + 0.00000]
Epoch 552 [3.4s]: train==[6894.46576=6834.87939 + 0.88644 + 0.00000 + 0.00000]
Epoch 553 [3.4s]: train==[6905.17586=6845.59253 + 0.88786 + 0.00000 + 0.00000]
Epoch 554 [3.5s]: train==[6755.71906=6696.14214 + 0.88806 + 0.00000 + 0.00000]
Epoch 555 [3.5s]: train==[6668.08660=6608.50653 + 0.89020 + 0.00000 + 0.00000]
Epoch 556 [3.4s]: train==[6409.51466=6349.93344 + 0.89137 + 0.00000 + 0.00000]
Epoch 557 [3.5s]: train==[6808.47099=6748.89247 + 0.89338 + 0.00000 + 0.00000]
Epoch 558 [3.5s]: train==[6863.39462=6803.81946 + 0.89435 + 0.00000 + 0.00000]
drop_flag:  True ,	 mess_dropout:  [0.0, 0.0]
rate_batch  torch.Size([1162, 753])
gt_count  8427
candidate_count  874986
ideal candidate count  874986
Epoch 559 [3.5s + 5.7s]: train==[6586.57617=6527.00877 + 0.89529 + 0.00000 + 0.00000]
 recall=[0.21946, 0.47896], precision=[0.30344, 0.17078], F1=[0.23561, 0.23636], RMRR=[0.10702, 0.15287]
Epoch 560 [3.5s]: train==[7030.00909=6970.44568 + 0.89657 + 0.00000 + 0.00000]
Epoch 561 [3.5s]: train==[6562.58262=6503.02005 + 0.89762 + 0.00000 + 0.00000]
Epoch 562 [3.4s]: train==[6830.83507=6771.27840 + 0.89868 + 0.00000 + 0.00000]
Epoch 563 [3.5s]: train==[6558.46992=6498.91048 + 0.90034 + 0.00000 + 0.00000]
Epoch 564 [3.4s]: train==[6653.19509=6593.63754 + 0.90163 + 0.00000 + 0.00000]
Epoch 565 [3.4s]: train==[6836.38715=6776.83780 + 0.90233 + 0.00000 + 0.00000]
Epoch 566 [3.5s]: train==[6774.33624=6714.79463 + 0.90325 + 0.00000 + 0.00000]
Epoch 567 [3.4s]: train==[6636.10723=6576.56183 + 0.90507 + 0.00000 + 0.00000]
Epoch 568 [3.4s]: train==[6557.76919=6498.22447 + 0.90691 + 0.00000 + 0.00000]
drop_flag:  True ,	 mess_dropout:  [0.0, 0.0]
rate_batch  torch.Size([1162, 753])
gt_count  8427
candidate_count  874986
ideal candidate count  874986
Epoch 569 [3.4s + 5.7s]: train==[6721.71183=6662.17207 + 0.90761 + 0.00000 + 0.00000]
 recall=[0.21909, 0.48098], precision=[0.30034, 0.17169], F1=[0.23415, 0.23754], RMRR=[0.10780, 0.15457]
Epoch 570 [3.4s]: train==[6574.64329=6515.10298 + 0.91012 + 0.00000 + 0.00000]
Epoch 571 [3.4s]: train==[6702.43237=6642.89343 + 0.91062 + 0.00000 + 0.00000]
Epoch 572 [3.4s]: train==[6827.84313=6768.30704 + 0.91205 + 0.00000 + 0.00000]
Epoch 573 [3.4s]: train==[6589.44690=6529.91440 + 0.91305 + 0.00000 + 0.00000]
Epoch 574 [3.5s]: train==[6805.33824=6745.80659 + 0.91451 + 0.00000 + 0.00000]
Epoch 575 [3.5s]: train==[6864.43219=6804.90366 + 0.91437 + 0.00000 + 0.00000]
Epoch 576 [3.5s]: train==[6765.21737=6705.68985 + 0.91655 + 0.00000 + 0.00000]
Epoch 577 [3.4s]: train==[6789.25997=6729.73602 + 0.91723 + 0.00000 + 0.00000]
Epoch 578 [3.5s]: train==[6936.72003=6877.19357 + 0.92040 + 0.00000 + 0.00000]
drop_flag:  True ,	 mess_dropout:  [0.0, 0.0]
rate_batch  torch.Size([1162, 753])
gt_count  8427
candidate_count  874986
ideal candidate count  874986
Epoch 579 [3.5s + 5.7s]: train==[6768.48996=6708.96539 + 0.92165 + 0.00000 + 0.00000]
 recall=[0.21992, 0.48266], precision=[0.30224, 0.17225], F1=[0.23546, 0.23854], RMRR=[0.10513, 0.15188]
Epoch 580 [3.5s]: train==[6662.77120=6603.24933 + 0.92210 + 0.00000 + 0.00000]
Epoch 581 [3.5s]: train==[6803.25858=6743.73485 + 0.92422 + 0.00000 + 0.00000]
Epoch 582 [3.5s]: train==[6761.05479=6701.53534 + 0.92554 + 0.00000 + 0.00000]
Epoch 583 [3.4s]: train==[6608.10801=6548.59674 + 0.92565 + 0.00000 + 0.00000]
Epoch 584 [3.5s]: train==[6616.58383=6557.06769 + 0.92762 + 0.00000 + 0.00000]
Epoch 585 [3.5s]: train==[6723.79192=6664.27498 + 0.92948 + 0.00000 + 0.00000]
Epoch 586 [3.5s]: train==[6879.61018=6820.09319 + 0.93067 + 0.00000 + 0.00000]
Epoch 587 [3.5s]: train==[6360.13413=6300.62398 + 0.93188 + 0.00000 + 0.00000]
Epoch 588 [3.5s]: train==[6739.36236=6679.85219 + 0.93403 + 0.00000 + 0.00000]
drop_flag:  True ,	 mess_dropout:  [0.0, 0.0]
rate_batch  torch.Size([1162, 753])
gt_count  8427
candidate_count  874986
ideal candidate count  874986
Epoch 589 [3.5s + 5.7s]: train==[6682.85640=6623.34302 + 0.93588 + 0.00000 + 0.00000]
 recall=[0.21985, 0.48320], precision=[0.30361, 0.17255], F1=[0.23612, 0.23871], RMRR=[0.10745, 0.15404]
Epoch 590 [3.4s]: train==[6784.10857=6724.59090 + 0.93851 + 0.00000 + 0.00000]
Epoch 591 [3.5s]: train==[6835.49015=6775.97647 + 0.93985 + 0.00000 + 0.00000]
Epoch 592 [3.5s]: train==[6700.51499=6641.00574 + 0.94029 + 0.00000 + 0.00000]
Epoch 593 [3.4s]: train==[6827.80862=6768.30234 + 0.94074 + 0.00000 + 0.00000]
Epoch 594 [3.5s]: train==[6761.53936=6702.03192 + 0.94147 + 0.00000 + 0.00000]
Epoch 595 [3.4s]: train==[6649.76775=6590.26112 + 0.94360 + 0.00000 + 0.00000]
Epoch 596 [3.5s]: train==[6547.79888=6488.29330 + 0.94510 + 0.00000 + 0.00000]
Epoch 597 [3.4s]: train==[6596.19642=6536.68575 + 0.94698 + 0.00000 + 0.00000]
Epoch 598 [3.5s]: train==[6611.77195=6552.27029 + 0.94774 + 0.00000 + 0.00000]
drop_flag:  True ,	 mess_dropout:  [0.0, 0.0]
rate_batch  torch.Size([1162, 753])
gt_count  8427
candidate_count  874986
ideal candidate count  874986
Epoch 599 [3.4s + 5.7s]: train==[6737.59172=6678.09048 + 0.94872 + 0.00000 + 0.00000]
 recall=[0.21995, 0.48295], precision=[0.30361, 0.17186], F1=[0.23626, 0.23796], RMRR=[0.10602, 0.15310]
Epoch 600 [3.4s]: train==[6793.09464=6733.59305 + 0.95109 + 0.00000 + 0.00000]
Epoch 601 [3.4s]: train==[6750.71660=6691.21178 + 0.95302 + 0.00000 + 0.00000]
Epoch 602 [3.4s]: train==[6732.96984=6673.46548 + 0.95461 + 0.00000 + 0.00000]
Epoch 603 [3.4s]: train==[6865.31306=6805.81335 + 0.95495 + 0.00000 + 0.00000]
Epoch 604 [3.4s]: train==[6832.78759=6773.27975 + 0.95789 + 0.00000 + 0.00000]
Epoch 605 [3.4s]: train==[6965.53160=6906.03384 + 0.95865 + 0.00000 + 0.00000]
Epoch 606 [3.4s]: train==[6783.95616=6724.46390 + 0.95876 + 0.00000 + 0.00000]
Epoch 607 [3.4s]: train==[6886.81717=6827.32617 + 0.95974 + 0.00000 + 0.00000]
Epoch 608 [3.4s]: train==[6642.53531=6583.03992 + 0.96191 + 0.00000 + 0.00000]
drop_flag:  True ,	 mess_dropout:  [0.0, 0.0]
rate_batch  torch.Size([1162, 753])
gt_count  8427
candidate_count  874986
ideal candidate count  874986
Epoch 609 [3.4s + 5.7s]: train==[6631.78341=6572.29175 + 0.96300 + 0.00000 + 0.00000]
 recall=[0.21978, 0.48623], precision=[0.30551, 0.17319], F1=[0.23734, 0.23980], RMRR=[0.10849, 0.15566]
Epoch 610 [3.5s]: train==[6724.25779=6664.76408 + 0.96521 + 0.00000 + 0.00000]
Epoch 611 [3.4s]: train==[7022.90313=6963.40826 + 0.96759 + 0.00000 + 0.00000]
Epoch 612 [3.4s]: train==[6812.64663=6753.14830 + 0.97006 + 0.00000 + 0.00000]
Epoch 613 [3.4s]: train==[6511.11893=6451.62317 + 0.97010 + 0.00000 + 0.00000]
Epoch 614 [3.4s]: train==[6783.22417=6723.73282 + 0.97107 + 0.00000 + 0.00000]
Epoch 615 [3.4s]: train==[6543.29118=6483.80431 + 0.97190 + 0.00000 + 0.00000]
Epoch 616 [3.4s]: train==[6624.66054=6565.16451 + 0.97484 + 0.00000 + 0.00000]
Epoch 617 [3.4s]: train==[6892.11002=6832.61690 + 0.97702 + 0.00000 + 0.00000]
Epoch 618 [3.4s]: train==[6762.11431=6702.62163 + 0.97746 + 0.00000 + 0.00000]
drop_flag:  True ,	 mess_dropout:  [0.0, 0.0]
rate_batch  torch.Size([1162, 753])
gt_count  8427
candidate_count  874986
ideal candidate count  874986
Epoch 619 [3.4s + 5.7s]: train==[6617.89395=6558.40326 + 0.97873 + 0.00000 + 0.00000]
 recall=[0.22316, 0.48899], precision=[0.30912, 0.17427], F1=[0.24017, 0.24117], RMRR=[0.10744, 0.15363]
Epoch 620 [3.4s]: train==[6604.46185=6544.97249 + 0.97989 + 0.00000 + 0.00000]
Epoch 621 [3.4s]: train==[6608.62092=6549.13620 + 0.98037 + 0.00000 + 0.00000]
Epoch 622 [3.5s]: train==[6731.94412=6672.45526 + 0.98269 + 0.00000 + 0.00000]
Epoch 623 [3.5s]: train==[6859.11090=6799.63187 + 0.98223 + 0.00000 + 0.00000]
Epoch 624 [3.5s]: train==[6927.73593=6868.24635 + 0.98411 + 0.00000 + 0.00000]
Epoch 625 [3.4s]: train==[6857.44225=6797.95851 + 0.98469 + 0.00000 + 0.00000]
Epoch 626 [3.4s]: train==[6778.17639=6718.69473 + 0.98616 + 0.00000 + 0.00000]
Epoch 627 [3.4s]: train==[6502.66625=6443.18190 + 0.98861 + 0.00000 + 0.00000]
Epoch 628 [3.4s]: train==[6496.73744=6437.25420 + 0.99008 + 0.00000 + 0.00000]
drop_flag:  True ,	 mess_dropout:  [0.0, 0.0]
rate_batch  torch.Size([1162, 753])
gt_count  8427
candidate_count  874986
ideal candidate count  874986
Epoch 629 [3.4s + 5.7s]: train==[6637.96347=6578.48335 + 0.99023 + 0.00000 + 0.00000]
 recall=[0.22089, 0.48851], precision=[0.30637, 0.17405], F1=[0.23801, 0.24085], RMRR=[0.10675, 0.15463]
Epoch 630 [3.4s]: train==[6523.31535=6463.83142 + 0.99199 + 0.00000 + 0.00000]
Epoch 631 [3.4s]: train==[6743.38618=6683.90375 + 0.99357 + 0.00000 + 0.00000]
Epoch 632 [3.4s]: train==[6590.34558=6530.86584 + 0.99497 + 0.00000 + 0.00000]
Epoch 633 [3.4s]: train==[6586.97117=6527.48434 + 0.99821 + 0.00000 + 0.00000]
Epoch 634 [3.4s]: train==[6802.86299=6743.37958 + 0.99882 + 0.00000 + 0.00000]
Epoch 635 [3.4s]: train==[6638.15786=6578.67120 + 1.00121 + 0.00000 + 0.00000]
Epoch 636 [3.4s]: train==[6705.68972=6646.20789 + 1.00094 + 0.00000 + 0.00000]
Epoch 637 [3.4s]: train==[6651.26119=6591.78279 + 1.00182 + 0.00000 + 0.00000]
Epoch 638 [3.5s]: train==[6604.84073=6545.36467 + 1.00193 + 0.00000 + 0.00000]
drop_flag:  True ,	 mess_dropout:  [0.0, 0.0]
rate_batch  torch.Size([1162, 753])
gt_count  8427
candidate_count  874986
ideal candidate count  874986
Epoch 639 [3.4s + 5.7s]: train==[6476.12521=6416.64948 + 1.00373 + 0.00000 + 0.00000]
 recall=[0.22279, 0.49052], precision=[0.30723, 0.17461], F1=[0.23927, 0.24173], RMRR=[0.10851, 0.15494]
Epoch 640 [3.4s]: train==[6705.68872=6646.21234 + 1.00536 + 0.00000 + 0.00000]
Epoch 641 [3.4s]: train==[6570.50185=6511.02344 + 1.00728 + 0.00000 + 0.00000]
Epoch 642 [3.4s]: train==[6597.76557=6538.29323 + 1.00757 + 0.00000 + 0.00000]
Epoch 643 [3.4s]: train==[6583.38736=6523.91278 + 1.00894 + 0.00000 + 0.00000]
Epoch 644 [3.4s]: train==[6741.24315=6681.77315 + 1.00950 + 0.00000 + 0.00000]
Epoch 645 [3.4s]: train==[6611.47986=6552.01413 + 1.00973 + 0.00000 + 0.00000]
Epoch 646 [3.4s]: train==[6494.77640=6435.31126 + 1.01052 + 0.00000 + 0.00000]
Epoch 647 [3.4s]: train==[6438.15827=6378.69028 + 1.01308 + 0.00000 + 0.00000]
Epoch 648 [3.4s]: train==[6607.13548=6547.66762 + 1.01496 + 0.00000 + 0.00000]
drop_flag:  True ,	 mess_dropout:  [0.0, 0.0]
rate_batch  torch.Size([1162, 753])
gt_count  8427
candidate_count  874986
ideal candidate count  874986
Epoch 649 [3.4s + 5.7s]: train==[6598.37028=6538.90338 + 1.01619 + 0.00000 + 0.00000]
 recall=[0.22297, 0.48872], precision=[0.30878, 0.17444], F1=[0.23973, 0.24133], RMRR=[0.10978, 0.15682]
Epoch 650 [3.4s]: train==[6620.86984=6561.40257 + 1.01782 + 0.00000 + 0.00000]
Epoch 651 [3.4s]: train==[6763.47786=6704.01462 + 1.01759 + 0.00000 + 0.00000]
Epoch 652 [3.5s]: train==[6521.64000=6462.17343 + 1.01959 + 0.00000 + 0.00000]
Epoch 653 [3.5s]: train==[6613.12698=6553.66786 + 1.01924 + 0.00000 + 0.00000]
Epoch 654 [3.5s]: train==[6766.93423=6707.47745 + 1.01968 + 0.00000 + 0.00000]
Epoch 655 [3.5s]: train==[6697.11607=6637.65131 + 1.02320 + 0.00000 + 0.00000]
Epoch 656 [3.5s]: train==[6591.05432=6531.58629 + 1.02573 + 0.00000 + 0.00000]
Epoch 657 [3.5s]: train==[6569.56984=6510.10611 + 1.02501 + 0.00000 + 0.00000]
Epoch 658 [3.4s]: train==[6572.24098=6512.78166 + 1.02685 + 0.00000 + 0.00000]
drop_flag:  True ,	 mess_dropout:  [0.0, 0.0]
rate_batch  torch.Size([1162, 753])
gt_count  8427
candidate_count  874986
ideal candidate count  874986
Epoch 659 [3.4s + 5.7s]: train==[6546.06659=6486.61079 + 1.02700 + 0.00000 + 0.00000]
 recall=[0.22453, 0.48819], precision=[0.30929, 0.17401], F1=[0.24073, 0.24084], RMRR=[0.10757, 0.15387]
Epoch 660 [3.4s]: train==[6478.64361=6419.19289 + 1.02736 + 0.00000 + 0.00000]
Epoch 661 [3.5s]: train==[6567.39584=6507.94144 + 1.02844 + 0.00000 + 0.00000]
Epoch 662 [3.5s]: train==[6785.02140=6725.56938 + 1.02945 + 0.00000 + 0.00000]
Epoch 663 [3.4s]: train==[6590.37508=6530.92174 + 1.03185 + 0.00000 + 0.00000]
Epoch 664 [3.4s]: train==[6542.65579=6483.20100 + 1.03236 + 0.00000 + 0.00000]
Epoch 665 [3.5s]: train==[6407.22747=6347.77905 + 1.03264 + 0.00000 + 0.00000]
Epoch 666 [3.4s]: train==[6905.63768=6846.18790 + 1.03514 + 0.00000 + 0.00000]
Epoch 667 [3.5s]: train==[6577.88891=6518.43921 + 1.03617 + 0.00000 + 0.00000]
Epoch 668 [3.5s]: train==[6634.98627=6575.53423 + 1.03698 + 0.00000 + 0.00000]
drop_flag:  True ,	 mess_dropout:  [0.0, 0.0]
rate_batch  torch.Size([1162, 753])
gt_count  8427
candidate_count  874986
ideal candidate count  874986
Epoch 669 [3.5s + 5.7s]: train==[6453.91225=6394.45569 + 1.03853 + 0.00000 + 0.00000]
 recall=[0.22719, 0.49193], precision=[0.31222, 0.17500], F1=[0.24322, 0.24243], RMRR=[0.10928, 0.15593]
Epoch 670 [3.4s]: train==[6831.66417=6772.20941 + 1.04083 + 0.00000 + 0.00000]
Epoch 671 [3.4s]: train==[6632.52460=6573.06741 + 1.04280 + 0.00000 + 0.00000]
Epoch 672 [3.4s]: train==[6762.40630=6702.94589 + 1.04505 + 0.00000 + 0.00000]
Epoch 673 [3.4s]: train==[6628.88870=6569.42963 + 1.04653 + 0.00000 + 0.00000]
Epoch 674 [3.4s]: train==[6680.29168=6620.83521 + 1.04808 + 0.00000 + 0.00000]
Epoch 675 [3.4s]: train==[6811.44511=6751.98831 + 1.04835 + 0.00000 + 0.00000]
Epoch 676 [3.4s]: train==[6577.40402=6517.93967 + 1.05098 + 0.00000 + 0.00000]
Epoch 677 [3.4s]: train==[6757.87952=6698.41768 + 1.05152 + 0.00000 + 0.00000]
Epoch 678 [3.4s]: train==[6721.09845=6661.64151 + 1.05175 + 0.00000 + 0.00000]
drop_flag:  True ,	 mess_dropout:  [0.0, 0.0]
rate_batch  torch.Size([1162, 753])
gt_count  8427
candidate_count  874986
ideal candidate count  874986
Epoch 679 [3.4s + 5.7s]: train==[6823.00981=6763.55539 + 1.05155 + 0.00000 + 0.00000]
 recall=[0.22583, 0.49215], precision=[0.31050, 0.17539], F1=[0.24193, 0.24277], RMRR=[0.10884, 0.15738]
Epoch 680 [3.4s]: train==[6551.43929=6491.98033 + 1.05401 + 0.00000 + 0.00000]
Epoch 681 [3.4s]: train==[6661.54286=6602.08405 + 1.05575 + 0.00000 + 0.00000]
Epoch 682 [3.4s]: train==[6637.59360=6578.13275 + 1.05733 + 0.00000 + 0.00000]
Epoch 683 [3.4s]: train==[6698.97114=6639.50809 + 1.05930 + 0.00000 + 0.00000]
Epoch 684 [3.4s]: train==[6546.54522=6487.07881 + 1.06161 + 0.00000 + 0.00000]
Epoch 685 [3.4s]: train==[6628.59318=6569.12592 + 1.06254 + 0.00000 + 0.00000]
Epoch 686 [3.4s]: train==[6568.87554=6509.40262 + 1.06547 + 0.00000 + 0.00000]
Epoch 687 [3.4s]: train==[6690.71847=6631.25256 + 1.06525 + 0.00000 + 0.00000]
Epoch 688 [3.4s]: train==[6614.67428=6555.20512 + 1.06718 + 0.00000 + 0.00000]
drop_flag:  True ,	 mess_dropout:  [0.0, 0.0]
rate_batch  torch.Size([1162, 753])
gt_count  8427
candidate_count  874986
ideal candidate count  874986
Epoch 689 [3.4s + 5.7s]: train==[6565.02466=6505.55740 + 1.06781 + 0.00000 + 0.00000]
 recall=[0.22491, 0.49501], precision=[0.31084, 0.17655], F1=[0.24172, 0.24425], RMRR=[0.11084, 0.15786]
Epoch 690 [3.4s]: train==[6472.05248=6412.58223 + 1.06981 + 0.00000 + 0.00000]
Epoch 691 [3.4s]: train==[6565.51295=6506.04373 + 1.07036 + 0.00000 + 0.00000]
Epoch 692 [3.4s]: train==[6505.24551=6445.77960 + 1.07086 + 0.00000 + 0.00000]
Epoch 693 [3.4s]: train==[6711.67552=6652.20743 + 1.07222 + 0.00000 + 0.00000]
Epoch 694 [3.4s]: train==[6961.97504=6902.50829 + 1.07298 + 0.00000 + 0.00000]
Epoch 695 [3.4s]: train==[6839.65245=6780.18465 + 1.07457 + 0.00000 + 0.00000]
Epoch 696 [3.4s]: train==[6544.53990=6485.07341 + 1.07555 + 0.00000 + 0.00000]
Epoch 697 [3.4s]: train==[6542.80389=6483.33498 + 1.07755 + 0.00000 + 0.00000]
Epoch 698 [3.4s]: train==[6769.68265=6710.21634 + 1.07792 + 0.00000 + 0.00000]
drop_flag:  True ,	 mess_dropout:  [0.0, 0.0]
rate_batch  torch.Size([1162, 753])
gt_count  8427
candidate_count  874986
ideal candidate count  874986
Epoch 699 [3.4s + 5.7s]: train==[6488.71019=6429.23863 + 1.08084 + 0.00000 + 0.00000]
 recall=[0.22585, 0.49344], precision=[0.30843, 0.17560], F1=[0.24117, 0.24309], RMRR=[0.11145, 0.15881]
Epoch 700 [3.4s]: train==[6563.56602=6504.09695 + 1.08105 + 0.00000 + 0.00000]
Epoch 701 [3.4s]: train==[6792.89820=6733.42838 + 1.08333 + 0.00000 + 0.00000]
Epoch 702 [3.4s]: train==[6566.27031=6506.79414 + 1.08513 + 0.00000 + 0.00000]
Epoch 703 [3.4s]: train==[6705.86986=6646.38989 + 1.08731 + 0.00000 + 0.00000]
Epoch 704 [3.4s]: train==[6523.59868=6464.12186 + 1.08770 + 0.00000 + 0.00000]
Epoch 705 [3.4s]: train==[6688.22288=6628.74933 + 1.08750 + 0.00000 + 0.00000]
Epoch 706 [3.4s]: train==[6485.37272=6425.89795 + 1.08862 + 0.00000 + 0.00000]
Epoch 707 [3.4s]: train==[6742.17666=6682.70210 + 1.09026 + 0.00000 + 0.00000]
Epoch 708 [3.4s]: train==[6539.18621=6479.70230 + 1.09410 + 0.00000 + 0.00000]
drop_flag:  True ,	 mess_dropout:  [0.0, 0.0]
rate_batch  torch.Size([1162, 753])
gt_count  8427
candidate_count  874986
ideal candidate count  874986
Epoch 709 [3.4s + 5.7s]: train==[6395.99127=6336.51022 + 1.09446 + 0.00000 + 0.00000]
 recall=[0.22828, 0.49641], precision=[0.31239, 0.17556], F1=[0.24366, 0.24321], RMRR=[0.10814, 0.15470]
Epoch 710 [3.4s]: train==[6720.48661=6661.00742 + 1.09503 + 0.00000 + 0.00000]
Epoch 711 [3.4s]: train==[6659.46246=6599.97932 + 1.09767 + 0.00000 + 0.00000]
Epoch 712 [3.4s]: train==[6457.15866=6397.67662 + 1.09807 + 0.00000 + 0.00000]
Epoch 713 [3.4s]: train==[6666.89715=6607.41467 + 1.09926 + 0.00000 + 0.00000]
Epoch 714 [3.4s]: train==[6706.76246=6647.27809 + 1.10237 + 0.00000 + 0.00000]
Epoch 715 [3.4s]: train==[6849.27874=6789.79208 + 1.10313 + 0.00000 + 0.00000]
Epoch 716 [3.4s]: train==[6490.31621=6430.83209 + 1.10316 + 0.00000 + 0.00000]
Epoch 717 [3.4s]: train==[6645.29002=6585.80621 + 1.10520 + 0.00000 + 0.00000]
Epoch 718 [3.4s]: train==[6722.59300=6663.10931 + 1.10508 + 0.00000 + 0.00000]
drop_flag:  True ,	 mess_dropout:  [0.0, 0.0]
rate_batch  torch.Size([1162, 753])
gt_count  8427
candidate_count  874986
ideal candidate count  874986
Epoch 719 [3.4s + 5.7s]: train==[6729.20172=6669.72031 + 1.10646 + 0.00000 + 0.00000]
 recall=[0.22926, 0.49247], precision=[0.31601, 0.17547], F1=[0.24581, 0.24299], RMRR=[0.11373, 0.16024]
Epoch 720 [3.4s]: train==[6595.33417=6535.84790 + 1.10845 + 0.00000 + 0.00000]
Epoch 721 [3.4s]: train==[6472.81261=6413.32979 + 1.10911 + 0.00000 + 0.00000]
Epoch 722 [3.4s]: train==[6476.62811=6417.14461 + 1.11120 + 0.00000 + 0.00000]
Epoch 723 [3.4s]: train==[6493.32357=6433.83437 + 1.11286 + 0.00000 + 0.00000]
Epoch 724 [3.4s]: train==[6497.40599=6437.92108 + 1.11249 + 0.00000 + 0.00000]
Epoch 725 [3.4s]: train==[6557.95548=6498.46721 + 1.11451 + 0.00000 + 0.00000]
Epoch 726 [3.4s]: train==[6535.68915=6476.19954 + 1.11535 + 0.00000 + 0.00000]
Epoch 727 [3.4s]: train==[6540.46061=6480.97330 + 1.11631 + 0.00000 + 0.00000]
Epoch 728 [3.4s]: train==[6389.46806=6329.97151 + 1.12070 + 0.00000 + 0.00000]
drop_flag:  True ,	 mess_dropout:  [0.0, 0.0]
rate_batch  torch.Size([1162, 753])
gt_count  8427
candidate_count  874986
ideal candidate count  874986
Epoch 729 [3.4s + 5.7s]: train==[6699.74203=6640.24889 + 1.12200 + 0.00000 + 0.00000]
 recall=[0.23028, 0.49592], precision=[0.31343, 0.17681], F1=[0.24488, 0.24460], RMRR=[0.11011, 0.15746]
Epoch 730 [3.4s]: train==[6722.87769=6663.38606 + 1.12229 + 0.00000 + 0.00000]
Epoch 731 [3.4s]: train==[6753.34014=6693.84860 + 1.12288 + 0.00000 + 0.00000]
Epoch 732 [3.4s]: train==[6632.59081=6573.09990 + 1.12271 + 0.00000 + 0.00000]
Epoch 733 [3.5s]: train==[6620.62871=6561.13582 + 1.12522 + 0.00000 + 0.00000]
Epoch 734 [3.5s]: train==[6548.92101=6489.42870 + 1.12540 + 0.00000 + 0.00000]
Epoch 735 [3.5s]: train==[6515.23604=6455.74203 + 1.12729 + 0.00000 + 0.00000]
Epoch 736 [3.4s]: train==[6593.83998=6534.35048 + 1.12722 + 0.00000 + 0.00000]
Epoch 737 [3.4s]: train==[6823.26216=6763.77649 + 1.12715 + 0.00000 + 0.00000]
Epoch 738 [3.4s]: train==[6497.18855=6437.70044 + 1.12764 + 0.00000 + 0.00000]
drop_flag:  True ,	 mess_dropout:  [0.0, 0.0]
rate_batch  torch.Size([1162, 753])
gt_count  8427
candidate_count  874986
ideal candidate count  874986
Epoch 739 [3.5s + 5.7s]: train==[6626.14639=6566.65193 + 1.13131 + 0.00000 + 0.00000]
 recall=[0.22977, 0.49564], precision=[0.31360, 0.17711], F1=[0.24497, 0.24480], RMRR=[0.11000, 0.15623]
Epoch 740 [3.4s]: train==[6462.80724=6403.31567 + 1.13152 + 0.00000 + 0.00000]
Epoch 741 [3.4s]: train==[6679.30330=6619.81035 + 1.13180 + 0.00000 + 0.00000]
Epoch 742 [3.4s]: train==[6800.13599=6740.64091 + 1.13435 + 0.00000 + 0.00000]
Epoch 743 [3.5s]: train==[6483.82954=6424.33180 + 1.13683 + 0.00000 + 0.00000]
Epoch 744 [3.5s]: train==[6889.63962=6830.14368 + 1.13784 + 0.00000 + 0.00000]
Epoch 745 [3.5s]: train==[6627.11558=6567.62021 + 1.13722 + 0.00000 + 0.00000]
Epoch 746 [3.4s]: train==[6810.93320=6751.43607 + 1.14013 + 0.00000 + 0.00000]
Epoch 747 [3.4s]: train==[6721.03934=6661.54236 + 1.14056 + 0.00000 + 0.00000]
Epoch 748 [3.4s]: train==[6527.06490=6467.56027 + 1.14395 + 0.00000 + 0.00000]
drop_flag:  True ,	 mess_dropout:  [0.0, 0.0]
rate_batch  torch.Size([1162, 753])
gt_count  8427
candidate_count  874986
ideal candidate count  874986
Epoch 749 [3.4s + 5.7s]: train==[6535.16114=6475.65697 + 1.14477 + 0.00000 + 0.00000]
 recall=[0.22582, 0.49745], precision=[0.31067, 0.17603], F1=[0.24210, 0.24403], RMRR=[0.10920, 0.15656]
Epoch 750 [3.4s]: train==[6565.40364=6505.89941 + 1.14521 + 0.00000 + 0.00000]
Epoch 751 [3.4s]: train==[6530.96835=6471.46260 + 1.14664 + 0.00000 + 0.00000]
Epoch 752 [3.5s]: train==[6638.22196=6578.71918 + 1.14710 + 0.00000 + 0.00000]
Epoch 753 [3.5s]: train==[6671.32301=6611.81567 + 1.14987 + 0.00000 + 0.00000]
Epoch 754 [3.5s]: train==[6589.70486=6530.19452 + 1.15091 + 0.00000 + 0.00000]
Epoch 755 [3.5s]: train==[6711.55876=6652.04874 + 1.15235 + 0.00000 + 0.00000]
Epoch 756 [3.5s]: train==[6641.02763=6581.51694 + 1.15411 + 0.00000 + 0.00000]
Epoch 757 [3.5s]: train==[6704.33142=6644.82120 + 1.15423 + 0.00000 + 0.00000]
Epoch 758 [3.5s]: train==[6392.57978=6333.06302 + 1.15767 + 0.00000 + 0.00000]
drop_flag:  True ,	 mess_dropout:  [0.0, 0.0]
rate_batch  torch.Size([1162, 753])
gt_count  8427
candidate_count  874986
ideal candidate count  874986
Epoch 759 [3.5s + 5.7s]: train==[6764.03409=6704.51553 + 1.15853 + 0.00000 + 0.00000]
 recall=[0.22974, 0.50036], precision=[0.31394, 0.17702], F1=[0.24532, 0.24520], RMRR=[0.11269, 0.16055]
Epoch 760 [3.5s]: train==[6772.00653=6712.48727 + 1.16010 + 0.00000 + 0.00000]
Epoch 761 [3.5s]: train==[6694.71502=6635.19719 + 1.16175 + 0.00000 + 0.00000]
Epoch 762 [3.5s]: train==[6627.54530=6568.02724 + 1.16197 + 0.00000 + 0.00000]
Epoch 763 [3.4s]: train==[6540.01798=6480.49799 + 1.16449 + 0.00000 + 0.00000]
Epoch 764 [3.4s]: train==[6502.05569=6442.53146 + 1.16613 + 0.00000 + 0.00000]
Epoch 765 [3.4s]: train==[6441.35299=6381.82169 + 1.16975 + 0.00000 + 0.00000]
Epoch 766 [3.4s]: train==[6122.44608=6062.91618 + 1.17018 + 0.00000 + 0.00000]
Epoch 767 [3.4s]: train==[6592.41322=6532.88474 + 1.17162 + 0.00000 + 0.00000]
Epoch 768 [3.4s]: train==[6660.21847=6600.68820 + 1.17220 + 0.00000 + 0.00000]
drop_flag:  True ,	 mess_dropout:  [0.0, 0.0]
rate_batch  torch.Size([1162, 753])
gt_count  8427
candidate_count  874986
ideal candidate count  874986
Epoch 769 [3.4s + 5.7s]: train==[6506.34141=6446.80376 + 1.17571 + 0.00000 + 0.00000]
 recall=[0.22913, 0.49938], precision=[0.31274, 0.17664], F1=[0.24438, 0.24456], RMRR=[0.10983, 0.15807]
Epoch 770 [3.4s]: train==[6523.03360=6463.49756 + 1.17653 + 0.00000 + 0.00000]
Epoch 771 [3.4s]: train==[6401.05587=6341.52118 + 1.17770 + 0.00000 + 0.00000]
Epoch 772 [3.4s]: train==[6598.31994=6538.77966 + 1.17983 + 0.00000 + 0.00000]
Epoch 773 [3.4s]: train==[6530.18821=6470.64706 + 1.18176 + 0.00000 + 0.00000]
Epoch 774 [3.5s]: train==[6827.45351=6767.91293 + 1.18222 + 0.00000 + 0.00000]
Epoch 775 [3.4s]: train==[6495.86067=6436.32010 + 1.18288 + 0.00000 + 0.00000]
Epoch 776 [3.4s]: train==[6422.75286=6363.21049 + 1.18464 + 0.00000 + 0.00000]
Epoch 777 [3.5s]: train==[6559.64666=6500.10002 + 1.18654 + 0.00000 + 0.00000]
Epoch 778 [3.4s]: train==[6444.05104=6384.50349 + 1.18822 + 0.00000 + 0.00000]
drop_flag:  True ,	 mess_dropout:  [0.0, 0.0]
rate_batch  torch.Size([1162, 753])
gt_count  8427
candidate_count  874986
ideal candidate count  874986
Epoch 779 [3.5s + 5.6s]: train==[6663.75572=6604.20560 + 1.19076 + 0.00000 + 0.00000]
 recall=[0.23118, 0.50128], precision=[0.31790, 0.17741], F1=[0.24726, 0.24561], RMRR=[0.11298, 0.16033]
Epoch 780 [3.5s]: train==[6362.10827=6302.56142 + 1.18945 + 0.00000 + 0.00000]
Epoch 781 [3.4s]: train==[6695.03180=6635.48311 + 1.19169 + 0.00000 + 0.00000]
Epoch 782 [3.4s]: train==[6517.76591=6458.21817 + 1.19222 + 0.00000 + 0.00000]
Epoch 783 [3.4s]: train==[6561.33497=6501.78535 + 1.19347 + 0.00000 + 0.00000]
Epoch 784 [3.4s]: train==[6659.67308=6600.12393 + 1.19464 + 0.00000 + 0.00000]
Epoch 785 [3.4s]: train==[6362.01879=6302.46843 + 1.19653 + 0.00000 + 0.00000]
Epoch 786 [3.4s]: train==[6607.90379=6548.35107 + 1.19813 + 0.00000 + 0.00000]
Epoch 787 [3.4s]: train==[6663.60267=6604.04922 + 1.19853 + 0.00000 + 0.00000]
Epoch 788 [3.4s]: train==[6831.31983=6771.76480 + 1.19993 + 0.00000 + 0.00000]
drop_flag:  True ,	 mess_dropout:  [0.0, 0.0]
rate_batch  torch.Size([1162, 753])
gt_count  8427
candidate_count  874986
ideal candidate count  874986
Epoch 789 [3.5s + 5.7s]: train==[6745.32504=6685.76877 + 1.20195 + 0.00000 + 0.00000]
 recall=[0.22821, 0.49708], precision=[0.31601, 0.17642], F1=[0.24535, 0.24429], RMRR=[0.11002, 0.15771]
Epoch 790 [3.4s]: train==[6412.48840=6352.92786 + 1.20190 + 0.00000 + 0.00000]
Epoch 791 [3.4s]: train==[6518.66384=6459.10066 + 1.20560 + 0.00000 + 0.00000]
Epoch 792 [3.4s]: train==[6484.70904=6425.14856 + 1.20492 + 0.00000 + 0.00000]
Epoch 793 [3.4s]: train==[6750.27937=6690.71550 + 1.20694 + 0.00000 + 0.00000]
Epoch 794 [3.4s]: train==[6576.24913=6516.68370 + 1.20934 + 0.00000 + 0.00000]
Epoch 795 [3.4s]: train==[6768.19323=6708.62787 + 1.20954 + 0.00000 + 0.00000]
Epoch 796 [3.4s]: train==[6595.15849=6535.59494 + 1.21059 + 0.00000 + 0.00000]
Epoch 797 [3.4s]: train==[6464.64910=6405.08395 + 1.21097 + 0.00000 + 0.00000]
Epoch 798 [3.4s]: train==[6525.54217=6465.97876 + 1.21061 + 0.00000 + 0.00000]
drop_flag:  True ,	 mess_dropout:  [0.0, 0.0]
rate_batch  torch.Size([1162, 753])
gt_count  8427
candidate_count  874986
ideal candidate count  874986
Epoch 799 [3.4s + 5.7s]: train==[6488.26364=6428.69785 + 1.21206 + 0.00000 + 0.00000]
 recall=[0.22589, 0.49970], precision=[0.31119, 0.17797], F1=[0.24206, 0.24624], RMRR=[0.11150, 0.15949]
Epoch 800 [3.4s]: train==[6668.67439=6609.10738 + 1.21360 + 0.00000 + 0.00000]
Epoch 801 [3.4s]: train==[6406.41891=6346.84865 + 1.21569 + 0.00000 + 0.00000]
Epoch 802 [3.4s]: train==[6527.67817=6468.11093 + 1.21522 + 0.00000 + 0.00000]
Epoch 803 [3.4s]: train==[6494.93984=6435.36882 + 1.21725 + 0.00000 + 0.00000]
Epoch 804 [3.4s]: train==[6584.64708=6525.06958 + 1.22029 + 0.00000 + 0.00000]
Epoch 805 [3.4s]: train==[6572.73543=6513.15834 + 1.22048 + 0.00000 + 0.00000]
Epoch 806 [3.4s]: train==[6784.75165=6725.17130 + 1.22189 + 0.00000 + 0.00000]
Epoch 807 [3.5s]: train==[6440.61370=6381.02907 + 1.22481 + 0.00000 + 0.00000]
Epoch 808 [3.4s]: train==[6321.98379=6262.39804 + 1.22581 + 0.00000 + 0.00000]
drop_flag:  True ,	 mess_dropout:  [0.0, 0.0]
rate_batch  torch.Size([1162, 753])
gt_count  8427
candidate_count  874986
ideal candidate count  874986
Epoch 809 [3.4s + 5.7s]: train==[6514.11518=6454.53017 + 1.22644 + 0.00000 + 0.00000]
 recall=[0.22967, 0.49701], precision=[0.31583, 0.17702], F1=[0.24597, 0.24502], RMRR=[0.11071, 0.15848]
Epoch 810 [3.4s]: train==[6748.45962=6688.87105 + 1.22898 + 0.00000 + 0.00000]
Epoch 811 [3.4s]: train==[6238.63469=6179.04285 + 1.23069 + 0.00000 + 0.00000]
Epoch 812 [3.4s]: train==[6650.95620=6591.36395 + 1.23170 + 0.00000 + 0.00000]
Epoch 813 [3.4s]: train==[6411.30818=6351.71669 + 1.23297 + 0.00000 + 0.00000]
Epoch 814 [3.4s]: train==[6503.08445=6443.49159 + 1.23319 + 0.00000 + 0.00000]
Epoch 815 [3.4s]: train==[6498.53393=6438.94481 + 1.23279 + 0.00000 + 0.00000]
Epoch 816 [3.5s]: train==[6582.52689=6522.93370 + 1.23538 + 0.00000 + 0.00000]
Epoch 817 [3.5s]: train==[6507.38791=6447.78679 + 1.23809 + 0.00000 + 0.00000]
Epoch 818 [3.5s]: train==[6741.45650=6681.85287 + 1.24109 + 0.00000 + 0.00000]
drop_flag:  True ,	 mess_dropout:  [0.0, 0.0]
rate_batch  torch.Size([1162, 753])
gt_count  8427
candidate_count  874986
ideal candidate count  874986
Epoch 819 [3.5s + 5.6s]: train==[6498.33617=6438.73466 + 1.24007 + 0.00000 + 0.00000]
 recall=[0.23059, 0.49950], precision=[0.31756, 0.17711], F1=[0.24693, 0.24532], RMRR=[0.11162, 0.15845]
Epoch 820 [3.4s]: train==[6586.72741=6527.11777 + 1.24430 + 0.00000 + 0.00000]
Epoch 821 [3.4s]: train==[6494.89309=6435.28654 + 1.24323 + 0.00000 + 0.00000]
Epoch 822 [3.4s]: train==[6609.17162=6549.56143 + 1.24687 + 0.00000 + 0.00000]
Epoch 823 [3.4s]: train==[6545.67503=6486.06079 + 1.24980 + 0.00000 + 0.00000]
Epoch 824 [3.4s]: train==[6536.30716=6476.69238 + 1.25112 + 0.00000 + 0.00000]
Epoch 825 [3.4s]: train==[6693.68501=6634.06589 + 1.25223 + 0.00000 + 0.00000]
Epoch 826 [3.4s]: train==[6563.35996=6503.74371 + 1.25160 + 0.00000 + 0.00000]
Epoch 827 [3.4s]: train==[6606.23086=6546.60712 + 1.25525 + 0.00000 + 0.00000]
Epoch 828 [3.5s]: train==[6476.47205=6416.84599 + 1.25760 + 0.00000 + 0.00000]
drop_flag:  True ,	 mess_dropout:  [0.0, 0.0]
rate_batch  torch.Size([1162, 753])
gt_count  8427
candidate_count  874986
ideal candidate count  874986
Epoch 829 [3.4s + 5.7s]: train==[6608.01145=6548.38722 + 1.25686 + 0.00000 + 0.00000]
 recall=[0.22580, 0.49731], precision=[0.31050, 0.17629], F1=[0.24149, 0.24409], RMRR=[0.10926, 0.15786]
Epoch 830 [3.5s]: train==[6640.43905=6580.81526 + 1.25888 + 0.00000 + 0.00000]
Epoch 831 [3.4s]: train==[6372.82954=6313.20033 + 1.26008 + 0.00000 + 0.00000]
Epoch 832 [3.4s]: train==[6512.92504=6453.29539 + 1.26113 + 0.00000 + 0.00000]
Epoch 833 [3.4s]: train==[6679.33442=6619.70143 + 1.26172 + 0.00000 + 0.00000]
Epoch 834 [3.4s]: train==[6826.51860=6766.89037 + 1.26169 + 0.00000 + 0.00000]
Epoch 835 [3.5s]: train==[6500.93841=6441.30008 + 1.26667 + 0.00000 + 0.00000]
Epoch 836 [3.5s]: train==[6550.49322=6490.85190 + 1.26795 + 0.00000 + 0.00000]
Epoch 837 [3.5s]: train==[6580.54696=6520.90945 + 1.26738 + 0.00000 + 0.00000]
Epoch 838 [3.4s]: train==[6686.29918=6626.66212 + 1.26712 + 0.00000 + 0.00000]
drop_flag:  True ,	 mess_dropout:  [0.0, 0.0]
rate_batch  torch.Size([1162, 753])
gt_count  8427
candidate_count  874986
ideal candidate count  874986
Epoch 839 [3.4s + 5.7s]: train==[6643.04368=6583.40091 + 1.26900 + 0.00000 + 0.00000]
 recall=[0.22786, 0.49757], precision=[0.31153, 0.17702], F1=[0.24319, 0.24489], RMRR=[0.11070, 0.15958]
Epoch 840 [3.4s]: train==[6465.04882=6405.40858 + 1.27073 + 0.00000 + 0.00000]
Epoch 841 [3.5s]: train==[6439.82960=6380.18761 + 1.27149 + 0.00000 + 0.00000]
Epoch 842 [3.5s]: train==[6511.19424=6451.54846 + 1.27245 + 0.00000 + 0.00000]
Epoch 843 [3.4s]: train==[6623.23511=6563.58823 + 1.27389 + 0.00000 + 0.00000]
Epoch 844 [3.4s]: train==[6279.25339=6219.60443 + 1.27484 + 0.00000 + 0.00000]
Epoch 845 [3.4s]: train==[6447.35675=6387.70602 + 1.27536 + 0.00000 + 0.00000]
Epoch 846 [3.4s]: train==[6681.86330=6622.21396 + 1.27653 + 0.00000 + 0.00000]
Epoch 847 [3.4s]: train==[6452.57901=6392.92731 + 1.27750 + 0.00000 + 0.00000]
Epoch 848 [3.4s]: train==[6630.49375=6570.84415 + 1.27812 + 0.00000 + 0.00000]
drop_flag:  True ,	 mess_dropout:  [0.0, 0.0]
rate_batch  torch.Size([1162, 753])
gt_count  8427
candidate_count  874986
ideal candidate count  874986
Epoch 849 [3.4s + 5.7s]: train==[6729.16339=6669.50455 + 1.28154 + 0.00000 + 0.00000]
 recall=[0.22436, 0.49778], precision=[0.30826, 0.17737], F1=[0.23939, 0.24537], RMRR=[0.10935, 0.15873]
Epoch 850 [3.4s]: train==[6651.42555=6591.76810 + 1.28112 + 0.00000 + 0.00000]
Epoch 851 [3.4s]: train==[6357.60931=6297.94649 + 1.28402 + 0.00000 + 0.00000]
Epoch 852 [3.4s]: train==[6581.59436=6521.93610 + 1.28399 + 0.00000 + 0.00000]
Epoch 853 [3.5s]: train==[6557.21053=6497.54601 + 1.28671 + 0.00000 + 0.00000]
Epoch 854 [3.4s]: train==[6621.87136=6562.20778 + 1.28666 + 0.00000 + 0.00000]
Epoch 855 [3.4s]: train==[6429.80043=6370.13658 + 1.28757 + 0.00000 + 0.00000]
Epoch 856 [3.4s]: train==[6494.64910=6434.97891 + 1.29031 + 0.00000 + 0.00000]
Epoch 857 [3.4s]: train==[6617.64302=6557.96526 + 1.29488 + 0.00000 + 0.00000]
Epoch 858 [3.4s]: train==[6316.82834=6257.14774 + 1.29477 + 0.00000 + 0.00000]
drop_flag:  True ,	 mess_dropout:  [0.0, 0.0]
rate_batch  torch.Size([1162, 753])
gt_count  8427
candidate_count  874986
ideal candidate count  874986
Epoch 859 [3.4s + 5.7s]: train==[6547.05204=6487.37656 + 1.29484 + 0.00000 + 0.00000]
 recall=[0.22599, 0.50226], precision=[0.30792, 0.17771], F1=[0.23987, 0.24617], RMRR=[0.10979, 0.15811]
Epoch 860 [3.4s]: train==[6460.48118=6400.80484 + 1.29582 + 0.00000 + 0.00000]
Epoch 861 [3.4s]: train==[6421.75821=6362.08046 + 1.29716 + 0.00000 + 0.00000]
Epoch 862 [3.4s]: train==[6508.86861=6449.18050 + 1.30151 + 0.00000 + 0.00000]
Epoch 863 [3.4s]: train==[6337.25553=6277.56197 + 1.30448 + 0.00000 + 0.00000]
Epoch 864 [3.4s]: train==[6540.12088=6480.43379 + 1.30137 + 0.00000 + 0.00000]
Epoch 865 [3.4s]: train==[6432.50504=6372.81633 + 1.30299 + 0.00000 + 0.00000]
Epoch 866 [3.4s]: train==[6406.29152=6346.59737 + 1.30512 + 0.00000 + 0.00000]
Epoch 867 [3.4s]: train==[6591.18758=6531.49834 + 1.30375 + 0.00000 + 0.00000]
Epoch 868 [3.4s]: train==[6612.37329=6552.68399 + 1.30586 + 0.00000 + 0.00000]
drop_flag:  True ,	 mess_dropout:  [0.0, 0.0]
rate_batch  torch.Size([1162, 753])
gt_count  8427
candidate_count  874986
ideal candidate count  874986
Epoch 869 [3.4s + 5.7s]: train==[6701.32349=6641.62984 + 1.30721 + 0.00000 + 0.00000]
 recall=[0.22455, 0.49806], precision=[0.30861, 0.17633], F1=[0.24019, 0.24425], RMRR=[0.10946, 0.15965]
Epoch 870 [3.4s]: train==[6437.45027=6377.75391 + 1.30899 + 0.00000 + 0.00000]
Epoch 871 [3.4s]: train==[6353.71860=6294.01976 + 1.30904 + 0.00000 + 0.00000]
Epoch 872 [3.4s]: train==[6520.55679=6460.85419 + 1.31337 + 0.00000 + 0.00000]
Epoch 873 [3.5s]: train==[6752.32247=6692.62639 + 1.31126 + 0.00000 + 0.00000]
Epoch 874 [3.4s]: train==[6433.25285=6373.55115 + 1.31422 + 0.00000 + 0.00000]
Epoch 875 [3.5s]: train==[6596.71244=6537.00967 + 1.31488 + 0.00000 + 0.00000]
Epoch 876 [3.4s]: train==[6489.90671=6430.20132 + 1.31643 + 0.00000 + 0.00000]
Epoch 877 [3.4s]: train==[6464.07998=6404.37122 + 1.31930 + 0.00000 + 0.00000]
Epoch 878 [3.5s]: train==[6482.73654=6423.02678 + 1.31963 + 0.00000 + 0.00000]
drop_flag:  True ,	 mess_dropout:  [0.0, 0.0]
rate_batch  torch.Size([1162, 753])
gt_count  8427
candidate_count  874986
ideal candidate count  874986
Epoch 879 [3.4s + 5.7s]: train==[6690.85121=6631.13623 + 1.32139 + 0.00000 + 0.00000]
 recall=[0.22892, 0.49985], precision=[0.31067, 0.17767], F1=[0.24273, 0.24581], RMRR=[0.10881, 0.15742]
Epoch 880 [3.4s]: train==[6511.17611=6451.45998 + 1.32181 + 0.00000 + 0.00000]
Epoch 881 [3.5s]: train==[6508.59871=6448.87788 + 1.32478 + 0.00000 + 0.00000]
Epoch 882 [3.4s]: train==[6546.12639=6486.41002 + 1.32387 + 0.00000 + 0.00000]
Epoch 883 [3.4s]: train==[6474.08845=6414.37105 + 1.32446 + 0.00000 + 0.00000]
Epoch 884 [3.4s]: train==[6538.81217=6479.09448 + 1.32637 + 0.00000 + 0.00000]
Epoch 885 [3.5s]: train==[6618.19849=6558.47542 + 1.32862 + 0.00000 + 0.00000]
Epoch 886 [3.5s]: train==[6558.20565=6498.48315 + 1.32985 + 0.00000 + 0.00000]
Epoch 887 [3.5s]: train==[6187.42209=6127.70012 + 1.32887 + 0.00000 + 0.00000]
Epoch 888 [3.4s]: train==[6576.43921=6516.71004 + 1.33283 + 0.00000 + 0.00000]
drop_flag:  True ,	 mess_dropout:  [0.0, 0.0]
rate_batch  torch.Size([1162, 753])
gt_count  8427
candidate_count  874986
ideal candidate count  874986
Epoch 889 [3.4s + 5.7s]: train==[6482.69720=6422.96910 + 1.33388 + 0.00000 + 0.00000]
 recall=[0.22870, 0.49906], precision=[0.31394, 0.17831], F1=[0.24414, 0.24642], RMRR=[0.11007, 0.15857]
Epoch 890 [3.4s]: train==[6595.16293=6535.43352 + 1.33539 + 0.00000 + 0.00000]
Epoch 891 [3.4s]: train==[6471.51113=6411.78384 + 1.33379 + 0.00000 + 0.00000]
Epoch 892 [3.4s]: train==[6279.91941=6220.19038 + 1.33475 + 0.00000 + 0.00000]
Epoch 893 [3.4s]: train==[6512.06958=6452.33554 + 1.33848 + 0.00000 + 0.00000]
Epoch 894 [3.4s]: train==[6476.61286=6416.87547 + 1.34026 + 0.00000 + 0.00000]
Epoch 895 [3.5s]: train==[6537.59550=6477.85541 + 1.34066 + 0.00000 + 0.00000]
Epoch 896 [3.5s]: train==[6398.37553=6338.63539 + 1.34150 + 0.00000 + 0.00000]
Epoch 897 [3.5s]: train==[6427.31349=6367.57210 + 1.34154 + 0.00000 + 0.00000]
Epoch 898 [3.4s]: train==[6284.50109=6224.75903 + 1.34353 + 0.00000 + 0.00000]
drop_flag:  True ,	 mess_dropout:  [0.0, 0.0]
rate_batch  torch.Size([1162, 753])
gt_count  8427
candidate_count  874986
ideal candidate count  874986
Epoch 899 [3.4s + 5.7s]: train==[6732.68973=6672.94878 + 1.34345 + 0.00000 + 0.00000]
 recall=[0.22872, 0.50075], precision=[0.31136, 0.17849], F1=[0.24297, 0.24687], RMRR=[0.11215, 0.16022]
Epoch 900 [3.4s]: train==[6369.71980=6309.97652 + 1.34413 + 0.00000 + 0.00000]
Epoch 901 [3.4s]: train==[6277.20505=6217.46402 + 1.34353 + 0.00000 + 0.00000]
Epoch 902 [3.4s]: train==[6642.46331=6582.71480 + 1.34832 + 0.00000 + 0.00000]
Epoch 903 [3.4s]: train==[6690.16854=6630.41928 + 1.34886 + 0.00000 + 0.00000]
Epoch 904 [3.5s]: train==[6285.47660=6225.72789 + 1.34923 + 0.00000 + 0.00000]
Epoch 905 [3.4s]: train==[6445.63334=6385.88052 + 1.35167 + 0.00000 + 0.00000]
Epoch 906 [3.4s]: train==[6667.08555=6607.33130 + 1.35391 + 0.00000 + 0.00000]
Epoch 907 [3.4s]: train==[6410.81632=6351.06165 + 1.35407 + 0.00000 + 0.00000]
Epoch 908 [3.4s]: train==[6428.34911=6368.59312 + 1.35454 + 0.00000 + 0.00000]
drop_flag:  True ,	 mess_dropout:  [0.0, 0.0]
rate_batch  torch.Size([1162, 753])
gt_count  8427
candidate_count  874986
ideal candidate count  874986
Epoch 909 [3.4s + 5.7s]: train==[6425.97876=6366.21840 + 1.35643 + 0.00000 + 0.00000]
 recall=[0.22934, 0.50023], precision=[0.31377, 0.17806], F1=[0.24425, 0.24614], RMRR=[0.10862, 0.15697]
Epoch 910 [3.4s]: train==[6526.82280=6467.05989 + 1.36012 + 0.00000 + 0.00000]
Epoch 911 [3.4s]: train==[6403.05542=6343.29182 + 1.36045 + 0.00000 + 0.00000]
Epoch 912 [3.4s]: train==[6648.57652=6588.81232 + 1.36121 + 0.00000 + 0.00000]
Epoch 913 [3.4s]: train==[6660.49874=6600.73886 + 1.36010 + 0.00000 + 0.00000]
Epoch 914 [3.4s]: train==[6096.23708=6036.47371 + 1.36120 + 0.00000 + 0.00000]
Epoch 915 [3.4s]: train==[6631.10297=6571.34035 + 1.36210 + 0.00000 + 0.00000]
Epoch 916 [3.5s]: train==[6478.42760=6418.66080 + 1.36493 + 0.00000 + 0.00000]
Epoch 917 [3.5s]: train==[6515.53807=6455.77090 + 1.36437 + 0.00000 + 0.00000]
Epoch 918 [3.4s]: train==[6307.52019=6247.75258 + 1.36544 + 0.00000 + 0.00000]
drop_flag:  True ,	 mess_dropout:  [0.0, 0.0]
rate_batch  torch.Size([1162, 753])
gt_count  8427
candidate_count  874986
ideal candidate count  874986
Epoch 919 [3.4s + 5.7s]: train==[6340.20970=6280.43797 + 1.36750 + 0.00000 + 0.00000]
 recall=[0.22995, 0.49639], precision=[0.31188, 0.17711], F1=[0.24378, 0.24504], RMRR=[0.11007, 0.15733]
Epoch 920 [3.4s]: train==[6505.82168=6446.04970 + 1.36920 + 0.00000 + 0.00000]
Epoch 921 [3.5s]: train==[6486.11051=6426.33125 + 1.37297 + 0.00000 + 0.00000]
Epoch 922 [3.4s]: train==[6403.17301=6343.39188 + 1.37361 + 0.00000 + 0.00000]
Epoch 923 [3.4s]: train==[6312.02757=6252.24837 + 1.37323 + 0.00000 + 0.00000]
Epoch 924 [3.4s]: train==[6708.46876=6648.69052 + 1.37323 + 0.00000 + 0.00000]
Epoch 925 [3.5s]: train==[6448.14351=6388.35583 + 1.37776 + 0.00000 + 0.00000]
Epoch 926 [3.5s]: train==[6401.61554=6341.83287 + 1.37630 + 0.00000 + 0.00000]
Epoch 927 [3.5s]: train==[6426.48217=6366.69270 + 1.37882 + 0.00000 + 0.00000]
Epoch 928 [3.5s]: train==[6463.64666=6403.85870 + 1.37897 + 0.00000 + 0.00000]
drop_flag:  True ,	 mess_dropout:  [0.0, 0.0]
rate_batch  torch.Size([1162, 753])
gt_count  8427
candidate_count  874986
ideal candidate count  874986
Epoch 929 [3.4s + 5.7s]: train==[6426.12701=6366.33627 + 1.38115 + 0.00000 + 0.00000]
 recall=[0.22973, 0.49659], precision=[0.31102, 0.17655], F1=[0.24291, 0.24441], RMRR=[0.10949, 0.15774]
Epoch 930 [3.4s]: train==[6321.76152=6261.97089 + 1.38084 + 0.00000 + 0.00000]
Epoch 931 [3.4s]: train==[6393.06008=6333.26782 + 1.38215 + 0.00000 + 0.00000]
Epoch 932 [3.4s]: train==[6339.66288=6279.87006 + 1.38317 + 0.00000 + 0.00000]
Epoch 933 [3.4s]: train==[6424.58625=6364.79340 + 1.38411 + 0.00000 + 0.00000]
Epoch 934 [3.4s]: train==[6560.58279=6500.78572 + 1.38615 + 0.00000 + 0.00000]
Epoch 935 [3.4s]: train==[6427.86513=6368.06932 + 1.38697 + 0.00000 + 0.00000]
Epoch 936 [3.4s]: train==[6538.60964=6478.81725 + 1.38563 + 0.00000 + 0.00000]
Epoch 937 [3.4s]: train==[6594.47417=6534.67368 + 1.38907 + 0.00000 + 0.00000]
Epoch 938 [3.4s]: train==[6449.22077=6389.41969 + 1.38986 + 0.00000 + 0.00000]
drop_flag:  True ,	 mess_dropout:  [0.0, 0.0]
rate_batch  torch.Size([1162, 753])
gt_count  8427
candidate_count  874986
ideal candidate count  874986
Epoch 939 [3.4s + 5.7s]: train==[6505.69103=6445.88559 + 1.39185 + 0.00000 + 0.00000]
 recall=[0.23337, 0.50122], precision=[0.31549, 0.17879], F1=[0.24685, 0.24709], RMRR=[0.11218, 0.15927]
Epoch 940 [3.4s]: train==[6454.44100=6394.63261 + 1.39335 + 0.00000 + 0.00000]
Epoch 941 [3.4s]: train==[6190.36979=6130.56145 + 1.39261 + 0.00000 + 0.00000]
Epoch 942 [3.4s]: train==[6538.29220=6478.48297 + 1.39403 + 0.00000 + 0.00000]
Epoch 943 [3.4s]: train==[6508.32681=6448.51743 + 1.39485 + 0.00000 + 0.00000]
Epoch 944 [3.4s]: train==[6521.22856=6461.42049 + 1.39371 + 0.00000 + 0.00000]
Epoch 945 [3.4s]: train==[6589.19826=6529.39005 + 1.39347 + 0.00000 + 0.00000]
Epoch 946 [3.4s]: train==[6602.60471=6542.79700 + 1.39405 + 0.00000 + 0.00000]
Epoch 947 [3.4s]: train==[6653.14133=6593.32883 + 1.39648 + 0.00000 + 0.00000]
Epoch 948 [3.4s]: train==[6591.81619=6531.99911 + 1.39985 + 0.00000 + 0.00000]
drop_flag:  True ,	 mess_dropout:  [0.0, 0.0]
rate_batch  torch.Size([1162, 753])
gt_count  8427
candidate_count  874986
ideal candidate count  874986
Epoch 949 [3.4s + 5.6s]: train==[6545.25946=6485.44067 + 1.40232 + 0.00000 + 0.00000]
 recall=[0.23008, 0.50015], precision=[0.31050, 0.17758], F1=[0.24313, 0.24569], RMRR=[0.10814, 0.15774]
Epoch 950 [3.4s]: train==[6256.87787=6197.05519 + 1.40301 + 0.00000 + 0.00000]
Epoch 951 [3.4s]: train==[6519.03287=6459.21106 + 1.40273 + 0.00000 + 0.00000]
Epoch 952 [3.4s]: train==[6368.53596=6308.71318 + 1.40440 + 0.00000 + 0.00000]
Epoch 953 [3.4s]: train==[6551.77918=6491.95772 + 1.40489 + 0.00000 + 0.00000]
Epoch 954 [3.4s]: train==[6268.29971=6208.47829 + 1.40489 + 0.00000 + 0.00000]
Epoch 955 [3.4s]: train==[6502.17516=6442.34612 + 1.40874 + 0.00000 + 0.00000]
Epoch 956 [3.4s]: train==[6548.29192=6488.46053 + 1.41077 + 0.00000 + 0.00000]
Epoch 957 [3.4s]: train==[6404.88286=6345.05402 + 1.41068 + 0.00000 + 0.00000]
Epoch 958 [3.4s]: train==[6646.13454=6586.30301 + 1.41082 + 0.00000 + 0.00000]
drop_flag:  True ,	 mess_dropout:  [0.0, 0.0]
rate_batch  torch.Size([1162, 753])
gt_count  8427
candidate_count  874986
ideal candidate count  874986
Epoch 959 [3.4s + 5.7s]: train==[6350.10469=6290.27060 + 1.41251 + 0.00000 + 0.00000]
 recall=[0.23188, 0.50142], precision=[0.31291, 0.17840], F1=[0.24471, 0.24664], RMRR=[0.10915, 0.15767]
Epoch 960 [3.4s]: train==[6440.87719=6381.04051 + 1.41453 + 0.00000 + 0.00000]
Epoch 961 [3.5s]: train==[6440.66606=6380.82684 + 1.41512 + 0.00000 + 0.00000]
Epoch 962 [3.5s]: train==[6485.62883=6425.78755 + 1.41685 + 0.00000 + 0.00000]
Epoch 963 [3.5s]: train==[6199.43099=6139.58839 + 1.41805 + 0.00000 + 0.00000]
Epoch 964 [3.5s]: train==[6278.22890=6218.39117 + 1.41742 + 0.00000 + 0.00000]
Epoch 965 [3.5s]: train==[6376.90743=6317.06773 + 1.41832 + 0.00000 + 0.00000]
Epoch 966 [3.5s]: train==[6259.32245=6199.47868 + 1.42089 + 0.00000 + 0.00000]
Epoch 967 [3.5s]: train==[6474.20046=6414.35835 + 1.42088 + 0.00000 + 0.00000]
Epoch 968 [3.5s]: train==[6562.42726=6502.58475 + 1.42122 + 0.00000 + 0.00000]
drop_flag:  True ,	 mess_dropout:  [0.0, 0.0]
rate_batch  torch.Size([1162, 753])
gt_count  8427
candidate_count  874986
ideal candidate count  874986
Epoch 969 [3.5s + 5.8s]: train==[6285.93502=6226.09038 + 1.42121 + 0.00000 + 0.00000]
 recall=[0.22655, 0.49657], precision=[0.30757, 0.17646], F1=[0.24070, 0.24410], RMRR=[0.10896, 0.15783]
Epoch 970 [3.5s]: train==[6311.05233=6251.20415 + 1.42519 + 0.00000 + 0.00000]
Epoch 971 [3.4s]: train==[6454.14071=6394.29642 + 1.42333 + 0.00000 + 0.00000]
Epoch 972 [3.4s]: train==[6231.95730=6172.10638 + 1.42602 + 0.00000 + 0.00000]
Epoch 973 [3.4s]: train==[6373.06851=6313.21629 + 1.42770 + 0.00000 + 0.00000]
Epoch 974 [3.4s]: train==[6399.89394=6340.04587 + 1.42608 + 0.00000 + 0.00000]
Epoch 975 [3.4s]: train==[6397.53938=6337.68094 + 1.43167 + 0.00000 + 0.00000]
Epoch 976 [3.4s]: train==[6340.66824=6280.81169 + 1.42986 + 0.00000 + 0.00000]
Epoch 977 [3.5s]: train==[6350.14415=6290.28004 + 1.43407 + 0.00000 + 0.00000]
Epoch 978 [3.5s]: train==[6370.95746=6311.09242 + 1.43597 + 0.00000 + 0.00000]
drop_flag:  True ,	 mess_dropout:  [0.0, 0.0]
rate_batch  torch.Size([1162, 753])
gt_count  8427
candidate_count  874986
ideal candidate count  874986
Epoch 979 [3.4s + 5.7s]: train==[6625.90301=6566.04332 + 1.43254 + 0.00000 + 0.00000]
 recall=[0.22983, 0.49850], precision=[0.31394, 0.17676], F1=[0.24503, 0.24444], RMRR=[0.11190, 0.15940]
Epoch 980 [3.5s]: train==[6322.18202=6262.32455 + 1.43360 + 0.00000 + 0.00000]
Epoch 981 [3.4s]: train==[6385.98665=6326.12094 + 1.43747 + 0.00000 + 0.00000]
Epoch 982 [3.4s]: train==[6350.29412=6290.43184 + 1.43691 + 0.00000 + 0.00000]
Epoch 983 [3.4s]: train==[6479.25913=6419.39539 + 1.43795 + 0.00000 + 0.00000]
Epoch 984 [3.5s]: train==[6514.36534=6454.50179 + 1.43857 + 0.00000 + 0.00000]
Epoch 985 [3.5s]: train==[6258.56304=6198.69180 + 1.44252 + 0.00000 + 0.00000]
Epoch 986 [3.5s]: train==[6471.66662=6411.79889 + 1.44219 + 0.00000 + 0.00000]
Epoch 987 [3.5s]: train==[6260.91704=6201.04349 + 1.44441 + 0.00000 + 0.00000]
Epoch 988 [3.5s]: train==[6355.17905=6295.30518 + 1.44460 + 0.00000 + 0.00000]
drop_flag:  True ,	 mess_dropout:  [0.0, 0.0]
rate_batch  torch.Size([1162, 753])
gt_count  8427
candidate_count  874986
ideal candidate count  874986
Epoch 989 [3.5s + 5.7s]: train==[6380.90872=6321.03683 + 1.44379 + 0.00000 + 0.00000]
 recall=[0.22801, 0.49850], precision=[0.30929, 0.17745], F1=[0.24165, 0.24522], RMRR=[0.11230, 0.16099]
Epoch 990 [3.5s]: train==[6404.31101=6344.43100 + 1.44828 + 0.00000 + 0.00000]
Epoch 991 [3.6s]: train==[6373.10892=6313.23044 + 1.44654 + 0.00000 + 0.00000]
Epoch 992 [3.6s]: train==[6289.93679=6230.05626 + 1.44992 + 0.00000 + 0.00000]
Epoch 993 [3.6s]: train==[6535.87273=6475.99365 + 1.44824 + 0.00000 + 0.00000]
Epoch 994 [3.6s]: train==[6355.28541=6295.40283 + 1.45011 + 0.00000 + 0.00000]
Epoch 995 [3.5s]: train==[6556.25393=6496.36981 + 1.45020 + 0.00000 + 0.00000]
Epoch 996 [3.6s]: train==[6273.49640=6213.61153 + 1.45152 + 0.00000 + 0.00000]
Epoch 997 [3.5s]: train==[6301.67044=6241.78316 + 1.45334 + 0.00000 + 0.00000]
Epoch 998 [3.4s]: train==[6199.52182=6139.63455 + 1.45429 + 0.00000 + 0.00000]
drop_flag:  True ,	 mess_dropout:  [0.0, 0.0]
rate_batch  torch.Size([1162, 753])
gt_count  8427
candidate_count  874986
ideal candidate count  874986
Epoch 999 [3.5s + 5.7s]: train==[6547.95042=6488.06027 + 1.45681 + 0.00000 + 0.00000]
 recall=[0.23190, 0.49664], precision=[0.31549, 0.17715], F1=[0.24646, 0.24469], RMRR=[0.11054, 0.15820]
Epoch 1000 [3.4s]: train==[6319.14326=6259.25244 + 1.45638 + 0.00000 + 0.00000]
Epoch 1001 [3.4s]: train==[6449.27088=6389.38016 + 1.45717 + 0.00000 + 0.00000]
Epoch 1002 [3.4s]: train==[6334.19896=6274.30331 + 1.45916 + 0.00000 + 0.00000]
Epoch 1003 [3.5s]: train==[6433.16388=6373.27075 + 1.45835 + 0.00000 + 0.00000]
Epoch 1004 [3.5s]: train==[6331.99077=6272.09499 + 1.46099 + 0.00000 + 0.00000]
Epoch 1005 [3.5s]: train==[6637.38912=6577.49115 + 1.46097 + 0.00000 + 0.00000]
Epoch 1006 [3.5s]: train==[6299.32288=6239.42067 + 1.46347 + 0.00000 + 0.00000]
Epoch 1007 [3.5s]: train==[6421.56476=6361.66551 + 1.46264 + 0.00000 + 0.00000]
Epoch 1008 [3.5s]: train==[6333.32488=6273.42589 + 1.46384 + 0.00000 + 0.00000]
drop_flag:  True ,	 mess_dropout:  [0.0, 0.0]
rate_batch  torch.Size([1162, 753])
gt_count  8427
candidate_count  874986
ideal candidate count  874986
Epoch 1009 [3.5s + 5.8s]: train==[6288.61294=6228.71083 + 1.46612 + 0.00000 + 0.00000]
 recall=[0.22741, 0.49342], precision=[0.30775, 0.17741], F1=[0.24078, 0.24475], RMRR=[0.10584, 0.15209]
Epoch 1010 [3.5s]: train==[6111.81017=6051.90590 + 1.46561 + 0.00000 + 0.00000]
Epoch 1011 [3.5s]: train==[6375.95870=6316.05283 + 1.46727 + 0.00000 + 0.00000]
Epoch 1012 [3.5s]: train==[6395.34030=6335.43616 + 1.46736 + 0.00000 + 0.00000]
Epoch 1013 [3.5s]: train==[6512.40161=6452.49757 + 1.46854 + 0.00000 + 0.00000]
Epoch 1014 [3.6s]: train==[6475.99904=6416.08864 + 1.47128 + 0.00000 + 0.00000]
Epoch 1015 [3.6s]: train==[6549.87522=6489.96230 + 1.47366 + 0.00000 + 0.00000]
Epoch 1016 [3.5s]: train==[6455.93746=6396.02277 + 1.47381 + 0.00000 + 0.00000]
Epoch 1017 [3.5s]: train==[6337.12967=6277.21162 + 1.47584 + 0.00000 + 0.00000]
Epoch 1018 [3.5s]: train==[6185.52534=6125.60655 + 1.47713 + 0.00000 + 0.00000]
drop_flag:  True ,	 mess_dropout:  [0.0, 0.0]
rate_batch  torch.Size([1162, 753])
gt_count  8427
candidate_count  874986
ideal candidate count  874986
Epoch 1019 [3.5s + 5.7s]: train==[6402.70122=6342.78183 + 1.47834 + 0.00000 + 0.00000]
 recall=[0.22971, 0.49724], precision=[0.31188, 0.17737], F1=[0.24374, 0.24501], RMRR=[0.10867, 0.15683]
Epoch 1020 [3.6s]: train==[6164.83040=6104.91751 + 1.47476 + 0.00000 + 0.00000]
Epoch 1021 [3.5s]: train==[6386.85208=6326.93480 + 1.47861 + 0.00000 + 0.00000]
Epoch 1022 [3.4s]: train==[6361.81635=6301.89627 + 1.47803 + 0.00000 + 0.00000]
Epoch 1023 [3.5s]: train==[6472.12884=6412.20705 + 1.47918 + 0.00000 + 0.00000]
Epoch 1024 [3.4s]: train==[6291.57798=6231.65630 + 1.48135 + 0.00000 + 0.00000]
Epoch 1025 [3.4s]: train==[6413.41658=6353.49454 + 1.48184 + 0.00000 + 0.00000]
Epoch 1026 [3.4s]: train==[6246.91776=6186.98799 + 1.48452 + 0.00000 + 0.00000]
Epoch 1027 [3.5s]: train==[6413.03802=6353.10641 + 1.48718 + 0.00000 + 0.00000]
Epoch 1028 [3.4s]: train==[6419.16050=6359.23132 + 1.48593 + 0.00000 + 0.00000]
drop_flag:  True ,	 mess_dropout:  [0.0, 0.0]
rate_batch  torch.Size([1162, 753])
gt_count  8427
candidate_count  874986
ideal candidate count  874986
Epoch 1029 [3.5s + 5.7s]: train==[6327.95788=6268.02606 + 1.48647 + 0.00000 + 0.00000]
 recall=[0.22661, 0.49923], precision=[0.30998, 0.17741], F1=[0.24156, 0.24533], RMRR=[0.10950, 0.15738]
Epoch 1030 [3.4s]: train==[6637.02354=6577.09557 + 1.48664 + 0.00000 + 0.00000]
Epoch 1031 [3.5s]: train==[6360.11430=6300.18513 + 1.48634 + 0.00000 + 0.00000]
Epoch 1032 [3.4s]: train==[6218.32732=6158.39636 + 1.48678 + 0.00000 + 0.00000]
Epoch 1033 [3.5s]: train==[6301.09165=6241.15730 + 1.48945 + 0.00000 + 0.00000]
Epoch 1034 [3.4s]: train==[6567.09169=6507.15723 + 1.49071 + 0.00000 + 0.00000]
Epoch 1035 [3.5s]: train==[6380.27707=6320.34218 + 1.49129 + 0.00000 + 0.00000]
Epoch 1036 [3.5s]: train==[6646.29087=6586.34921 + 1.49422 + 0.00000 + 0.00000]
Epoch 1037 [3.5s]: train==[6520.86443=6460.92191 + 1.49400 + 0.00000 + 0.00000]
Epoch 1038 [3.5s]: train==[6529.60762=6469.66002 + 1.49768 + 0.00000 + 0.00000]
drop_flag:  True ,	 mess_dropout:  [0.0, 0.0]
rate_batch  torch.Size([1162, 753])
gt_count  8427
candidate_count  874986
ideal candidate count  874986
Epoch 1039 [3.5s + 5.8s]: train==[6522.48429=6462.53705 + 1.49798 + 0.00000 + 0.00000]
 recall=[0.22714, 0.49033], precision=[0.31136, 0.17633], F1=[0.24210, 0.24330], RMRR=[0.10741, 0.15389]
Epoch 1040 [3.5s]: train==[6352.66079=6292.71588 + 1.49757 + 0.00000 + 0.00000]
Epoch 1041 [3.5s]: train==[6563.33340=6503.38527 + 1.49933 + 0.00000 + 0.00000]
Epoch 1042 [3.5s]: train==[6246.29069=6186.34013 + 1.50132 + 0.00000 + 0.00000]
Epoch 1043 [3.5s]: train==[6415.56493=6355.61864 + 1.49833 + 0.00000 + 0.00000]
Epoch 1044 [3.4s]: train==[6419.37625=6359.42462 + 1.50189 + 0.00000 + 0.00000]
Epoch 1045 [3.4s]: train==[6322.74987=6262.79662 + 1.50310 + 0.00000 + 0.00000]
Epoch 1046 [3.5s]: train==[6330.75209=6270.79617 + 1.50577 + 0.00000 + 0.00000]
Epoch 1047 [3.5s]: train==[6360.71609=6300.76273 + 1.50325 + 0.00000 + 0.00000]
Epoch 1048 [3.5s]: train==[6635.53958=6575.58533 + 1.50602 + 0.00000 + 0.00000]
drop_flag:  True ,	 mess_dropout:  [0.0, 0.0]
rate_batch  torch.Size([1162, 753])
gt_count  8427
candidate_count  874986
ideal candidate count  874986
Epoch 1049 [3.4s + 5.7s]: train==[6554.06686=6494.10989 + 1.50543 + 0.00000 + 0.00000]
 recall=[0.22957, 0.49601], precision=[0.31549, 0.17754], F1=[0.24518, 0.24511], RMRR=[0.11108, 0.15834]
Epoch 1050 [3.4s]: train==[6344.28790=6284.32664 + 1.50844 + 0.00000 + 0.00000]
Epoch 1051 [3.4s]: train==[6283.02750=6223.06572 + 1.50811 + 0.00000 + 0.00000]
Epoch 1052 [3.4s]: train==[6536.33620=6476.37489 + 1.50916 + 0.00000 + 0.00000]
Epoch 1053 [3.5s]: train==[6399.14788=6339.18710 + 1.50811 + 0.00000 + 0.00000]
Epoch 1054 [3.5s]: train==[6309.04880=6249.08438 + 1.51160 + 0.00000 + 0.00000]
Epoch 1055 [3.5s]: train==[6304.04523=6244.07771 + 1.51150 + 0.00000 + 0.00000]
Epoch 1056 [3.5s]: train==[6135.73221=6075.76534 + 1.51101 + 0.00000 + 0.00000]
Epoch 1057 [3.5s]: train==[6358.31606=6298.34703 + 1.51461 + 0.00000 + 0.00000]
Epoch 1058 [3.5s]: train==[6214.09688=6154.12738 + 1.51512 + 0.00000 + 0.00000]
drop_flag:  True ,	 mess_dropout:  [0.0, 0.0]
rate_batch  torch.Size([1162, 753])
gt_count  8427
candidate_count  874986
ideal candidate count  874986
Epoch 1059 [3.4s + 5.7s]: train==[6361.28402=6301.31612 + 1.51542 + 0.00000 + 0.00000]
 recall=[0.22759, 0.49407], precision=[0.31119, 0.17814], F1=[0.24262, 0.24587], RMRR=[0.10730, 0.15431]
Epoch 1060 [3.4s]: train==[6330.37502=6270.40680 + 1.51372 + 0.00000 + 0.00000]
Epoch 1061 [3.4s]: train==[6320.74036=6260.76828 + 1.51832 + 0.00000 + 0.00000]
Epoch 1062 [3.5s]: train==[6358.12048=6298.14488 + 1.51994 + 0.00000 + 0.00000]
Epoch 1063 [3.5s]: train==[6524.55631=6464.58099 + 1.51887 + 0.00000 + 0.00000]
Epoch 1064 [3.5s]: train==[6376.79165=6316.81787 + 1.51773 + 0.00000 + 0.00000]
Epoch 1065 [3.6s]: train==[6352.83051=6292.85435 + 1.51953 + 0.00000 + 0.00000]
Epoch 1066 [3.6s]: train==[6342.91955=6282.94336 + 1.52226 + 0.00000 + 0.00000]
Epoch 1067 [3.5s]: train==[6244.01641=6184.03807 + 1.52229 + 0.00000 + 0.00000]
Epoch 1068 [3.5s]: train==[6183.92889=6123.94722 + 1.52494 + 0.00000 + 0.00000]
drop_flag:  True ,	 mess_dropout:  [0.0, 0.0]
rate_batch  torch.Size([1162, 753])
gt_count  8427
candidate_count  874986
ideal candidate count  874986
Epoch 1069 [3.5s + 5.7s]: train==[6578.62253=6518.64137 + 1.52571 + 0.00000 + 0.00000]
 recall=[0.22477, 0.49907], precision=[0.30706, 0.17762], F1=[0.23915, 0.24551], RMRR=[0.10688, 0.15446]
Epoch 1070 [3.4s]: train==[6499.89915=6439.91539 + 1.52575 + 0.00000 + 0.00000]
Epoch 1071 [3.4s]: train==[6233.94000=6173.95583 + 1.52764 + 0.00000 + 0.00000]
Epoch 1072 [3.5s]: train==[6357.83637=6297.85043 + 1.52770 + 0.00000 + 0.00000]
Epoch 1073 [3.4s]: train==[6422.69657=6362.70767 + 1.52884 + 0.00000 + 0.00000]
Epoch 1074 [3.4s]: train==[6539.47419=6479.48914 + 1.52769 + 0.00000 + 0.00000]
Epoch 1075 [3.4s]: train==[6292.21535=6232.22929 + 1.52851 + 0.00000 + 0.00000]
Epoch 1076 [3.5s]: train==[6239.60583=6179.62044 + 1.52765 + 0.00000 + 0.00000]
Epoch 1077 [3.4s]: train==[6435.67572=6375.68704 + 1.52942 + 0.00000 + 0.00000]
Epoch 1078 [3.4s]: train==[6502.17145=6442.17213 + 1.53409 + 0.00000 + 0.00000]
drop_flag:  True ,	 mess_dropout:  [0.0, 0.0]
rate_batch  torch.Size([1162, 753])
gt_count  8427
candidate_count  874986
ideal candidate count  874986
Epoch 1079 [3.4s + 5.7s]: train==[6284.41046=6224.40915 + 1.53586 + 0.00000 + 0.00000]
 recall=[0.22605, 0.49768], precision=[0.30809, 0.17793], F1=[0.23985, 0.24588], RMRR=[0.10739, 0.15576]
Epoch 1080 [3.4s]: train==[6381.89576=6321.89951 + 1.53363 + 0.00000 + 0.00000]
Epoch 1081 [3.4s]: train==[6526.39649=6466.39703 + 1.53759 + 0.00000 + 0.00000]
Epoch 1082 [3.4s]: train==[6295.01785=6235.02194 + 1.53422 + 0.00000 + 0.00000]
Epoch 1083 [3.4s]: train==[6406.06683=6346.07019 + 1.53551 + 0.00000 + 0.00000]
Epoch 1084 [3.4s]: train==[6362.84884=6302.85158 + 1.53577 + 0.00000 + 0.00000]
Epoch 1085 [3.4s]: train==[6299.77468=6239.77637 + 1.53861 + 0.00000 + 0.00000]
Epoch 1086 [3.5s]: train==[6475.92090=6415.92657 + 1.53526 + 0.00000 + 0.00000]
Epoch 1087 [3.4s]: train==[6459.73230=6399.73723 + 1.53636 + 0.00000 + 0.00000]
Epoch 1088 [3.5s]: train==[6332.25796=6272.26093 + 1.53735 + 0.00000 + 0.00000]
drop_flag:  True ,	 mess_dropout:  [0.0, 0.0]
rate_batch  torch.Size([1162, 753])
gt_count  8427
candidate_count  874986
ideal candidate count  874986
Epoch 1089 [3.5s + 5.7s]: train==[6290.16280=6230.16301 + 1.53872 + 0.00000 + 0.00000]
 recall=[0.22642, 0.49760], precision=[0.30826, 0.17775], F1=[0.24020, 0.24559], RMRR=[0.10610, 0.15369]
Epoch 1090 [3.4s]: train==[6088.45644=6028.45256 + 1.54125 + 0.00000 + 0.00000]
Epoch 1091 [3.4s]: train==[6437.22916=6377.22620 + 1.54193 + 0.00000 + 0.00000]
Epoch 1092 [3.4s]: train==[6277.47071=6217.46703 + 1.54126 + 0.00000 + 0.00000]
Epoch 1093 [3.4s]: train==[6491.61658=6431.61255 + 1.54337 + 0.00000 + 0.00000]
Epoch 1094 [3.4s]: train==[6238.32398=6178.32285 + 1.54120 + 0.00000 + 0.00000]
Epoch 1095 [3.4s]: train==[6336.09037=6276.08556 + 1.54358 + 0.00000 + 0.00000]
Epoch 1096 [3.4s]: train==[6415.16249=6355.15588 + 1.54408 + 0.00000 + 0.00000]
Epoch 1097 [3.4s]: train==[6389.06419=6329.05653 + 1.54629 + 0.00000 + 0.00000]
Epoch 1098 [3.4s]: train==[6187.38853=6127.38095 + 1.54568 + 0.00000 + 0.00000]
drop_flag:  True ,	 mess_dropout:  [0.0, 0.0]
rate_batch  torch.Size([1162, 753])
gt_count  8427
candidate_count  874986
ideal candidate count  874986
Epoch 1099 [3.4s + 5.7s]: train==[6391.59559=6331.58990 + 1.54523 + 0.00000 + 0.00000]
 recall=[0.23147, 0.49765], precision=[0.31773, 0.17711], F1=[0.24732, 0.24499], RMRR=[0.11027, 0.15754]
Epoch 1100 [3.4s]: train==[6321.27751=6261.27286 + 1.54478 + 0.00000 + 0.00000]
Epoch 1101 [3.4s]: train==[6390.65771=6330.64586 + 1.54845 + 0.00000 + 0.00000]
Epoch 1102 [3.4s]: train==[6393.38461=6333.37561 + 1.54753 + 0.00000 + 0.00000]
Epoch 1103 [3.4s]: train==[6250.89933=6190.88733 + 1.54828 + 0.00000 + 0.00000]
Epoch 1104 [3.4s]: train==[6335.60957=6275.60225 + 1.54804 + 0.00000 + 0.00000]
Epoch 1105 [3.4s]: train==[6336.60485=6276.59877 + 1.54774 + 0.00000 + 0.00000]
Epoch 1106 [3.4s]: train==[6241.61854=6181.60443 + 1.55290 + 0.00000 + 0.00000]
Epoch 1107 [3.4s]: train==[6214.12090=6154.10208 + 1.55204 + 0.00000 + 0.00000]
Epoch 1108 [3.4s]: train==[6287.99248=6227.97697 + 1.55213 + 0.00000 + 0.00000]
drop_flag:  True ,	 mess_dropout:  [0.0, 0.0]
rate_batch  torch.Size([1162, 753])
gt_count  8427
candidate_count  874986
ideal candidate count  874986
Epoch 1109 [3.4s + 5.7s]: train==[6280.04851=6220.03065 + 1.55356 + 0.00000 + 0.00000]
 recall=[0.22835, 0.49478], precision=[0.31136, 0.17664], F1=[0.24322, 0.24399], RMRR=[0.10773, 0.15359]
Epoch 1110 [3.4s]: train==[6400.15493=6340.13806 + 1.55411 + 0.00000 + 0.00000]
Epoch 1111 [3.4s]: train==[6195.75444=6135.73717 + 1.55411 + 0.00000 + 0.00000]
Epoch 1112 [3.4s]: train==[6429.01829=6368.99716 + 1.55526 + 0.00000 + 0.00000]
Epoch 1113 [3.4s]: train==[6324.45801=6264.43829 + 1.55495 + 0.00000 + 0.00000]
Epoch 1114 [3.4s]: train==[6379.50863=6319.49046 + 1.55580 + 0.00000 + 0.00000]
Epoch 1115 [3.5s]: train==[6560.65251=6500.63049 + 1.55633 + 0.00000 + 0.00000]
Epoch 1116 [3.5s]: train==[6470.63016=6410.60545 + 1.55971 + 0.00000 + 0.00000]
Epoch 1117 [3.5s]: train==[6217.36674=6157.33963 + 1.55940 + 0.00000 + 0.00000]
Epoch 1118 [3.5s]: train==[6345.74612=6285.71841 + 1.56080 + 0.00000 + 0.00000]
drop_flag:  True ,	 mess_dropout:  [0.0, 0.0]
rate_batch  torch.Size([1162, 753])
gt_count  8427
candidate_count  874986
ideal candidate count  874986
Epoch 1119 [3.4s + 5.7s]: train==[6332.95037=6272.92085 + 1.56159 + 0.00000 + 0.00000]
 recall=[0.23092, 0.49829], precision=[0.31618, 0.17861], F1=[0.24580, 0.24664], RMRR=[0.10875, 0.15675]
Epoch 1120 [3.4s]: train==[6130.04054=6070.01306 + 1.56107 + 0.00000 + 0.00000]
Epoch 1121 [3.4s]: train==[6256.20384=6196.17705 + 1.56219 + 0.00000 + 0.00000]
Epoch 1122 [3.4s]: train==[6400.42918=6340.39784 + 1.56499 + 0.00000 + 0.00000]
Epoch 1123 [3.4s]: train==[6259.60286=6199.57300 + 1.56391 + 0.00000 + 0.00000]
Epoch 1124 [3.4s]: train==[6261.70105=6201.66530 + 1.56817 + 0.00000 + 0.00000]
Epoch 1125 [3.4s]: train==[6217.15141=6157.11740 + 1.56742 + 0.00000 + 0.00000]
Epoch 1126 [3.4s]: train==[6353.08481=6293.04930 + 1.56695 + 0.00000 + 0.00000]
Epoch 1127 [3.4s]: train==[6149.29005=6089.25476 + 1.56734 + 0.00000 + 0.00000]
Epoch 1128 [3.4s]: train==[6525.94321=6465.90764 + 1.56739 + 0.00000 + 0.00000]
drop_flag:  True ,	 mess_dropout:  [0.0, 0.0]
rate_batch  torch.Size([1162, 753])
gt_count  8427
candidate_count  874986
ideal candidate count  874986
Epoch 1129 [3.4s + 5.7s]: train==[6359.02532=6298.98877 + 1.56757 + 0.00000 + 0.00000]
 recall=[0.23186, 0.49838], precision=[0.31824, 0.17771], F1=[0.24779, 0.24560], RMRR=[0.11091, 0.15828]
Epoch 1130 [3.4s]: train==[6386.19131=6326.15416 + 1.56818 + 0.00000 + 0.00000]
Epoch 1131 [3.4s]: train==[6377.85535=6317.81497 + 1.57133 + 0.00000 + 0.00000]
Epoch 1132 [3.4s]: train==[6270.83540=6210.79257 + 1.57295 + 0.00000 + 0.00000]
Epoch 1133 [3.4s]: train==[6382.67179=6322.62834 + 1.57421 + 0.00000 + 0.00000]
Epoch 1134 [3.4s]: train==[6353.67821=6293.63559 + 1.57412 + 0.00000 + 0.00000]
Epoch 1135 [3.4s]: train==[6462.35412=6402.30905 + 1.57474 + 0.00000 + 0.00000]
Epoch 1136 [3.4s]: train==[6371.39981=6311.35524 + 1.57458 + 0.00000 + 0.00000]
Epoch 1137 [3.4s]: train==[6164.98451=6104.93700 + 1.57624 + 0.00000 + 0.00000]
Epoch 1138 [3.5s]: train==[6382.82839=6322.78110 + 1.57629 + 0.00000 + 0.00000]
drop_flag:  True ,	 mess_dropout:  [0.0, 0.0]
rate_batch  torch.Size([1162, 753])
gt_count  8427
candidate_count  874986
ideal candidate count  874986
Epoch 1139 [3.4s + 5.7s]: train==[6349.24069=6289.19504 + 1.57788 + 0.00000 + 0.00000]
 recall=[0.23024, 0.49622], precision=[0.31429, 0.17750], F1=[0.24488, 0.24532], RMRR=[0.11000, 0.15688]
Epoch 1140 [3.4s]: train==[6472.43457=6412.39012 + 1.57576 + 0.00000 + 0.00000]
Epoch 1141 [3.4s]: train==[6256.53830=6196.48863 + 1.57942 + 0.00000 + 0.00000]
Epoch 1142 [3.4s]: train==[6188.09593=6128.04199 + 1.57993 + 0.00000 + 0.00000]
Epoch 1143 [3.4s]: train==[6415.42847=6355.37491 + 1.57898 + 0.00000 + 0.00000]
Epoch 1144 [3.4s]: train==[6122.24378=6062.19092 + 1.57968 + 0.00000 + 0.00000]
Epoch 1145 [3.5s]: train==[6327.29162=6267.23380 + 1.58282 + 0.00000 + 0.00000]
Epoch 1146 [3.4s]: train==[6622.58903=6562.53094 + 1.58348 + 0.00000 + 0.00000]
Epoch 1147 [3.4s]: train==[6263.36325=6203.30429 + 1.58627 + 0.00000 + 0.00000]
Epoch 1148 [3.3s]: train==[6103.64947=6043.58778 + 1.58647 + 0.00000 + 0.00000]
drop_flag:  True ,	 mess_dropout:  [0.0, 0.0]
rate_batch  torch.Size([1162, 753])
gt_count  8427
candidate_count  874986
ideal candidate count  874986
Epoch 1149 [3.4s + 5.7s]: train==[6322.90932=6262.84486 + 1.58793 + 0.00000 + 0.00000]
 recall=[0.23043, 0.50162], precision=[0.31842, 0.17801], F1=[0.24688, 0.24647], RMRR=[0.10904, 0.15746]
Epoch 1150 [3.4s]: train==[6327.85739=6267.79373 + 1.58670 + 0.00000 + 0.00000]
Epoch 1151 [3.4s]: train==[6307.47137=6247.40723 + 1.58884 + 0.00000 + 0.00000]
Epoch 1152 [3.3s]: train==[6177.80596=6117.73726 + 1.59373 + 0.00000 + 0.00000]
Epoch 1153 [3.3s]: train==[6501.93699=6441.87006 + 1.59206 + 0.00000 + 0.00000]
Epoch 1154 [3.3s]: train==[6214.53902=6154.47066 + 1.59203 + 0.00000 + 0.00000]
Epoch 1155 [3.3s]: train==[6224.12284=6164.05415 + 1.59334 + 0.00000 + 0.00000]
Epoch 1156 [3.3s]: train==[6109.76167=6049.69104 + 1.59269 + 0.00000 + 0.00000]
Epoch 1157 [3.3s]: train==[6196.33368=6136.26192 + 1.59498 + 0.00000 + 0.00000]
Epoch 1158 [3.3s]: train==[6257.53136=6197.46259 + 1.59472 + 0.00000 + 0.00000]
drop_flag:  True ,	 mess_dropout:  [0.0, 0.0]
rate_batch  torch.Size([1162, 753])
gt_count  8427
candidate_count  874986
ideal candidate count  874986
Epoch 1159 [3.3s + 5.7s]: train==[6317.28396=6257.21036 + 1.59843 + 0.00000 + 0.00000]
 recall=[0.23326, 0.50171], precision=[0.32048, 0.17861], F1=[0.24897, 0.24684], RMRR=[0.11066, 0.15792]
Epoch 1160 [3.3s]: train==[6418.16207=6358.09067 + 1.59525 + 0.00000 + 0.00000]
Epoch 1161 [3.3s]: train==[6434.58281=6374.51219 + 1.59702 + 0.00000 + 0.00000]
Epoch 1162 [3.4s]: train==[6262.12908=6202.05731 + 1.59754 + 0.00000 + 0.00000]
Epoch 1163 [3.3s]: train==[6274.85751=6214.78333 + 1.59955 + 0.00000 + 0.00000]
Epoch 1164 [3.4s]: train==[6135.67657=6075.59933 + 1.60153 + 0.00000 + 0.00000]
Epoch 1165 [3.3s]: train==[6518.31969=6458.24326 + 1.60217 + 0.00000 + 0.00000]
Epoch 1166 [3.3s]: train==[6199.69121=6139.61322 + 1.60239 + 0.00000 + 0.00000]
Epoch 1167 [3.3s]: train==[6570.95982=6510.87984 + 1.60154 + 0.00000 + 0.00000]
Epoch 1168 [3.3s]: train==[6301.80937=6241.72931 + 1.60384 + 0.00000 + 0.00000]
drop_flag:  True ,	 mess_dropout:  [0.0, 0.0]
rate_batch  torch.Size([1162, 753])
gt_count  8427
candidate_count  874986
ideal candidate count  874986
Epoch 1169 [3.3s + 5.6s]: train==[6208.59804=6148.51544 + 1.60438 + 0.00000 + 0.00000]
 recall=[0.23062, 0.50275], precision=[0.31497, 0.17831], F1=[0.24552, 0.24676], RMRR=[0.10735, 0.15592]
Epoch 1170 [3.3s]: train==[6148.21670=6088.13414 + 1.60576 + 0.00000 + 0.00000]
Epoch 1171 [3.3s]: train==[6236.06926=6175.98868 + 1.60666 + 0.00000 + 0.00000]
Epoch 1172 [3.5s]: train==[6283.08398=6223.00255 + 1.60667 + 0.00000 + 0.00000]
Epoch 1173 [3.5s]: train==[6431.33465=6371.25368 + 1.60414 + 0.00000 + 0.00000]
Epoch 1174 [3.4s]: train==[6491.35904=6431.27509 + 1.60667 + 0.00000 + 0.00000]
Epoch 1175 [3.4s]: train==[6478.34111=6418.25511 + 1.60834 + 0.00000 + 0.00000]
Epoch 1176 [3.5s]: train==[6333.19357=6273.10524 + 1.61120 + 0.00000 + 0.00000]
Epoch 1177 [3.4s]: train==[6390.59787=6330.51427 + 1.60890 + 0.00000 + 0.00000]
Epoch 1178 [3.4s]: train==[6203.60854=6143.52045 + 1.60996 + 0.00000 + 0.00000]
drop_flag:  True ,	 mess_dropout:  [0.0, 0.0]
rate_batch  torch.Size([1162, 753])
gt_count  8427
candidate_count  874986
ideal candidate count  874986
Epoch 1179 [3.6s + 5.8s]: train==[6103.91253=6043.81659 + 1.61425 + 0.00000 + 0.00000]
 recall=[0.23213, 0.49817], precision=[0.31670, 0.17771], F1=[0.24686, 0.24584], RMRR=[0.10856, 0.15594]
Epoch 1180 [3.8s]: train==[6209.35657=6149.26569 + 1.61127 + 0.00000 + 0.00000]
Epoch 1181 [3.5s]: train==[6328.11047=6268.02054 + 1.61282 + 0.00000 + 0.00000]
Epoch 1182 [3.5s]: train==[6186.88411=6126.79262 + 1.61506 + 0.00000 + 0.00000]
Epoch 1183 [3.6s]: train==[6313.15693=6253.06715 + 1.61334 + 0.00000 + 0.00000]
Epoch 1184 [3.5s]: train==[6098.30127=6038.21092 + 1.61315 + 0.00000 + 0.00000]
Epoch 1185 [3.6s]: train==[6307.15343=6247.06219 + 1.61423 + 0.00000 + 0.00000]
Epoch 1186 [3.5s]: train==[6398.89797=6338.80486 + 1.61606 + 0.00000 + 0.00000]
Epoch 1187 [3.5s]: train==[6358.49759=6298.40390 + 1.61662 + 0.00000 + 0.00000]
Epoch 1188 [3.5s]: train==[6233.67097=6173.57404 + 1.61752 + 0.00000 + 0.00000]
drop_flag:  True ,	 mess_dropout:  [0.0, 0.0]
rate_batch  torch.Size([1162, 753])
gt_count  8427
candidate_count  874986
ideal candidate count  874986
Epoch 1189 [3.5s + 5.8s]: train==[6351.91210=6291.81705 + 1.61706 + 0.00000 + 0.00000]
 recall=[0.22851, 0.49883], precision=[0.31429, 0.17793], F1=[0.24393, 0.24601], RMRR=[0.10998, 0.15758]
Epoch 1190 [3.5s]: train==[6183.85825=6123.76042 + 1.61745 + 0.00000 + 0.00000]
Epoch 1191 [3.5s]: train==[6152.40745=6092.30893 + 1.61978 + 0.00000 + 0.00000]
Epoch 1192 [3.5s]: train==[6259.19885=6199.10161 + 1.61803 + 0.00000 + 0.00000]
Epoch 1193 [3.5s]: train==[6085.28373=6025.18370 + 1.62096 + 0.00000 + 0.00000]
Epoch 1194 [3.5s]: train==[6133.06138=6072.95917 + 1.62319 + 0.00000 + 0.00000]
Epoch 1195 [3.5s]: train==[6361.18264=6301.08237 + 1.62299 + 0.00000 + 0.00000]
Epoch 1196 [3.5s]: train==[6386.89877=6326.79559 + 1.62413 + 0.00000 + 0.00000]
Epoch 1197 [3.5s]: train==[6159.85132=6099.74986 + 1.62357 + 0.00000 + 0.00000]
Epoch 1198 [3.5s]: train==[6268.82531=6208.71927 + 1.62550 + 0.00000 + 0.00000]
drop_flag:  True ,	 mess_dropout:  [0.0, 0.0]
rate_batch  torch.Size([1162, 753])
gt_count  8427
candidate_count  874986
ideal candidate count  874986
Epoch 1199 [3.5s + 5.7s]: train==[6333.94123=6273.82864 + 1.62875 + 0.00000 + 0.00000]
 recall=[0.22523, 0.49940], precision=[0.30809, 0.17767], F1=[0.23972, 0.24562], RMRR=[0.10683, 0.15409]
Epoch 1200 [3.5s]: train==[6489.36849=6429.25998 + 1.62652 + 0.00000 + 0.00000]
Epoch 1201 [3.4s]: train==[6364.90235=6304.78888 + 1.63060 + 0.00000 + 0.00000]
Epoch 1202 [3.5s]: train==[6327.37262=6267.26341 + 1.62778 + 0.00000 + 0.00000]
Epoch 1203 [3.5s]: train==[6306.60216=6246.49269 + 1.62843 + 0.00000 + 0.00000]
Epoch 1204 [3.5s]: train==[6155.96325=6095.85123 + 1.63120 + 0.00000 + 0.00000]
Epoch 1205 [3.5s]: train==[6327.31559=6267.20320 + 1.62995 + 0.00000 + 0.00000]
Epoch 1206 [3.5s]: train==[6268.10848=6207.99588 + 1.63101 + 0.00000 + 0.00000]
Epoch 1207 [3.5s]: train==[6395.67167=6335.55637 + 1.63307 + 0.00000 + 0.00000]
Epoch 1208 [3.5s]: train==[6419.20950=6359.09447 + 1.63306 + 0.00000 + 0.00000]
drop_flag:  True ,	 mess_dropout:  [0.0, 0.0]
rate_batch  torch.Size([1162, 753])
gt_count  8427
candidate_count  874986
ideal candidate count  874986
Epoch 1209 [3.5s + 5.7s]: train==[6228.17824=6168.06310 + 1.63268 + 0.00000 + 0.00000]
 recall=[0.22988, 0.49643], precision=[0.31549, 0.17750], F1=[0.24534, 0.24518], RMRR=[0.10878, 0.15413]
Epoch 1210 [3.5s]: train==[6285.80003=6225.68451 + 1.63420 + 0.00000 + 0.00000]
Epoch 1211 [3.5s]: train==[6328.07003=6267.95702 + 1.63284 + 0.00000 + 0.00000]
Epoch 1212 [3.5s]: train==[6450.73995=6390.62454 + 1.63539 + 0.00000 + 0.00000]
Epoch 1213 [3.5s]: train==[6300.93460=6240.81961 + 1.63432 + 0.00000 + 0.00000]
Epoch 1214 [3.5s]: train==[6241.84336=6181.72508 + 1.63656 + 0.00000 + 0.00000]
Epoch 1215 [3.6s]: train==[6229.75349=6169.63553 + 1.63689 + 0.00000 + 0.00000]
Epoch 1216 [3.5s]: train==[6298.42905=6238.31027 + 1.63786 + 0.00000 + 0.00000]
Epoch 1217 [3.5s]: train==[6298.81835=6238.69469 + 1.63923 + 0.00000 + 0.00000]
Epoch 1218 [3.5s]: train==[6329.28190=6269.15919 + 1.63904 + 0.00000 + 0.00000]
drop_flag:  True ,	 mess_dropout:  [0.0, 0.0]
rate_batch  torch.Size([1162, 753])
gt_count  8427
candidate_count  874986
ideal candidate count  874986
Epoch 1219 [3.5s + 5.7s]: train==[6224.66228=6164.53952 + 1.63872 + 0.00000 + 0.00000]
 recall=[0.23027, 0.50355], precision=[0.31566, 0.17930], F1=[0.24576, 0.24788], RMRR=[0.10568, 0.15269]
Epoch 1220 [3.5s]: train==[6186.90838=6126.78584 + 1.63921 + 0.00000 + 0.00000]
Epoch 1221 [3.5s]: train==[6441.78179=6381.65474 + 1.64198 + 0.00000 + 0.00000]
Epoch 1222 [3.5s]: train==[6205.10359=6144.97473 + 1.64427 + 0.00000 + 0.00000]
Epoch 1223 [3.5s]: train==[6084.58668=6024.46286 + 1.64189 + 0.00000 + 0.00000]
Epoch 1224 [3.5s]: train==[6064.77190=6004.64641 + 1.64382 + 0.00000 + 0.00000]
Epoch 1225 [3.5s]: train==[6115.33265=6055.20177 + 1.64547 + 0.00000 + 0.00000]
Epoch 1226 [3.5s]: train==[6460.89544=6400.76060 + 1.64893 + 0.00000 + 0.00000]
Epoch 1227 [3.5s]: train==[6105.92571=6045.78755 + 1.65075 + 0.00000 + 0.00000]
Epoch 1228 [3.5s]: train==[6226.84085=6166.71002 + 1.64600 + 0.00000 + 0.00000]
drop_flag:  True ,	 mess_dropout:  [0.0, 0.0]
rate_batch  torch.Size([1162, 753])
gt_count  8427
candidate_count  874986
ideal candidate count  874986
Epoch 1229 [3.5s + 5.7s]: train==[6483.42363=6423.29323 + 1.64429 + 0.00000 + 0.00000]
 recall=[0.23455, 0.50216], precision=[0.32031, 0.17948], F1=[0.24975, 0.24789], RMRR=[0.11374, 0.16087]
Epoch 1230 [3.5s]: train==[6552.45878=6492.32834 + 1.64586 + 0.00000 + 0.00000]
Epoch 1231 [3.5s]: train==[6283.91736=6223.78348 + 1.64575 + 0.00000 + 0.00000]
Epoch 1232 [3.5s]: train==[6409.59725=6349.46130 + 1.64826 + 0.00000 + 0.00000]
Epoch 1233 [3.5s]: train==[6251.89143=6191.75333 + 1.65125 + 0.00000 + 0.00000]
Epoch 1234 [3.5s]: train==[6226.89332=6166.75865 + 1.64880 + 0.00000 + 0.00000]
Epoch 1235 [3.5s]: train==[6072.44308=6012.30721 + 1.64771 + 0.00000 + 0.00000]
Epoch 1236 [3.5s]: train==[6347.17704=6287.03883 + 1.65210 + 0.00000 + 0.00000]
Epoch 1237 [3.5s]: train==[6494.25930=6434.11755 + 1.65334 + 0.00000 + 0.00000]
Epoch 1238 [3.5s]: train==[6243.61225=6183.46887 + 1.65663 + 0.00000 + 0.00000]
drop_flag:  True ,	 mess_dropout:  [0.0, 0.0]
rate_batch  torch.Size([1162, 753])
gt_count  8427
candidate_count  874986
ideal candidate count  874986
Epoch 1239 [3.5s + 5.7s]: train==[6411.21144=6351.07167 + 1.65262 + 0.00000 + 0.00000]
 recall=[0.23332, 0.50082], precision=[0.31910, 0.17956], F1=[0.24818, 0.24791], RMRR=[0.11084, 0.15782]
Epoch 1240 [3.5s]: train==[6272.22910=6212.08995 + 1.65229 + 0.00000 + 0.00000]
Epoch 1241 [3.5s]: train==[6172.40888=6112.26657 + 1.65443 + 0.00000 + 0.00000]
Epoch 1242 [3.5s]: train==[6217.11535=6156.96367 + 1.66121 + 0.00000 + 0.00000]
Epoch 1243 [3.5s]: train==[6281.89672=6221.74933 + 1.65800 + 0.00000 + 0.00000]
Epoch 1244 [3.5s]: train==[6411.27562=6351.12605 + 1.65949 + 0.00000 + 0.00000]
Epoch 1245 [3.5s]: train==[6351.77692=6291.62546 + 1.66093 + 0.00000 + 0.00000]
Epoch 1246 [3.5s]: train==[6515.68347=6455.53685 + 1.65803 + 0.00000 + 0.00000]
Epoch 1247 [3.5s]: train==[6280.84897=6220.69778 + 1.66021 + 0.00000 + 0.00000]
Epoch 1248 [3.5s]: train==[6370.51404=6310.36061 + 1.65941 + 0.00000 + 0.00000]
drop_flag:  True ,	 mess_dropout:  [0.0, 0.0]
rate_batch  torch.Size([1162, 753])
gt_count  8427
candidate_count  874986
ideal candidate count  874986
Epoch 1249 [3.5s + 5.7s]: train==[6377.46703=6317.31288 + 1.65980 + 0.00000 + 0.00000]
 recall=[0.23223, 0.50248], precision=[0.31773, 0.17904], F1=[0.24759, 0.24756], RMRR=[0.11082, 0.15889]
Epoch 1250 [3.5s]: train==[6164.24183=6104.08463 + 1.66454 + 0.00000 + 0.00000]
Epoch 1251 [3.5s]: train==[6278.45880=6218.29546 + 1.66887 + 0.00000 + 0.00000]
Epoch 1252 [3.5s]: train==[6327.80037=6267.64305 + 1.66533 + 0.00000 + 0.00000]
Epoch 1253 [3.5s]: train==[6354.59549=6294.43988 + 1.66478 + 0.00000 + 0.00000]
Epoch 1254 [3.4s]: train==[6623.85725=6563.70557 + 1.66370 + 0.00000 + 0.00000]
Epoch 1255 [3.4s]: train==[5981.75462=5921.59908 + 1.66392 + 0.00000 + 0.00000]
Epoch 1256 [3.4s]: train==[6233.75055=6173.59442 + 1.66623 + 0.00000 + 0.00000]
Epoch 1257 [3.4s]: train==[6273.01395=6212.85509 + 1.66628 + 0.00000 + 0.00000]
Epoch 1258 [3.4s]: train==[6210.33984=6150.18381 + 1.66578 + 0.00000 + 0.00000]
drop_flag:  True ,	 mess_dropout:  [0.0, 0.0]
rate_batch  torch.Size([1162, 753])
gt_count  8427
candidate_count  874986
ideal candidate count  874986
Epoch 1259 [3.4s + 5.7s]: train==[6425.60489=6365.44786 + 1.66592 + 0.00000 + 0.00000]
 recall=[0.23383, 0.50359], precision=[0.31876, 0.17948], F1=[0.24819, 0.24803], RMRR=[0.10874, 0.15709]
Epoch 1260 [3.4s]: train==[6410.29835=6350.13696 + 1.66992 + 0.00000 + 0.00000]
Epoch 1261 [3.5s]: train==[6309.80649=6249.64590 + 1.66841 + 0.00000 + 0.00000]
Epoch 1262 [3.5s]: train==[6374.74386=6314.58298 + 1.67137 + 0.00000 + 0.00000]
Epoch 1263 [3.4s]: train==[6358.58586=6298.41969 + 1.67382 + 0.00000 + 0.00000]
Epoch 1264 [3.5s]: train==[6429.50013=6369.33778 + 1.67279 + 0.00000 + 0.00000]
Epoch 1265 [3.4s]: train==[6102.77571=6042.61182 + 1.67146 + 0.00000 + 0.00000]
Epoch 1266 [3.5s]: train==[6053.93637=5993.77237 + 1.67234 + 0.00000 + 0.00000]
Epoch 1267 [3.5s]: train==[6166.45860=6106.29883 + 1.67038 + 0.00000 + 0.00000]
Epoch 1268 [3.4s]: train==[6220.40071=6160.23515 + 1.67393 + 0.00000 + 0.00000]
drop_flag:  True ,	 mess_dropout:  [0.0, 0.0]
rate_batch  torch.Size([1162, 753])
gt_count  8427
candidate_count  874986
ideal candidate count  874986
Epoch 1269 [3.5s + 5.7s]: train==[6192.93408=6132.76276 + 1.67671 + 0.00000 + 0.00000]
 recall=[0.23221, 0.49867], precision=[0.31773, 0.17861], F1=[0.24719, 0.24674], RMRR=[0.10959, 0.15694]
Epoch 1270 [3.4s]: train==[6341.51487=6281.34590 + 1.67743 + 0.00000 + 0.00000]
Epoch 1271 [3.5s]: train==[6356.73403=6296.56735 + 1.67503 + 0.00000 + 0.00000]
Epoch 1272 [3.5s]: train==[6297.54609=6237.37912 + 1.67557 + 0.00000 + 0.00000]
Epoch 1273 [3.5s]: train==[6234.58773=6174.42145 + 1.67642 + 0.00000 + 0.00000]
Epoch 1274 [3.5s]: train==[6408.24405=6348.07632 + 1.67685 + 0.00000 + 0.00000]
Epoch 1275 [3.4s]: train==[6302.80185=6242.63245 + 1.67742 + 0.00000 + 0.00000]
Epoch 1276 [3.5s]: train==[6299.07178=6238.89929 + 1.67903 + 0.00000 + 0.00000]
Epoch 1277 [3.4s]: train==[6048.23540=5988.06528 + 1.67826 + 0.00000 + 0.00000]
Epoch 1278 [3.4s]: train==[6161.08825=6100.91679 + 1.67976 + 0.00000 + 0.00000]
drop_flag:  True ,	 mess_dropout:  [0.0, 0.0]
rate_batch  torch.Size([1162, 753])
gt_count  8427
candidate_count  874986
ideal candidate count  874986
Epoch 1279 [3.4s + 5.7s]: train==[6259.21884=6199.04625 + 1.68091 + 0.00000 + 0.00000]
 recall=[0.23514, 0.50138], precision=[0.32341, 0.18038], F1=[0.25146, 0.24905], RMRR=[0.11065, 0.15748]
Epoch 1280 [3.5s]: train==[6241.91455=6181.73422 + 1.68482 + 0.00000 + 0.00000]
Epoch 1281 [3.5s]: train==[6010.66492=5950.48605 + 1.68529 + 0.00000 + 0.00000]
Epoch 1282 [3.4s]: train==[6579.55228=6519.37985 + 1.68104 + 0.00000 + 0.00000]
Epoch 1283 [3.5s]: train==[6297.70725=6237.53345 + 1.68318 + 0.00000 + 0.00000]
Epoch 1284 [3.5s]: train==[6053.74110=5993.56619 + 1.68161 + 0.00000 + 0.00000]
Epoch 1285 [3.4s]: train==[6186.53080=6126.35422 + 1.68175 + 0.00000 + 0.00000]
Epoch 1286 [3.5s]: train==[6238.44755=6178.27075 + 1.68404 + 0.00000 + 0.00000]
Epoch 1287 [3.5s]: train==[6234.81519=6174.64209 + 1.68296 + 0.00000 + 0.00000]
Epoch 1288 [3.5s]: train==[6249.08225=6188.90677 + 1.68411 + 0.00000 + 0.00000]
drop_flag:  True ,	 mess_dropout:  [0.0, 0.0]
rate_batch  torch.Size([1162, 753])
gt_count  8427
candidate_count  874986
ideal candidate count  874986
Epoch 1289 [3.4s + 5.7s]: train==[6099.33380=6039.15422 + 1.68632 + 0.00000 + 0.00000]
 recall=[0.23260, 0.50446], precision=[0.31910, 0.17978], F1=[0.24821, 0.24859], RMRR=[0.11023, 0.15827]
Epoch 1290 [3.5s]: train==[6246.48409=6186.30536 + 1.68596 + 0.00000 + 0.00000]
Epoch 1291 [3.5s]: train==[6519.15423=6458.97556 + 1.68737 + 0.00000 + 0.00000]
Epoch 1292 [3.4s]: train==[6277.82917=6217.65086 + 1.68745 + 0.00000 + 0.00000]
Epoch 1293 [3.5s]: train==[6323.82814=6263.64754 + 1.68848 + 0.00000 + 0.00000]
Epoch 1294 [3.5s]: train==[6334.85014=6274.66818 + 1.68857 + 0.00000 + 0.00000]
Epoch 1295 [3.4s]: train==[6371.54844=6311.36307 + 1.69156 + 0.00000 + 0.00000]
Epoch 1296 [3.4s]: train==[6264.88495=6204.69913 + 1.69224 + 0.00000 + 0.00000]
Epoch 1297 [3.4s]: train==[6093.86889=6033.68109 + 1.69250 + 0.00000 + 0.00000]
Epoch 1298 [3.5s]: train==[6364.14627=6303.95744 + 1.69314 + 0.00000 + 0.00000]
drop_flag:  True ,	 mess_dropout:  [0.0, 0.0]
rate_batch  torch.Size([1162, 753])
gt_count  8427
candidate_count  874986
ideal candidate count  874986
Epoch 1299 [3.5s + 5.7s]: train==[6125.42675=6065.23300 + 1.69651 + 0.00000 + 0.00000]
 recall=[0.23444, 0.50254], precision=[0.32238, 0.17978], F1=[0.25066, 0.24847], RMRR=[0.11461, 0.16240]
Epoch 1300 [3.5s]: train==[6246.45717=6186.26697 + 1.69443 + 0.00000 + 0.00000]
Epoch 1301 [3.5s]: train==[6159.85005=6099.65912 + 1.69412 + 0.00000 + 0.00000]
Epoch 1302 [3.4s]: train==[6046.63269=5986.44438 + 1.69253 + 0.00000 + 0.00000]
Epoch 1303 [3.4s]: train==[6264.09013=6203.89629 + 1.69837 + 0.00000 + 0.00000]
Epoch 1304 [3.5s]: train==[6376.19152=6315.99539 + 1.70123 + 0.00000 + 0.00000]
Epoch 1305 [3.4s]: train==[6320.03692=6259.84677 + 1.69628 + 0.00000 + 0.00000]
Epoch 1306 [3.5s]: train==[6253.62072=6193.42813 + 1.69908 + 0.00000 + 0.00000]
Epoch 1307 [3.5s]: train==[6103.12984=6042.93454 + 1.69981 + 0.00000 + 0.00000]
Epoch 1308 [3.5s]: train==[6150.86116=6090.66946 + 1.69703 + 0.00000 + 0.00000]
drop_flag:  True ,	 mess_dropout:  [0.0, 0.0]
rate_batch  torch.Size([1162, 753])
gt_count  8427
candidate_count  874986
ideal candidate count  874986
Epoch 1309 [3.5s + 5.7s]: train==[6451.12735=6390.93306 + 1.69963 + 0.00000 + 0.00000]
 recall=[0.23414, 0.50530], precision=[0.31945, 0.18016], F1=[0.24930, 0.24901], RMRR=[0.10877, 0.15619]
Epoch 1310 [3.4s]: train==[6082.47047=6022.27451 + 1.70113 + 0.00000 + 0.00000]
Epoch 1311 [3.4s]: train==[6234.19935=6173.99571 + 1.70564 + 0.00000 + 0.00000]
Epoch 1312 [3.4s]: train==[5966.03738=5905.83307 + 1.70436 + 0.00000 + 0.00000]
Epoch 1313 [3.5s]: train==[6419.66339=6359.45869 + 1.70668 + 0.00000 + 0.00000]
Epoch 1314 [3.4s]: train==[6289.28818=6229.08733 + 1.70298 + 0.00000 + 0.00000]
Epoch 1315 [3.4s]: train==[6327.40052=6267.19568 + 1.70445 + 0.00000 + 0.00000]
Epoch 1316 [3.5s]: train==[6387.06280=6326.85973 + 1.70401 + 0.00000 + 0.00000]
Epoch 1317 [3.4s]: train==[6200.19300=6139.98827 + 1.70680 + 0.00000 + 0.00000]
Epoch 1318 [3.4s]: train==[6118.84800=6058.64233 + 1.70604 + 0.00000 + 0.00000]
drop_flag:  True ,	 mess_dropout:  [0.0, 0.0]
rate_batch  torch.Size([1162, 753])
gt_count  8427
candidate_count  874986
ideal candidate count  874986
Epoch 1319 [3.5s + 5.7s]: train==[6520.99581=6460.79779 + 1.70324 + 0.00000 + 0.00000]
 recall=[0.23471, 0.50253], precision=[0.32134, 0.17973], F1=[0.25053, 0.24829], RMRR=[0.11086, 0.15790]
Epoch 1320 [3.5s]: train==[6142.39600=6082.19341 + 1.70641 + 0.00000 + 0.00000]
Epoch 1321 [3.5s]: train==[6371.96753=6311.76352 + 1.70672 + 0.00000 + 0.00000]
Epoch 1322 [3.5s]: train==[6045.95815=5985.75444 + 1.70736 + 0.00000 + 0.00000]
Epoch 1323 [3.5s]: train==[6318.68919=6258.48187 + 1.71020 + 0.00000 + 0.00000]
Epoch 1324 [3.5s]: train==[6256.63376=6196.42163 + 1.71275 + 0.00000 + 0.00000]
Epoch 1325 [3.5s]: train==[6370.81961=6310.61069 + 1.71020 + 0.00000 + 0.00000]
Epoch 1326 [3.5s]: train==[6255.93926=6195.73027 + 1.71042 + 0.00000 + 0.00000]
Epoch 1327 [3.5s]: train==[6516.98552=6456.77553 + 1.71100 + 0.00000 + 0.00000]
Epoch 1328 [3.5s]: train==[6235.91709=6175.70668 + 1.71138 + 0.00000 + 0.00000]
drop_flag:  True ,	 mess_dropout:  [0.0, 0.0]
rate_batch  torch.Size([1162, 753])
gt_count  8427
candidate_count  874986
ideal candidate count  874986
Epoch 1329 [3.5s + 5.8s]: train==[6156.62636=6096.41071 + 1.71551 + 0.00000 + 0.00000]
 recall=[0.23532, 0.50232], precision=[0.32203, 0.17956], F1=[0.25087, 0.24820], RMRR=[0.11103, 0.15868]
Epoch 1330 [3.5s]: train==[6581.96816=6521.75388 + 1.71436 + 0.00000 + 0.00000]
Epoch 1331 [3.5s]: train==[6116.84470=6056.62729 + 1.71610 + 0.00000 + 0.00000]
Epoch 1332 [3.5s]: train==[6023.09537=5962.87611 + 1.71687 + 0.00000 + 0.00000]
Epoch 1333 [3.5s]: train==[6390.99272=6330.77972 + 1.71404 + 0.00000 + 0.00000]
Epoch 1334 [3.5s]: train==[6359.81618=6299.59944 + 1.71795 + 0.00000 + 0.00000]
Epoch 1335 [3.4s]: train==[6106.52064=6046.30014 + 1.71859 + 0.00000 + 0.00000]
Epoch 1336 [3.4s]: train==[6308.59955=6248.37677 + 1.72184 + 0.00000 + 0.00000]
Epoch 1337 [3.5s]: train==[6110.42942=6050.20857 + 1.72049 + 0.00000 + 0.00000]
Epoch 1338 [3.5s]: train==[6357.28756=6297.06125 + 1.72277 + 0.00000 + 0.00000]
drop_flag:  True ,	 mess_dropout:  [0.0, 0.0]
rate_batch  torch.Size([1162, 753])
gt_count  8427
candidate_count  874986
ideal candidate count  874986
Epoch 1339 [3.4s + 5.7s]: train==[6280.18026=6219.95586 + 1.72139 + 0.00000 + 0.00000]
 recall=[0.23625, 0.50488], precision=[0.32169, 0.18038], F1=[0.25085, 0.24938], RMRR=[0.11127, 0.15906]
Epoch 1340 [3.5s]: train==[6267.56123=6207.33588 + 1.72343 + 0.00000 + 0.00000]
Epoch 1341 [3.5s]: train==[6189.42641=6129.20348 + 1.72208 + 0.00000 + 0.00000]
Epoch 1342 [3.5s]: train==[6259.26181=6199.03726 + 1.72170 + 0.00000 + 0.00000]
Epoch 1343 [3.5s]: train==[6069.14635=6008.91759 + 1.72333 + 0.00000 + 0.00000]
Epoch 1344 [3.5s]: train==[6339.28335=6279.05287 + 1.72718 + 0.00000 + 0.00000]
Epoch 1345 [3.5s]: train==[6194.51408=6134.29128 + 1.72127 + 0.00000 + 0.00000]
Epoch 1346 [3.5s]: train==[6209.21154=6148.98419 + 1.72647 + 0.00000 + 0.00000]
Epoch 1347 [3.5s]: train==[6384.46165=6324.23715 + 1.72348 + 0.00000 + 0.00000]
Epoch 1348 [3.5s]: train==[6106.31593=6046.09230 + 1.72271 + 0.00000 + 0.00000]
drop_flag:  True ,	 mess_dropout:  [0.0, 0.0]
rate_batch  torch.Size([1162, 753])
gt_count  8427
candidate_count  874986
ideal candidate count  874986
Epoch 1349 [3.5s + 5.7s]: train==[6442.98713=6382.76241 + 1.72325 + 0.00000 + 0.00000]
 recall=[0.23103, 0.50308], precision=[0.31738, 0.17986], F1=[0.24645, 0.24855], RMRR=[0.10874, 0.15795]
Epoch 1350 [3.5s]: train==[6273.28133=6213.05820 + 1.72449 + 0.00000 + 0.00000]
Epoch 1351 [3.4s]: train==[6299.75181=6239.52174 + 1.72811 + 0.00000 + 0.00000]
Epoch 1352 [3.5s]: train==[6126.67819=6066.44934 + 1.72700 + 0.00000 + 0.00000]
Epoch 1353 [3.5s]: train==[6030.61903=5970.38857 + 1.72854 + 0.00000 + 0.00000]
Epoch 1354 [3.5s]: train==[6363.48557=6303.25322 + 1.72950 + 0.00000 + 0.00000]
Epoch 1355 [3.4s]: train==[6077.87564=6017.64484 + 1.72891 + 0.00000 + 0.00000]
Epoch 1356 [3.5s]: train==[6311.23157=6251.00331 + 1.72694 + 0.00000 + 0.00000]
Epoch 1357 [3.5s]: train==[6251.32341=6191.09103 + 1.72985 + 0.00000 + 0.00000]
Epoch 1358 [3.4s]: train==[6113.46113=6053.22398 + 1.73459 + 0.00000 + 0.00000]
drop_flag:  True ,	 mess_dropout:  [0.0, 0.0]
rate_batch  torch.Size([1162, 753])
gt_count  8427
candidate_count  874986
ideal candidate count  874986
Epoch 1359 [3.5s + 5.7s]: train==[6303.23353=6242.99547 + 1.73448 + 0.00000 + 0.00000]
 recall=[0.23314, 0.50484], precision=[0.32065, 0.18012], F1=[0.24948, 0.24890], RMRR=[0.11265, 0.16099]
Epoch 1360 [3.5s]: train==[6178.10042=6117.86246 + 1.73644 + 0.00000 + 0.00000]
Epoch 1361 [3.5s]: train==[6273.79491=6213.56009 + 1.73413 + 0.00000 + 0.00000]
Epoch 1362 [3.5s]: train==[6264.23765=6204.00351 + 1.73367 + 0.00000 + 0.00000]
Epoch 1363 [3.4s]: train==[6311.38079=6251.14343 + 1.73378 + 0.00000 + 0.00000]
Epoch 1364 [3.5s]: train==[6304.63013=6244.38675 + 1.73930 + 0.00000 + 0.00000]
Epoch 1365 [3.4s]: train==[6062.24152=6002.00752 + 1.73378 + 0.00000 + 0.00000]
Epoch 1366 [3.5s]: train==[6524.50254=6464.26555 + 1.73461 + 0.00000 + 0.00000]
Epoch 1367 [3.4s]: train==[6226.38680=6166.14806 + 1.73771 + 0.00000 + 0.00000]
Epoch 1368 [3.5s]: train==[6239.53849=6179.30096 + 1.73519 + 0.00000 + 0.00000]
drop_flag:  True ,	 mess_dropout:  [0.0, 0.0]
rate_batch  torch.Size([1162, 753])
gt_count  8427
candidate_count  874986
ideal candidate count  874986
Epoch 1369 [3.5s + 5.7s]: train==[6141.78124=6081.54269 + 1.73570 + 0.00000 + 0.00000]
 recall=[0.23293, 0.50240], precision=[0.31807, 0.18025], F1=[0.24856, 0.24899], RMRR=[0.11048, 0.15704]
Epoch 1370 [3.5s]: train==[6135.17748=6074.93394 + 1.73939 + 0.00000 + 0.00000]
Epoch 1371 [3.5s]: train==[6202.67127=6142.42487 + 1.74110 + 0.00000 + 0.00000]
Epoch 1372 [3.4s]: train==[6384.20528=6323.95749 + 1.74179 + 0.00000 + 0.00000]
Epoch 1373 [3.5s]: train==[6240.70136=6180.45453 + 1.74264 + 0.00000 + 0.00000]
Epoch 1374 [3.5s]: train==[6127.00133=6066.75755 + 1.74082 + 0.00000 + 0.00000]
Epoch 1375 [3.5s]: train==[6140.52452=6080.28331 + 1.73893 + 0.00000 + 0.00000]
Epoch 1376 [3.5s]: train==[6225.56980=6165.32251 + 1.74368 + 0.00000 + 0.00000]
Epoch 1377 [3.5s]: train==[6174.49914=6114.24863 + 1.74391 + 0.00000 + 0.00000]
Epoch 1378 [3.6s]: train==[6330.70817=6270.46094 + 1.74391 + 0.00000 + 0.00000]
drop_flag:  True ,	 mess_dropout:  [0.0, 0.0]
rate_batch  torch.Size([1162, 753])
gt_count  8427
candidate_count  874986
ideal candidate count  874986
Epoch 1379 [3.6s + 5.8s]: train==[6278.93992=6218.69347 + 1.74399 + 0.00000 + 0.00000]
 recall=[0.23777, 0.50301], precision=[0.32375, 0.18025], F1=[0.25271, 0.24900], RMRR=[0.11190, 0.15886]
Epoch 1380 [3.5s]: train==[6137.18136=6076.93237 + 1.74582 + 0.00000 + 0.00000]
Epoch 1381 [3.6s]: train==[6307.87218=6247.62169 + 1.74661 + 0.00000 + 0.00000]
Epoch 1382 [3.6s]: train==[6275.93030=6215.68013 + 1.74541 + 0.00000 + 0.00000]
Epoch 1383 [3.6s]: train==[6165.50849=6105.25954 + 1.74604 + 0.00000 + 0.00000]
Epoch 1384 [3.6s]: train==[6242.56170=6182.31256 + 1.74597 + 0.00000 + 0.00000]
Epoch 1385 [3.5s]: train==[6465.06801=6404.81737 + 1.74685 + 0.00000 + 0.00000]
Epoch 1386 [3.5s]: train==[6142.03714=6081.78441 + 1.74727 + 0.00000 + 0.00000]
Epoch 1387 [3.6s]: train==[6381.59878=6321.34642 + 1.74868 + 0.00000 + 0.00000]
Epoch 1388 [3.6s]: train==[6156.51732=6096.26520 + 1.74800 + 0.00000 + 0.00000]
drop_flag:  True ,	 mess_dropout:  [0.0, 0.0]
rate_batch  torch.Size([1162, 753])
gt_count  8427
candidate_count  874986
ideal candidate count  874986
Epoch 1389 [3.5s + 5.7s]: train==[6210.69963=6150.44672 + 1.74973 + 0.00000 + 0.00000]
 recall=[0.23773, 0.50426], precision=[0.32238, 0.17991], F1=[0.25185, 0.24867], RMRR=[0.11105, 0.15875]
Epoch 1390 [3.5s]: train==[6259.38513=6199.13158 + 1.75083 + 0.00000 + 0.00000]
Epoch 1391 [3.5s]: train==[6202.41687=6142.16379 + 1.74953 + 0.00000 + 0.00000]
Epoch 1392 [3.5s]: train==[6250.18848=6189.92960 + 1.75169 + 0.00000 + 0.00000]
Epoch 1393 [3.5s]: train==[6368.64878=6308.39568 + 1.74980 + 0.00000 + 0.00000]
Epoch 1394 [3.5s]: train==[6233.44861=6173.19351 + 1.75162 + 0.00000 + 0.00000]
Epoch 1395 [3.5s]: train==[6317.09493=6256.83411 + 1.75461 + 0.00000 + 0.00000]
Epoch 1396 [3.5s]: train==[6100.31129=6040.04988 + 1.75433 + 0.00000 + 0.00000]
Epoch 1397 [3.5s]: train==[6319.18806=6258.92801 + 1.75460 + 0.00000 + 0.00000]
Epoch 1398 [3.6s]: train==[6183.99476=6123.73483 + 1.75258 + 0.00000 + 0.00000]
drop_flag:  True ,	 mess_dropout:  [0.0, 0.0]
rate_batch  torch.Size([1162, 753])
gt_count  8427
candidate_count  874986
ideal candidate count  874986
Epoch 1399 [3.5s + 5.8s]: train==[6114.84776=6054.58716 + 1.75528 + 0.00000 + 0.00000]
 recall=[0.23342, 0.50111], precision=[0.32238, 0.17965], F1=[0.24963, 0.24809], RMRR=[0.10909, 0.15714]
Epoch 1400 [3.5s]: train==[6166.10284=6105.83513 + 1.75923 + 0.00000 + 0.00000]
Epoch 1401 [3.6s]: train==[6301.29409=6241.02895 + 1.75787 + 0.00000 + 0.00000]
Epoch 1402 [3.6s]: train==[6064.60270=6004.33270 + 1.76185 + 0.00000 + 0.00000]
Epoch 1403 [3.6s]: train==[6296.70202=6236.43663 + 1.76000 + 0.00000 + 0.00000]
Epoch 1404 [3.6s]: train==[6400.08421=6339.81908 + 1.75968 + 0.00000 + 0.00000]
Epoch 1405 [3.6s]: train==[6106.03666=6045.77209 + 1.75844 + 0.00000 + 0.00000]
Epoch 1406 [3.6s]: train==[6151.72621=6091.45943 + 1.76105 + 0.00000 + 0.00000]
Epoch 1407 [3.6s]: train==[6206.33890=6146.07668 + 1.75751 + 0.00000 + 0.00000]
Epoch 1408 [3.6s]: train==[6179.56447=6119.29416 + 1.76294 + 0.00000 + 0.00000]
drop_flag:  True ,	 mess_dropout:  [0.0, 0.0]
rate_batch  torch.Size([1162, 753])
gt_count  8427
candidate_count  874986
ideal candidate count  874986
Epoch 1409 [3.5s + 5.8s]: train==[6337.34747=6277.07607 + 1.76389 + 0.00000 + 0.00000]
 recall=[0.23306, 0.50677], precision=[0.31859, 0.18077], F1=[0.24819, 0.24973], RMRR=[0.11027, 0.15926]
Epoch 1410 [3.5s]: train==[6138.36113=6078.09337 + 1.76269 + 0.00000 + 0.00000]
Epoch 1411 [3.4s]: train==[6079.52909=6019.26056 + 1.76395 + 0.00000 + 0.00000]
Epoch 1412 [3.5s]: train==[6409.91227=6349.63974 + 1.76753 + 0.00000 + 0.00000]
Epoch 1413 [3.5s]: train==[6435.54248=6375.27066 + 1.76571 + 0.00000 + 0.00000]
Epoch 1414 [3.5s]: train==[6327.43095=6267.15987 + 1.76463 + 0.00000 + 0.00000]
Epoch 1415 [3.5s]: train==[6137.12556=6076.84750 + 1.76851 + 0.00000 + 0.00000]
Epoch 1416 [3.5s]: train==[6312.46828=6252.19067 + 1.76823 + 0.00000 + 0.00000]
Epoch 1417 [3.5s]: train==[6304.82490=6244.55042 + 1.76581 + 0.00000 + 0.00000]
Epoch 1418 [3.5s]: train==[6243.09571=6182.81709 + 1.76979 + 0.00000 + 0.00000]
drop_flag:  True ,	 mess_dropout:  [0.0, 0.0]
rate_batch  torch.Size([1162, 753])
gt_count  8427
candidate_count  874986
ideal candidate count  874986
Epoch 1419 [3.5s + 5.7s]: train==[6156.28801=6096.00809 + 1.76958 + 0.00000 + 0.00000]
 recall=[0.23512, 0.50318], precision=[0.32117, 0.17969], F1=[0.24995, 0.24835], RMRR=[0.11270, 0.15836]
Epoch 1420 [3.5s]: train==[6132.54984=6072.26596 + 1.77372 + 0.00000 + 0.00000]
Epoch 1421 [3.5s]: train==[6296.36604=6236.08714 + 1.77048 + 0.00000 + 0.00000]
Epoch 1422 [3.5s]: train==[6180.11078=6119.82793 + 1.77401 + 0.00000 + 0.00000]
Epoch 1423 [3.5s]: train==[6126.03392=6065.75163 + 1.77250 + 0.00000 + 0.00000]
Epoch 1424 [3.6s]: train==[6392.03812=6331.76018 + 1.77032 + 0.00000 + 0.00000]
Epoch 1425 [3.6s]: train==[6186.20898=6125.92833 + 1.77248 + 0.00000 + 0.00000]
Epoch 1426 [3.6s]: train==[6214.25843=6153.97328 + 1.77604 + 0.00000 + 0.00000]
Epoch 1427 [3.6s]: train==[6244.11762=6183.83484 + 1.77434 + 0.00000 + 0.00000]
Epoch 1428 [3.6s]: train==[6246.44177=6186.15718 + 1.77449 + 0.00000 + 0.00000]
drop_flag:  True ,	 mess_dropout:  [0.0, 0.0]
rate_batch  torch.Size([1162, 753])
gt_count  8427
candidate_count  874986
ideal candidate count  874986
Epoch 1429 [3.6s + 5.8s]: train==[6288.15220=6227.86481 + 1.77958 + 0.00000 + 0.00000]
 recall=[0.23582, 0.50695], precision=[0.31979, 0.18176], F1=[0.24969, 0.25097], RMRR=[0.10998, 0.15794]
Epoch 1430 [3.6s]: train==[6172.43467=6112.14667 + 1.77824 + 0.00000 + 0.00000]
Epoch 1431 [3.6s]: train==[6241.68139=6181.39574 + 1.77740 + 0.00000 + 0.00000]
Epoch 1432 [3.6s]: train==[6168.80161=6108.51999 + 1.77371 + 0.00000 + 0.00000]
Epoch 1433 [3.6s]: train==[6065.14367=6004.85593 + 1.77891 + 0.00000 + 0.00000]
Epoch 1434 [3.6s]: train==[6397.35526=6337.06804 + 1.77974 + 0.00000 + 0.00000]
Epoch 1435 [3.6s]: train==[6123.45202=6063.15768 + 1.78413 + 0.00000 + 0.00000]
Epoch 1436 [3.6s]: train==[6199.33068=6139.04074 + 1.78010 + 0.00000 + 0.00000]
Epoch 1437 [3.5s]: train==[6266.76965=6206.48132 + 1.77921 + 0.00000 + 0.00000]
Epoch 1438 [3.5s]: train==[6151.84713=6091.55923 + 1.77893 + 0.00000 + 0.00000]
drop_flag:  True ,	 mess_dropout:  [0.0, 0.0]
rate_batch  torch.Size([1162, 753])
gt_count  8427
candidate_count  874986
ideal candidate count  874986
Epoch 1439 [3.5s + 5.8s]: train==[6336.17977=6275.89055 + 1.78167 + 0.00000 + 0.00000]
 recall=[0.23027, 0.50203], precision=[0.31532, 0.17995], F1=[0.24505, 0.24851], RMRR=[0.10795, 0.15685]
Epoch 1440 [3.5s]: train==[6289.97671=6229.68961 + 1.77824 + 0.00000 + 0.00000]
Epoch 1441 [3.5s]: train==[6333.56294=6273.27109 + 1.78153 + 0.00000 + 0.00000]
Epoch 1442 [3.5s]: train==[6377.03105=6316.74106 + 1.78105 + 0.00000 + 0.00000]
Epoch 1443 [3.5s]: train==[6228.16486=6167.87090 + 1.78443 + 0.00000 + 0.00000]
Epoch 1444 [3.5s]: train==[6220.10937=6159.81584 + 1.78279 + 0.00000 + 0.00000]
Epoch 1445 [3.5s]: train==[6421.57667=6361.28384 + 1.78360 + 0.00000 + 0.00000]
Epoch 1446 [3.5s]: train==[5912.63661=5852.34294 + 1.78319 + 0.00000 + 0.00000]
Epoch 1447 [3.5s]: train==[6372.10675=6311.80972 + 1.78670 + 0.00000 + 0.00000]
Epoch 1448 [3.5s]: train==[6280.71249=6220.41959 + 1.78169 + 0.00000 + 0.00000]
drop_flag:  True ,	 mess_dropout:  [0.0, 0.0]
rate_batch  torch.Size([1162, 753])
gt_count  8427
candidate_count  874986
ideal candidate count  874986
Epoch 1449 [3.5s + 5.7s]: train==[6122.35172=6062.05664 + 1.78477 + 0.00000 + 0.00000]
 recall=[0.22908, 0.50620], precision=[0.31738, 0.18055], F1=[0.24606, 0.24974], RMRR=[0.10613, 0.15482]
Epoch 1450 [3.5s]: train==[6392.55124=6332.26067 + 1.78342 + 0.00000 + 0.00000]
Epoch 1451 [3.5s]: train==[6153.37870=6093.08627 + 1.78501 + 0.00000 + 0.00000]
Epoch 1452 [3.5s]: train==[6341.30820=6281.01125 + 1.78859 + 0.00000 + 0.00000]
Epoch 1453 [3.5s]: train==[6094.33511=6034.03554 + 1.78990 + 0.00000 + 0.00000]
Epoch 1454 [3.5s]: train==[6296.16747=6235.86955 + 1.78873 + 0.00000 + 0.00000]
Epoch 1455 [3.5s]: train==[6232.92414=6172.62776 + 1.78772 + 0.00000 + 0.00000]
Epoch 1456 [3.4s]: train==[6251.08946=6190.78714 + 1.79219 + 0.00000 + 0.00000]
Epoch 1457 [3.5s]: train==[6218.38742=6158.08495 + 1.79275 + 0.00000 + 0.00000]
Epoch 1458 [3.5s]: train==[6119.85487=6059.55528 + 1.79070 + 0.00000 + 0.00000]
drop_flag:  True ,	 mess_dropout:  [0.0, 0.0]
rate_batch  torch.Size([1162, 753])
gt_count  8427
candidate_count  874986
ideal candidate count  874986
Epoch 1459 [3.5s + 5.7s]: train==[6249.71844=6189.41699 + 1.79220 + 0.00000 + 0.00000]
 recall=[0.23431, 0.50598], precision=[0.32220, 0.18055], F1=[0.25039, 0.24953], RMRR=[0.11123, 0.15968]
Epoch 1460 [3.5s]: train==[6235.40418=6175.10745 + 1.78957 + 0.00000 + 0.00000]
Epoch 1461 [3.4s]: train==[6095.75964=6035.46175 + 1.79142 + 0.00000 + 0.00000]
Epoch 1462 [3.4s]: train==[6205.54469=6145.24469 + 1.79184 + 0.00000 + 0.00000]
Epoch 1463 [3.5s]: train==[6374.09908=6313.79712 + 1.79376 + 0.00000 + 0.00000]
Epoch 1464 [3.5s]: train==[6282.93020=6222.62454 + 1.79543 + 0.00000 + 0.00000]
Epoch 1465 [3.4s]: train==[6316.61318=6256.30753 + 1.79375 + 0.00000 + 0.00000]
Epoch 1466 [3.5s]: train==[6196.07097=6135.76320 + 1.79488 + 0.00000 + 0.00000]
Epoch 1467 [3.5s]: train==[6125.09636=6064.78792 + 1.79506 + 0.00000 + 0.00000]
Epoch 1468 [3.5s]: train==[6114.20975=6053.90109 + 1.79828 + 0.00000 + 0.00000]
drop_flag:  True ,	 mess_dropout:  [0.0, 0.0]
rate_batch  torch.Size([1162, 753])
gt_count  8427
candidate_count  874986
ideal candidate count  874986
Epoch 1469 [3.5s + 5.7s]: train==[6470.52154=6410.21396 + 1.79725 + 0.00000 + 0.00000]
 recall=[0.23624, 0.50893], precision=[0.32186, 0.18163], F1=[0.25089, 0.25098], RMRR=[0.11069, 0.15909]
Epoch 1470 [3.4s]: train==[6324.29783=6263.98973 + 1.79683 + 0.00000 + 0.00000]
Epoch 1471 [3.5s]: train==[6069.61482=6009.30914 + 1.79571 + 0.00000 + 0.00000]
Epoch 1472 [3.5s]: train==[6254.26791=6193.96381 + 1.79668 + 0.00000 + 0.00000]
Epoch 1473 [3.4s]: train==[6151.95412=6091.65204 + 1.79650 + 0.00000 + 0.00000]
Epoch 1474 [3.4s]: train==[6344.51398=6284.21140 + 1.79689 + 0.00000 + 0.00000]
Epoch 1475 [3.4s]: train==[6151.45783=6091.15390 + 1.79652 + 0.00000 + 0.00000]
Epoch 1476 [3.4s]: train==[6194.86629=6134.56152 + 1.79807 + 0.00000 + 0.00000]
Epoch 1477 [3.4s]: train==[6375.42136=6315.11784 + 1.79754 + 0.00000 + 0.00000]
Epoch 1478 [3.4s]: train==[6326.10392=6265.79567 + 1.79985 + 0.00000 + 0.00000]
drop_flag:  True ,	 mess_dropout:  [0.0, 0.0]
rate_batch  torch.Size([1162, 753])
gt_count  8427
candidate_count  874986
ideal candidate count  874986
Epoch 1479 [3.4s + 5.6s]: train==[6038.02027=5977.70731 + 1.80241 + 0.00000 + 0.00000]
 recall=[0.23345, 0.50535], precision=[0.32014, 0.18029], F1=[0.24885, 0.24911], RMRR=[0.10907, 0.15732]
Epoch 1480 [3.4s]: train==[6232.17120=6171.85782 + 1.80273 + 0.00000 + 0.00000]
Epoch 1481 [3.4s]: train==[6122.70872=6062.39781 + 1.80086 + 0.00000 + 0.00000]
Epoch 1482 [3.4s]: train==[6330.85858=6270.54956 + 1.80001 + 0.00000 + 0.00000]
Epoch 1483 [3.4s]: train==[6386.35062=6326.04329 + 1.79802 + 0.00000 + 0.00000]
Epoch 1484 [3.4s]: train==[6084.48050=6024.16316 + 1.80563 + 0.00000 + 0.00000]
Epoch 1485 [3.4s]: train==[6162.30118=6101.98790 + 1.80450 + 0.00000 + 0.00000]
Epoch 1486 [3.4s]: train==[6260.91028=6200.59833 + 1.80363 + 0.00000 + 0.00000]
Epoch 1487 [3.4s]: train==[6219.53271=6159.21440 + 1.80713 + 0.00000 + 0.00000]
Epoch 1488 [3.4s]: train==[6396.12738=6335.80951 + 1.80725 + 0.00000 + 0.00000]
drop_flag:  True ,	 mess_dropout:  [0.0, 0.0]
rate_batch  torch.Size([1162, 753])
gt_count  8427
candidate_count  874986
ideal candidate count  874986
Epoch 1489 [3.4s + 5.6s]: train==[6298.55018=6238.23557 + 1.80571 + 0.00000 + 0.00000]
 recall=[0.23256, 0.50352], precision=[0.31756, 0.18034], F1=[0.24763, 0.24910], RMRR=[0.10935, 0.15857]
Epoch 1490 [3.4s]: train==[6264.02503=6203.70854 + 1.80824 + 0.00000 + 0.00000]
Epoch 1491 [3.5s]: train==[6243.57777=6183.26340 + 1.80430 + 0.00000 + 0.00000]
Epoch 1492 [3.4s]: train==[6190.51426=6130.19794 + 1.80618 + 0.00000 + 0.00000]
Epoch 1493 [3.4s]: train==[6191.27680=6130.96107 + 1.80630 + 0.00000 + 0.00000]
Epoch 1494 [3.5s]: train==[5869.03531=5808.71884 + 1.80737 + 0.00000 + 0.00000]
Epoch 1495 [3.5s]: train==[5977.16130=5916.84486 + 1.80711 + 0.00000 + 0.00000]
Epoch 1496 [3.5s]: train==[6205.18705=6144.86801 + 1.80873 + 0.00000 + 0.00000]
Epoch 1497 [3.5s]: train==[6270.51688=6210.19699 + 1.81008 + 0.00000 + 0.00000]
Epoch 1498 [3.3s]: train==[6164.59711=6104.27551 + 1.81213 + 0.00000 + 0.00000]
drop_flag:  True ,	 mess_dropout:  [0.0, 0.0]
rate_batch  torch.Size([1162, 753])
gt_count  8427
candidate_count  874986
ideal candidate count  874986
Epoch 1499 [3.4s + 5.6s]: train==[6357.77530=6297.45569 + 1.80911 + 0.00000 + 0.00000]
 recall=[0.23543, 0.50827], precision=[0.31979, 0.18171], F1=[0.24947, 0.25096], RMRR=[0.10916, 0.15808]
Epoch 1500 [3.4s]: train==[6241.78217=6181.45953 + 1.81199 + 0.00000 + 0.00000]
Epoch 1501 [3.3s]: train==[6300.44095=6240.11978 + 1.81241 + 0.00000 + 0.00000]
Epoch 1502 [3.3s]: train==[6137.30611=6076.98660 + 1.80952 + 0.00000 + 0.00000]
Epoch 1503 [3.3s]: train==[6087.01166=6026.68954 + 1.81196 + 0.00000 + 0.00000]
Epoch 1504 [3.4s]: train==[6427.29774=6366.97339 + 1.81371 + 0.00000 + 0.00000]
Epoch 1505 [3.3s]: train==[6112.14667=6051.81886 + 1.81507 + 0.00000 + 0.00000]
Epoch 1506 [3.4s]: train==[6318.87441=6258.54643 + 1.81475 + 0.00000 + 0.00000]
Epoch 1507 [3.4s]: train==[6364.34787=6304.01947 + 1.81578 + 0.00000 + 0.00000]
Epoch 1508 [3.4s]: train==[6041.17661=5980.85098 + 1.81564 + 0.00000 + 0.00000]
drop_flag:  True ,	 mess_dropout:  [0.0, 0.0]
rate_batch  torch.Size([1162, 753])
gt_count  8427
candidate_count  874986
ideal candidate count  874986
Epoch 1509 [3.4s + 5.6s]: train==[6077.92258=6017.60181 + 1.81231 + 0.00000 + 0.00000]
 recall=[0.23808, 0.50586], precision=[0.32513, 0.18090], F1=[0.25331, 0.24996], RMRR=[0.11205, 0.15988]
Epoch 1510 [3.4s]: train==[6242.32821=6182.00008 + 1.81955 + 0.00000 + 0.00000]
Epoch 1511 [3.3s]: train==[6339.00888=6278.67659 + 1.82138 + 0.00000 + 0.00000]
Epoch 1512 [3.4s]: train==[6223.60395=6163.27359 + 1.81875 + 0.00000 + 0.00000]
Epoch 1513 [3.4s]: train==[6388.42026=6328.09157 + 1.81759 + 0.00000 + 0.00000]
Epoch 1514 [3.3s]: train==[6292.46315=6232.13387 + 1.81832 + 0.00000 + 0.00000]
Epoch 1515 [3.4s]: train==[6308.36235=6248.03476 + 1.81722 + 0.00000 + 0.00000]
Epoch 1516 [3.4s]: train==[6158.75895=6098.42438 + 1.82284 + 0.00000 + 0.00000]
Epoch 1517 [3.3s]: train==[6454.56850=6394.23572 + 1.82076 + 0.00000 + 0.00000]
Epoch 1518 [3.4s]: train==[6236.71119=6176.38216 + 1.82001 + 0.00000 + 0.00000]
drop_flag:  True ,	 mess_dropout:  [0.0, 0.0]
rate_batch  torch.Size([1162, 753])
gt_count  8427
candidate_count  874986
ideal candidate count  874986
Epoch 1519 [3.3s + 5.6s]: train==[6170.79147=6110.46220 + 1.81911 + 0.00000 + 0.00000]
 recall=[0.23357, 0.50591], precision=[0.31945, 0.18128], F1=[0.24902, 0.25049], RMRR=[0.11168, 0.16034]
Epoch 1520 [3.3s]: train==[6193.70314=6133.38019 + 1.81573 + 0.00000 + 0.00000]
Epoch 1521 [3.5s]: train==[6144.16902=6083.84149 + 1.82121 + 0.00000 + 0.00000]
Epoch 1522 [3.4s]: train==[6168.42846=6108.10228 + 1.81813 + 0.00000 + 0.00000]
Epoch 1523 [3.4s]: train==[6203.82566=6143.49699 + 1.82035 + 0.00000 + 0.00000]
Epoch 1524 [3.4s]: train==[6084.32079=6023.98924 + 1.82371 + 0.00000 + 0.00000]
Epoch 1525 [3.4s]: train==[6222.65223=6162.32118 + 1.82360 + 0.00000 + 0.00000]
Epoch 1526 [3.4s]: train==[6124.78784=6064.45720 + 1.82278 + 0.00000 + 0.00000]
Epoch 1527 [3.5s]: train==[6030.18526=5969.85049 + 1.82611 + 0.00000 + 0.00000]
Epoch 1528 [3.4s]: train==[6299.67112=6239.33713 + 1.82590 + 0.00000 + 0.00000]
drop_flag:  True ,	 mess_dropout:  [0.0, 0.0]
rate_batch  torch.Size([1162, 753])
gt_count  8427
candidate_count  874986
ideal candidate count  874986
Epoch 1529 [3.4s + 5.6s]: train==[6283.88717=6223.55530 + 1.82328 + 0.00000 + 0.00000]
 recall=[0.23491, 0.50670], precision=[0.31807, 0.18055], F1=[0.24861, 0.24971], RMRR=[0.10936, 0.15778]
Epoch 1530 [3.3s]: train==[6037.28934=5976.95801 + 1.82215 + 0.00000 + 0.00000]
Epoch 1531 [3.3s]: train==[6184.74372=6124.40474 + 1.83045 + 0.00000 + 0.00000]
Epoch 1532 [3.3s]: train==[6321.21485=6260.88614 + 1.82174 + 0.00000 + 0.00000]
Epoch 1533 [3.3s]: train==[6184.56547=6124.22876 + 1.82857 + 0.00000 + 0.00000]
Epoch 1534 [3.3s]: train==[6021.40218=5961.06366 + 1.82940 + 0.00000 + 0.00000]
Epoch 1535 [3.3s]: train==[6241.99701=6181.65836 + 1.82999 + 0.00000 + 0.00000]
Epoch 1536 [3.3s]: train==[6206.27981=6145.94511 + 1.82519 + 0.00000 + 0.00000]
Epoch 1537 [3.3s]: train==[6314.10368=6253.76314 + 1.83314 + 0.00000 + 0.00000]
Epoch 1538 [3.4s]: train==[6240.15883=6179.82217 + 1.82852 + 0.00000 + 0.00000]
drop_flag:  True ,	 mess_dropout:  [0.0, 0.0]
rate_batch  torch.Size([1162, 753])
gt_count  8427
candidate_count  874986
ideal candidate count  874986
Epoch 1539 [3.4s + 5.7s]: train==[6373.86883=6313.53232 + 1.82982 + 0.00000 + 0.00000]
 recall=[0.23350, 0.50342], precision=[0.31910, 0.18051], F1=[0.24847, 0.24938], RMRR=[0.10972, 0.15869]
Epoch 1540 [3.4s]: train==[6357.78082=6297.44304 + 1.82984 + 0.00000 + 0.00000]
Epoch 1541 [3.4s]: train==[6142.85806=6082.51642 + 1.83337 + 0.00000 + 0.00000]
Epoch 1542 [3.4s]: train==[6099.53828=6039.19655 + 1.83261 + 0.00000 + 0.00000]
Epoch 1543 [3.4s]: train==[6278.60306=6218.25798 + 1.83603 + 0.00000 + 0.00000]
Epoch 1544 [3.4s]: train==[6130.51143=6070.17136 + 1.83287 + 0.00000 + 0.00000]
Epoch 1545 [3.4s]: train==[6160.74726=6100.40872 + 1.83026 + 0.00000 + 0.00000]
Epoch 1546 [3.4s]: train==[6228.03629=6167.69917 + 1.82956 + 0.00000 + 0.00000]
Epoch 1547 [3.4s]: train==[6221.02757=6160.68817 + 1.83309 + 0.00000 + 0.00000]
Epoch 1548 [3.4s]: train==[6175.46590=6115.12563 + 1.83463 + 0.00000 + 0.00000]
drop_flag:  True ,	 mess_dropout:  [0.0, 0.0]
rate_batch  torch.Size([1162, 753])
gt_count  8427
candidate_count  874986
ideal candidate count  874986
Epoch 1549 [3.4s + 5.6s]: train==[6118.52624=6058.18701 + 1.83400 + 0.00000 + 0.00000]
 recall=[0.23324, 0.50400], precision=[0.32100, 0.18064], F1=[0.24924, 0.24945], RMRR=[0.10914, 0.15610]
Epoch 1550 [3.4s]: train==[6095.37323=6035.03226 + 1.83463 + 0.00000 + 0.00000]
Epoch 1551 [3.4s]: train==[6177.40311=6117.05823 + 1.83793 + 0.00000 + 0.00000]
Epoch 1552 [3.4s]: train==[6160.17729=6099.83458 + 1.83605 + 0.00000 + 0.00000]
Epoch 1553 [3.4s]: train==[6305.19255=6244.85022 + 1.83666 + 0.00000 + 0.00000]
Epoch 1554 [3.4s]: train==[6253.02674=6192.68245 + 1.83864 + 0.00000 + 0.00000]
Epoch 1555 [3.4s]: train==[6320.23543=6259.89423 + 1.83655 + 0.00000 + 0.00000]
Epoch 1556 [3.4s]: train==[6142.61409=6082.27031 + 1.83712 + 0.00000 + 0.00000]
Epoch 1557 [3.4s]: train==[6102.78252=6042.43425 + 1.84222 + 0.00000 + 0.00000]
Epoch 1558 [3.4s]: train==[6231.22815=6170.87985 + 1.84039 + 0.00000 + 0.00000]
drop_flag:  True ,	 mess_dropout:  [0.0, 0.0]
rate_batch  torch.Size([1162, 753])
gt_count  8427
candidate_count  874986
ideal candidate count  874986
Epoch 1559 [3.4s + 5.7s]: train==[6285.70627=6225.35442 + 1.84303 + 0.00000 + 0.00000]
 recall=[0.23470, 0.50653], precision=[0.31945, 0.18102], F1=[0.24912, 0.25013], RMRR=[0.11091, 0.15904]
Epoch 1560 [3.4s]: train==[6199.96536=6139.61595 + 1.84164 + 0.00000 + 0.00000]
Epoch 1561 [3.4s]: train==[6114.62440=6054.27177 + 1.84421 + 0.00000 + 0.00000]
Epoch 1562 [3.4s]: train==[6366.30899=6305.96230 + 1.84023 + 0.00000 + 0.00000]
Epoch 1563 [3.4s]: train==[6285.15175=6224.80251 + 1.84239 + 0.00000 + 0.00000]
Epoch 1564 [3.4s]: train==[6550.66235=6490.31097 + 1.84279 + 0.00000 + 0.00000]
Epoch 1565 [3.4s]: train==[6275.65347=6215.29987 + 1.84616 + 0.00000 + 0.00000]
Epoch 1566 [3.4s]: train==[6342.91756=6282.56210 + 1.84810 + 0.00000 + 0.00000]
Epoch 1567 [3.5s]: train==[6259.98421=6199.63229 + 1.84424 + 0.00000 + 0.00000]
Epoch 1568 [3.4s]: train==[6171.79494=6111.43961 + 1.84824 + 0.00000 + 0.00000]
drop_flag:  True ,	 mess_dropout:  [0.0, 0.0]
rate_batch  torch.Size([1162, 753])
gt_count  8427
candidate_count  874986
ideal candidate count  874986
Epoch 1569 [3.4s + 5.6s]: train==[6389.11528=6328.75990 + 1.84728 + 0.00000 + 0.00000]
 recall=[0.23399, 0.50674], precision=[0.31859, 0.18154], F1=[0.24832, 0.25069], RMRR=[0.10780, 0.15670]
Epoch 1570 [3.4s]: train==[6253.26752=6192.91379 + 1.84423 + 0.00000 + 0.00000]
Epoch 1571 [3.4s]: train==[6159.21598=6098.85916 + 1.84735 + 0.00000 + 0.00000]
Epoch 1572 [3.4s]: train==[6268.09359=6207.72972 + 1.85486 + 0.00000 + 0.00000]
Epoch 1573 [3.4s]: train==[6260.41095=6200.05159 + 1.84924 + 0.00000 + 0.00000]
Epoch 1574 [3.4s]: train==[6083.71405=6023.35756 + 1.84732 + 0.00000 + 0.00000]
Epoch 1575 [3.4s]: train==[5929.25100=5868.89679 + 1.84738 + 0.00000 + 0.00000]
Epoch 1576 [3.5s]: train==[6307.02392=6246.67215 + 1.84481 + 0.00000 + 0.00000]
Epoch 1577 [3.5s]: train==[6208.56653=6148.21210 + 1.84877 + 0.00000 + 0.00000]
Epoch 1578 [3.5s]: train==[6244.56126=6184.20264 + 1.84987 + 0.00000 + 0.00000]
drop_flag:  True ,	 mess_dropout:  [0.0, 0.0]
rate_batch  torch.Size([1162, 753])
gt_count  8427
candidate_count  874986
ideal candidate count  874986
Epoch 1579 [3.4s + 5.7s]: train==[6307.57709=6247.21887 + 1.84756 + 0.00000 + 0.00000]
 recall=[0.23886, 0.50317], precision=[0.32582, 0.18124], F1=[0.25357, 0.25013], RMRR=[0.11190, 0.15906]
Epoch 1580 [3.4s]: train==[6088.72598=6028.36073 + 1.85412 + 0.00000 + 0.00000]
Epoch 1581 [3.4s]: train==[6457.48650=6397.12546 + 1.85000 + 0.00000 + 0.00000]
Epoch 1582 [3.4s]: train==[6243.43660=6183.07471 + 1.85268 + 0.00000 + 0.00000]
Epoch 1583 [3.4s]: train==[6254.50619=6194.14818 + 1.85067 + 0.00000 + 0.00000]
Epoch 1584 [3.5s]: train==[6432.60405=6372.25133 + 1.84842 + 0.00000 + 0.00000]
Epoch 1585 [3.5s]: train==[6176.62839=6116.27098 + 1.85097 + 0.00000 + 0.00000]
Epoch 1586 [3.5s]: train==[6280.66187=6220.30151 + 1.85479 + 0.00000 + 0.00000]
Epoch 1587 [3.5s]: train==[6214.39925=6154.03397 + 1.85699 + 0.00000 + 0.00000]
Epoch 1588 [3.6s]: train==[6335.32876=6274.96088 + 1.85903 + 0.00000 + 0.00000]
drop_flag:  True ,	 mess_dropout:  [0.0, 0.0]
rate_batch  torch.Size([1162, 753])
gt_count  8427
candidate_count  874986
ideal candidate count  874986
Epoch 1589 [3.5s + 5.7s]: train==[6136.26458=6075.89629 + 1.85897 + 0.00000 + 0.00000]
 recall=[0.23649, 0.50298], precision=[0.32461, 0.18094], F1=[0.25187, 0.24956], RMRR=[0.11338, 0.16112]
Epoch 1590 [3.5s]: train==[6285.46872=6225.10661 + 1.85473 + 0.00000 + 0.00000]
Epoch 1591 [3.5s]: train==[6150.31676=6089.95387 + 1.85574 + 0.00000 + 0.00000]
Epoch 1592 [3.5s]: train==[6079.33206=6018.96915 + 1.85561 + 0.00000 + 0.00000]
Epoch 1593 [3.4s]: train==[6213.01914=6152.65860 + 1.85614 + 0.00000 + 0.00000]
Epoch 1594 [3.5s]: train==[6145.74413=6085.37741 + 1.86039 + 0.00000 + 0.00000]
Epoch 1595 [3.4s]: train==[6432.84857=6372.48239 + 1.85966 + 0.00000 + 0.00000]
Epoch 1596 [3.5s]: train==[6089.33966=6028.97279 + 1.86088 + 0.00000 + 0.00000]
Epoch 1597 [3.5s]: train==[6079.25819=6018.89192 + 1.85905 + 0.00000 + 0.00000]
Epoch 1598 [3.5s]: train==[6209.55749=6149.18700 + 1.86153 + 0.00000 + 0.00000]
drop_flag:  True ,	 mess_dropout:  [0.0, 0.0]
rate_batch  torch.Size([1162, 753])
gt_count  8427
candidate_count  874986
ideal candidate count  874986
Epoch 1599 [3.5s + 5.7s]: train==[6094.88342=6034.51463 + 1.86272 + 0.00000 + 0.00000]
 recall=[0.23360, 0.50461], precision=[0.32014, 0.18137], F1=[0.24935, 0.25034], RMRR=[0.10890, 0.15860]
Epoch 1600 [3.5s]: train==[6141.12211=6080.75664 + 1.86037 + 0.00000 + 0.00000]
Epoch 1601 [3.5s]: train==[6264.34264=6203.97400 + 1.86223 + 0.00000 + 0.00000]
Epoch 1602 [3.5s]: train==[6347.00942=6286.64154 + 1.86476 + 0.00000 + 0.00000]
Epoch 1603 [3.5s]: train==[6324.71789=6264.35741 + 1.85774 + 0.00000 + 0.00000]
Epoch 1604 [3.5s]: train==[6253.72883=6193.36757 + 1.85968 + 0.00000 + 0.00000]
Epoch 1605 [3.5s]: train==[5982.82813=5922.46178 + 1.86337 + 0.00000 + 0.00000]
Epoch 1606 [3.5s]: train==[6104.28321=6043.91629 + 1.86264 + 0.00000 + 0.00000]
Epoch 1607 [3.5s]: train==[6185.90289=6125.53400 + 1.86440 + 0.00000 + 0.00000]
Epoch 1608 [3.4s]: train==[6210.50341=6150.13626 + 1.86420 + 0.00000 + 0.00000]
drop_flag:  True ,	 mess_dropout:  [0.0, 0.0]
rate_batch  torch.Size([1162, 753])
gt_count  8427
candidate_count  874986
ideal candidate count  874986
Epoch 1609 [3.4s + 5.7s]: train==[6205.04329=6144.67482 + 1.86398 + 0.00000 + 0.00000]
 recall=[0.23620, 0.50320], precision=[0.32306, 0.18145], F1=[0.25134, 0.25041], RMRR=[0.11132, 0.16003]
Epoch 1610 [3.4s]: train==[6175.49925=6115.12891 + 1.86681 + 0.00000 + 0.00000]
Epoch 1611 [3.4s]: train==[6352.92709=6292.55641 + 1.86766 + 0.00000 + 0.00000]
Epoch 1612 [3.4s]: train==[6315.59462=6255.22313 + 1.86827 + 0.00000 + 0.00000]
Epoch 1613 [3.4s]: train==[5970.85248=5910.47890 + 1.86830 + 0.00000 + 0.00000]
Epoch 1614 [3.4s]: train==[6191.78108=6131.40869 + 1.86741 + 0.00000 + 0.00000]
Epoch 1615 [3.4s]: train==[6290.35316=6229.97864 + 1.86875 + 0.00000 + 0.00000]
Epoch 1616 [3.6s]: train==[6121.90757=6061.52744 + 1.87394 + 0.00000 + 0.00000]
Epoch 1617 [3.5s]: train==[6344.86858=6284.49382 + 1.87222 + 0.00000 + 0.00000]
Epoch 1618 [3.5s]: train==[6232.51317=6172.14497 + 1.86600 + 0.00000 + 0.00000]
drop_flag:  True ,	 mess_dropout:  [0.0, 0.0]
rate_batch  torch.Size([1162, 753])
gt_count  8427
candidate_count  874986
ideal candidate count  874986
Epoch 1619 [3.6s + 5.8s]: train==[6343.70174=6283.32372 + 1.87359 + 0.00000 + 0.00000]
 recall=[0.23424, 0.50694], precision=[0.32065, 0.18145], F1=[0.24918, 0.25054], RMRR=[0.11119, 0.15779]
Epoch 1620 [3.5s]: train==[6125.51600=6065.13455 + 1.87670 + 0.00000 + 0.00000]
Epoch 1621 [3.6s]: train==[6167.98822=6107.61478 + 1.87001 + 0.00000 + 0.00000]
Epoch 1622 [3.6s]: train==[6216.99261=6156.61147 + 1.87649 + 0.00000 + 0.00000]
Epoch 1623 [3.6s]: train==[6348.09808=6287.72093 + 1.87421 + 0.00000 + 0.00000]
Epoch 1624 [3.6s]: train==[6254.58794=6194.20674 + 1.87501 + 0.00000 + 0.00000]
Epoch 1625 [3.6s]: train==[6000.67530=5940.29333 + 1.87620 + 0.00000 + 0.00000]
Epoch 1626 [3.5s]: train==[6080.12351=6019.73985 + 1.87693 + 0.00000 + 0.00000]
Epoch 1627 [3.5s]: train==[6318.79823=6258.41484 + 1.87769 + 0.00000 + 0.00000]
Epoch 1628 [3.5s]: train==[6278.07841=6217.69644 + 1.87740 + 0.00000 + 0.00000]
drop_flag:  True ,	 mess_dropout:  [0.0, 0.0]
rate_batch  torch.Size([1162, 753])
gt_count  8427
candidate_count  874986
ideal candidate count  874986
Epoch 1629 [3.5s + 5.8s]: train==[6211.36273=6150.98212 + 1.87727 + 0.00000 + 0.00000]
 recall=[0.23251, 0.50864], precision=[0.32134, 0.18227], F1=[0.24900, 0.25165], RMRR=[0.11126, 0.15943]
Epoch 1630 [3.5s]: train==[6146.45797=6086.07457 + 1.87704 + 0.00000 + 0.00000]
Epoch 1631 [3.5s]: train==[6078.57509=6018.19226 + 1.87616 + 0.00000 + 0.00000]
Epoch 1632 [3.5s]: train==[6160.09227=6099.71049 + 1.87686 + 0.00000 + 0.00000]
Epoch 1633 [3.5s]: train==[6070.22239=6009.83986 + 1.88040 + 0.00000 + 0.00000]
Epoch 1634 [3.4s]: train==[6250.38136=6189.99582 + 1.88144 + 0.00000 + 0.00000]
Epoch 1635 [3.5s]: train==[5967.67760=5907.29231 + 1.88103 + 0.00000 + 0.00000]
Epoch 1636 [3.5s]: train==[6225.37447=6164.99181 + 1.87960 + 0.00000 + 0.00000]
Epoch 1637 [3.5s]: train==[6406.09347=6345.71474 + 1.87809 + 0.00000 + 0.00000]
Epoch 1638 [3.5s]: train==[6199.19062=6138.81071 + 1.87904 + 0.00000 + 0.00000]
drop_flag:  True ,	 mess_dropout:  [0.0, 0.0]
rate_batch  torch.Size([1162, 753])
gt_count  8427
candidate_count  874986
ideal candidate count  874986
Epoch 1639 [3.5s + 5.7s]: train==[6198.64157=6138.26355 + 1.87794 + 0.00000 + 0.00000]
 recall=[0.23193, 0.50448], precision=[0.32100, 0.18133], F1=[0.24876, 0.25018], RMRR=[0.11147, 0.16035]
Epoch 1640 [3.5s]: train==[6155.14460=6094.76189 + 1.88185 + 0.00000 + 0.00000]
Epoch 1641 [3.5s]: train==[6029.12981=5968.74556 + 1.88301 + 0.00000 + 0.00000]
Epoch 1642 [3.5s]: train==[6144.39363=6084.00737 + 1.88196 + 0.00000 + 0.00000]
Epoch 1643 [3.5s]: train==[5978.75230=5918.36299 + 1.88387 + 0.00000 + 0.00000]
Epoch 1644 [3.5s]: train==[6384.02564=6323.64030 + 1.88161 + 0.00000 + 0.00000]
Epoch 1645 [3.5s]: train==[6006.86487=5946.47957 + 1.88297 + 0.00000 + 0.00000]
Epoch 1646 [3.5s]: train==[6227.84758=6167.45955 + 1.88551 + 0.00000 + 0.00000]
Epoch 1647 [3.4s]: train==[6143.84745=6083.45659 + 1.88917 + 0.00000 + 0.00000]
Epoch 1648 [3.4s]: train==[6025.20921=5964.82452 + 1.88376 + 0.00000 + 0.00000]
drop_flag:  True ,	 mess_dropout:  [0.0, 0.0]
rate_batch  torch.Size([1162, 753])
gt_count  8427
candidate_count  874986
ideal candidate count  874986
Epoch 1649 [3.5s + 5.7s]: train==[6009.15879=5948.76971 + 1.88501 + 0.00000 + 0.00000]
 recall=[0.23916, 0.51119], precision=[0.32341, 0.18227], F1=[0.25303, 0.25203], RMRR=[0.11372, 0.16148]
Epoch 1650 [3.4s]: train==[6213.28903=6152.90446 + 1.88305 + 0.00000 + 0.00000]
Epoch 1651 [3.4s]: train==[6172.49899=6112.10681 + 1.89071 + 0.00000 + 0.00000]
Epoch 1652 [3.5s]: train==[6082.42067=6022.02808 + 1.88863 + 0.00000 + 0.00000]
Epoch 1653 [3.5s]: train==[6236.35241=6175.95837 + 1.89075 + 0.00000 + 0.00000]
Epoch 1654 [3.5s]: train==[6357.29938=6296.90939 + 1.88650 + 0.00000 + 0.00000]
Epoch 1655 [3.5s]: train==[6330.31382=6269.92749 + 1.88384 + 0.00000 + 0.00000]
Epoch 1656 [3.4s]: train==[6121.23826=6060.84532 + 1.88914 + 0.00000 + 0.00000]
Epoch 1657 [3.5s]: train==[5966.40381=5906.00264 + 1.89587 + 0.00000 + 0.00000]
Epoch 1658 [3.5s]: train==[6172.30347=6111.90877 + 1.88945 + 0.00000 + 0.00000]
drop_flag:  True ,	 mess_dropout:  [0.0, 0.0]
rate_batch  torch.Size([1162, 753])
gt_count  8427
candidate_count  874986
ideal candidate count  874986
Epoch 1659 [3.5s + 5.7s]: train==[6230.26644=6169.86888 + 1.89404 + 0.00000 + 0.00000]
 recall=[0.23221, 0.50586], precision=[0.32065, 0.18163], F1=[0.24845, 0.25059], RMRR=[0.11277, 0.16154]
Epoch 1660 [3.5s]: train==[6142.40779=6082.01189 + 1.89056 + 0.00000 + 0.00000]
Epoch 1661 [3.5s]: train==[6141.87187=6081.47379 + 1.89624 + 0.00000 + 0.00000]
Epoch 1662 [3.5s]: train==[6298.54330=6238.14977 + 1.89260 + 0.00000 + 0.00000]
Epoch 1663 [3.6s]: train==[6091.51298=6031.10880 + 1.89928 + 0.00000 + 0.00000]
Epoch 1664 [3.5s]: train==[6135.07106=6074.67043 + 1.89686 + 0.00000 + 0.00000]
Epoch 1665 [3.5s]: train==[6137.09713=6076.69815 + 1.89439 + 0.00000 + 0.00000]
Epoch 1666 [3.5s]: train==[5924.00726=5863.61107 + 1.89370 + 0.00000 + 0.00000]
Epoch 1667 [3.5s]: train==[6272.60015=6212.20395 + 1.89517 + 0.00000 + 0.00000]
Epoch 1668 [3.5s]: train==[6358.84460=6298.44518 + 1.89823 + 0.00000 + 0.00000]
drop_flag:  True ,	 mess_dropout:  [0.0, 0.0]
rate_batch  torch.Size([1162, 753])
gt_count  8427
candidate_count  874986
ideal candidate count  874986
Epoch 1669 [3.5s + 5.8s]: train==[6237.40086=6176.99751 + 1.89972 + 0.00000 + 0.00000]
 recall=[0.23267, 0.51009], precision=[0.32031, 0.18231], F1=[0.24893, 0.25192], RMRR=[0.10917, 0.15784]
Epoch 1670 [3.6s]: train==[6141.93136=6081.52643 + 1.90070 + 0.00000 + 0.00000]
Epoch 1671 [3.6s]: train==[6140.78084=6080.37514 + 1.90070 + 0.00000 + 0.00000]
Epoch 1672 [3.5s]: train==[6047.21848=5986.81712 + 1.89751 + 0.00000 + 0.00000]
Epoch 1673 [3.5s]: train==[6246.47599=6186.06558 + 1.90653 + 0.00000 + 0.00000]
Epoch 1674 [3.6s]: train==[6131.53313=6071.13213 + 1.89885 + 0.00000 + 0.00000]
Epoch 1675 [3.5s]: train==[6188.94476=6128.54265 + 1.89997 + 0.00000 + 0.00000]
Epoch 1676 [3.4s]: train==[5879.81693=5819.41025 + 1.90386 + 0.00000 + 0.00000]
Epoch 1677 [3.5s]: train==[6256.29649=6195.88918 + 1.90343 + 0.00000 + 0.00000]
Epoch 1678 [3.5s]: train==[5951.10168=5890.69542 + 1.90435 + 0.00000 + 0.00000]
drop_flag:  True ,	 mess_dropout:  [0.0, 0.0]
rate_batch  torch.Size([1162, 753])
gt_count  8427
candidate_count  874986
ideal candidate count  874986
Epoch 1679 [3.4s + 5.7s]: train==[6173.86181=6113.45766 + 1.90278 + 0.00000 + 0.00000]
 recall=[0.23256, 0.50387], precision=[0.32031, 0.18077], F1=[0.24899, 0.24945], RMRR=[0.10914, 0.15675]
Epoch 1680 [3.5s]: train==[6256.92863=6196.52095 + 1.90597 + 0.00000 + 0.00000]
Epoch 1681 [3.5s]: train==[6238.07562=6177.67467 + 1.90132 + 0.00000 + 0.00000]
Epoch 1682 [3.5s]: train==[6214.91989=6154.51273 + 1.90704 + 0.00000 + 0.00000]
Epoch 1683 [3.6s]: train==[6402.17518=6341.76492 + 1.90834 + 0.00000 + 0.00000]
Epoch 1684 [3.5s]: train==[5994.99409=5934.58759 + 1.90642 + 0.00000 + 0.00000]
Epoch 1685 [3.6s]: train==[5998.05206=5937.64441 + 1.90557 + 0.00000 + 0.00000]
Epoch 1686 [3.6s]: train==[6046.77521=5986.36526 + 1.90831 + 0.00000 + 0.00000]
Epoch 1687 [3.6s]: train==[6029.64236=5969.23355 + 1.90780 + 0.00000 + 0.00000]
Epoch 1688 [3.6s]: train==[6197.32593=6136.91629 + 1.90812 + 0.00000 + 0.00000]
drop_flag:  True ,	 mess_dropout:  [0.0, 0.0]
rate_batch  torch.Size([1162, 753])
gt_count  8427
candidate_count  874986
ideal candidate count  874986
Epoch 1689 [3.5s + 5.7s]: train==[6239.90836=6179.49625 + 1.91198 + 0.00000 + 0.00000]
 recall=[0.23801, 0.50560], precision=[0.32478, 0.18085], F1=[0.25290, 0.24968], RMRR=[0.11361, 0.16115]
Epoch 1690 [3.4s]: train==[6341.39558=6280.98927 + 1.90703 + 0.00000 + 0.00000]
Epoch 1691 [3.4s]: train==[6124.45375=6064.04141 + 1.91064 + 0.00000 + 0.00000]
Epoch 1692 [3.5s]: train==[6202.65416=6142.24055 + 1.90974 + 0.00000 + 0.00000]
Epoch 1693 [3.5s]: train==[6323.36686=6262.95500 + 1.91042 + 0.00000 + 0.00000]
Epoch 1694 [3.5s]: train==[6134.04015=6073.63081 + 1.91020 + 0.00000 + 0.00000]
Epoch 1695 [3.5s]: train==[6351.44771=6291.03696 + 1.91055 + 0.00000 + 0.00000]
Epoch 1696 [3.5s]: train==[6039.60266=5979.18762 + 1.91406 + 0.00000 + 0.00000]
Epoch 1697 [3.5s]: train==[6108.36188=6047.94666 + 1.91328 + 0.00000 + 0.00000]
Epoch 1698 [3.5s]: train==[6120.03199=6059.61803 + 1.91266 + 0.00000 + 0.00000]
drop_flag:  True ,	 mess_dropout:  [0.0, 0.0]
rate_batch  torch.Size([1162, 753])
gt_count  8427
candidate_count  874986
ideal candidate count  874986
Epoch 1699 [3.5s + 5.7s]: train==[6202.48645=6142.06615 + 1.91885 + 0.00000 + 0.00000]
 recall=[0.23329, 0.50929], precision=[0.32169, 0.18270], F1=[0.24968, 0.25226], RMRR=[0.11003, 0.15863]
Epoch 1700 [3.5s]: train==[6322.60653=6262.19002 + 1.91375 + 0.00000 + 0.00000]
Epoch 1701 [3.4s]: train==[6480.00075=6419.58630 + 1.91321 + 0.00000 + 0.00000]
Epoch 1702 [3.5s]: train==[6022.25920=5961.84302 + 1.91431 + 0.00000 + 0.00000]
Epoch 1703 [3.5s]: train==[6166.52705=6106.10548 + 1.91953 + 0.00000 + 0.00000]
Epoch 1704 [3.6s]: train==[6326.40403=6265.99348 + 1.91304 + 0.00000 + 0.00000]
Epoch 1705 [3.6s]: train==[6147.22696=6086.81375 + 1.91490 + 0.00000 + 0.00000]
Epoch 1706 [3.6s]: train==[6158.05119=6097.63788 + 1.91419 + 0.00000 + 0.00000]
Epoch 1707 [3.6s]: train==[6243.00437=6182.58885 + 1.91774 + 0.00000 + 0.00000]
Epoch 1708 [3.6s]: train==[6214.31754=6153.90324 + 1.91736 + 0.00000 + 0.00000]
drop_flag:  True ,	 mess_dropout:  [0.0, 0.0]
rate_batch  torch.Size([1162, 753])
gt_count  8427
candidate_count  874986
ideal candidate count  874986
Epoch 1709 [3.6s + 5.7s]: train==[6118.69848=6058.28374 + 1.91668 + 0.00000 + 0.00000]
 recall=[0.23990, 0.50808], precision=[0.32496, 0.18210], F1=[0.25389, 0.25159], RMRR=[0.11384, 0.16151]
Epoch 1710 [3.5s]: train==[6124.45640=6064.03638 + 1.92122 + 0.00000 + 0.00000]
Epoch 1711 [3.5s]: train==[6298.57846=6238.16690 + 1.91374 + 0.00000 + 0.00000]
Epoch 1712 [3.5s]: train==[6355.52841=6295.11548 + 1.91755 + 0.00000 + 0.00000]
Epoch 1713 [3.5s]: train==[6139.98146=6079.56445 + 1.92002 + 0.00000 + 0.00000]
Epoch 1714 [3.4s]: train==[6254.71297=6194.29437 + 1.91995 + 0.00000 + 0.00000]
Epoch 1715 [3.5s]: train==[6332.45315=6272.03343 + 1.92116 + 0.00000 + 0.00000]
Epoch 1716 [3.5s]: train==[6131.25929=6070.83844 + 1.92204 + 0.00000 + 0.00000]
Epoch 1717 [3.5s]: train==[6285.21280=6224.78578 + 1.92701 + 0.00000 + 0.00000]
Epoch 1718 [3.5s]: train==[6014.40892=5953.98898 + 1.92021 + 0.00000 + 0.00000]
drop_flag:  True ,	 mess_dropout:  [0.0, 0.0]
rate_batch  torch.Size([1162, 753])
gt_count  8427
candidate_count  874986
ideal candidate count  874986
Epoch 1719 [3.4s + 5.7s]: train==[6195.51746=6135.09778 + 1.92298 + 0.00000 + 0.00000]
 recall=[0.23629, 0.50816], precision=[0.32461, 0.18257], F1=[0.25244, 0.25190], RMRR=[0.11366, 0.16185]
Epoch 1720 [3.5s]: train==[6197.36051=6136.93671 + 1.92543 + 0.00000 + 0.00000]
Epoch 1721 [3.5s]: train==[6191.25448=6130.83174 + 1.92600 + 0.00000 + 0.00000]
Epoch 1722 [3.5s]: train==[5998.47007=5938.04916 + 1.92347 + 0.00000 + 0.00000]
Epoch 1723 [3.5s]: train==[6059.74821=5999.32903 + 1.92147 + 0.00000 + 0.00000]
Epoch 1724 [3.5s]: train==[6270.84119=6210.42374 + 1.92073 + 0.00000 + 0.00000]
Epoch 1725 [3.5s]: train==[6056.05547=5995.63222 + 1.92708 + 0.00000 + 0.00000]
Epoch 1726 [3.5s]: train==[6199.38024=6138.95966 + 1.92390 + 0.00000 + 0.00000]
Epoch 1727 [3.5s]: train==[6030.53111=5970.10478 + 1.92825 + 0.00000 + 0.00000]
Epoch 1728 [3.4s]: train==[6092.85328=6032.42355 + 1.92948 + 0.00000 + 0.00000]
drop_flag:  True ,	 mess_dropout:  [0.0, 0.0]
rate_batch  torch.Size([1162, 753])
gt_count  8427
candidate_count  874986
ideal candidate count  874986
Epoch 1729 [3.5s + 5.7s]: train==[6048.49625=5988.07036 + 1.92773 + 0.00000 + 0.00000]
 recall=[0.23600, 0.51052], precision=[0.32410, 0.18266], F1=[0.25209, 0.25221], RMRR=[0.11112, 0.15848]
Epoch 1730 [3.5s]: train==[6139.90034=6079.47704 + 1.92658 + 0.00000 + 0.00000]
Epoch 1731 [3.5s]: train==[6131.79541=6071.36618 + 1.93021 + 0.00000 + 0.00000]
Epoch 1732 [3.5s]: train==[6027.38353=5966.95738 + 1.92934 + 0.00000 + 0.00000]
Epoch 1733 [3.5s]: train==[6204.21893=6143.79031 + 1.93380 + 0.00000 + 0.00000]
Epoch 1734 [3.4s]: train==[6025.74044=5965.31046 + 1.93256 + 0.00000 + 0.00000]
Epoch 1735 [3.5s]: train==[6041.62250=5981.19537 + 1.93110 + 0.00000 + 0.00000]
Epoch 1736 [3.5s]: train==[6203.70992=6143.28487 + 1.93107 + 0.00000 + 0.00000]
Epoch 1737 [3.5s]: train==[5984.96932=5924.54326 + 1.93340 + 0.00000 + 0.00000]
Epoch 1738 [3.5s]: train==[6199.32271=6138.89781 + 1.93202 + 0.00000 + 0.00000]
drop_flag:  True ,	 mess_dropout:  [0.0, 0.0]
rate_batch  torch.Size([1162, 753])
gt_count  8427
candidate_count  874986
ideal candidate count  874986
Epoch 1739 [3.5s + 5.7s]: train==[6086.45740=6026.03319 + 1.93273 + 0.00000 + 0.00000]
 recall=[0.23552, 0.50515], precision=[0.32238, 0.18150], F1=[0.25092, 0.25044], RMRR=[0.11211, 0.15907]
Epoch 1740 [3.5s]: train==[6423.23816=6362.81508 + 1.93042 + 0.00000 + 0.00000]
Epoch 1741 [3.4s]: train==[6008.62625=5948.19968 + 1.93306 + 0.00000 + 0.00000]
Epoch 1742 [3.5s]: train==[5908.40320=5847.96896 + 1.93824 + 0.00000 + 0.00000]
Epoch 1743 [3.5s]: train==[6105.50246=6045.07538 + 1.93249 + 0.00000 + 0.00000]
Epoch 1744 [3.5s]: train==[5814.29296=5753.86171 + 1.93823 + 0.00000 + 0.00000]
Epoch 1745 [3.5s]: train==[6189.79643=6129.36729 + 1.93442 + 0.00000 + 0.00000]
Epoch 1746 [3.4s]: train==[6025.52492=5965.09433 + 1.93673 + 0.00000 + 0.00000]
Epoch 1747 [3.5s]: train==[6072.50740=6012.08037 + 1.93144 + 0.00000 + 0.00000]
Epoch 1748 [3.4s]: train==[6136.14157=6075.71332 + 1.93413 + 0.00000 + 0.00000]
drop_flag:  True ,	 mess_dropout:  [0.0, 0.0]
rate_batch  torch.Size([1162, 753])
gt_count  8427
candidate_count  874986
ideal candidate count  874986
Epoch 1749 [3.4s + 5.7s]: train==[6337.83170=6277.40048 + 1.93828 + 0.00000 + 0.00000]
 recall=[0.23720, 0.50549], precision=[0.32306, 0.18137], F1=[0.25161, 0.25029], RMRR=[0.11004, 0.15878]
Epoch 1750 [3.4s]: train==[6195.14860=6134.72079 + 1.93389 + 0.00000 + 0.00000]
Epoch 1751 [3.4s]: train==[6347.85596=6287.42793 + 1.93605 + 0.00000 + 0.00000]
Epoch 1752 [3.4s]: train==[6099.88121=6039.45332 + 1.93545 + 0.00000 + 0.00000]
Epoch 1753 [3.4s]: train==[6253.32282=6192.89537 + 1.93799 + 0.00000 + 0.00000]
Epoch 1754 [3.5s]: train==[6228.90495=6168.47864 + 1.93587 + 0.00000 + 0.00000]
Epoch 1755 [3.4s]: train==[6131.50200=6071.06828 + 1.94150 + 0.00000 + 0.00000]
Epoch 1756 [3.5s]: train==[6121.55832=6061.12900 + 1.93851 + 0.00000 + 0.00000]
Epoch 1757 [3.5s]: train==[6076.15733=6015.72902 + 1.93660 + 0.00000 + 0.00000]
Epoch 1758 [3.5s]: train==[6147.90651=6087.47377 + 1.94207 + 0.00000 + 0.00000]
drop_flag:  True ,	 mess_dropout:  [0.0, 0.0]
rate_batch  torch.Size([1162, 753])
gt_count  8427
candidate_count  874986
ideal candidate count  874986
Epoch 1759 [3.5s + 5.8s]: train==[6129.83779=6069.40453 + 1.94183 + 0.00000 + 0.00000]
 recall=[0.23608, 0.50932], precision=[0.32306, 0.18300], F1=[0.25144, 0.25262], RMRR=[0.11285, 0.16040]
Epoch 1760 [3.6s]: train==[6182.18048=6121.75278 + 1.93753 + 0.00000 + 0.00000]
Epoch 1761 [3.6s]: train==[6417.69598=6357.26508 + 1.94091 + 0.00000 + 0.00000]
Epoch 1762 [3.5s]: train==[6348.20139=6287.77457 + 1.93881 + 0.00000 + 0.00000]
Epoch 1763 [3.5s]: train==[6003.02526=5942.59016 + 1.94508 + 0.00000 + 0.00000]
Epoch 1764 [3.5s]: train==[6214.49891=6154.06915 + 1.94109 + 0.00000 + 0.00000]
Epoch 1765 [3.6s]: train==[6174.16478=6113.73885 + 1.93661 + 0.00000 + 0.00000]
Epoch 1766 [3.5s]: train==[6210.19756=6149.76839 + 1.94026 + 0.00000 + 0.00000]
Epoch 1767 [3.5s]: train==[6166.70488=6106.27023 + 1.94651 + 0.00000 + 0.00000]
Epoch 1768 [3.5s]: train==[6263.61173=6203.17853 + 1.94426 + 0.00000 + 0.00000]
drop_flag:  True ,	 mess_dropout:  [0.0, 0.0]
rate_batch  torch.Size([1162, 753])
gt_count  8427
candidate_count  874986
ideal candidate count  874986
Epoch 1769 [3.4s + 5.7s]: train==[6159.82807=6099.39500 + 1.94284 + 0.00000 + 0.00000]
 recall=[0.23534, 0.50698], precision=[0.32272, 0.18313], F1=[0.25080, 0.25247], RMRR=[0.11235, 0.16009]
Epoch 1770 [3.5s]: train==[6065.95442=6005.52138 + 1.94327 + 0.00000 + 0.00000]
Epoch 1771 [3.4s]: train==[6398.96142=6338.53305 + 1.94009 + 0.00000 + 0.00000]
Epoch 1772 [3.4s]: train==[6060.00002=5999.57024 + 1.94197 + 0.00000 + 0.00000]
Epoch 1773 [3.4s]: train==[6151.99106=6091.55544 + 1.94672 + 0.00000 + 0.00000]
Epoch 1774 [3.4s]: train==[6077.74018=6017.30470 + 1.94494 + 0.00000 + 0.00000]
Epoch 1775 [3.4s]: train==[6466.52976=6406.09322 + 1.94649 + 0.00000 + 0.00000]
Epoch 1776 [3.5s]: train==[5998.48134=5938.04385 + 1.94821 + 0.00000 + 0.00000]
Epoch 1777 [3.5s]: train==[6024.25517=5963.81963 + 1.94756 + 0.00000 + 0.00000]
Epoch 1778 [3.5s]: train==[6047.54368=5987.10780 + 1.94585 + 0.00000 + 0.00000]
drop_flag:  True ,	 mess_dropout:  [0.0, 0.0]
rate_batch  torch.Size([1162, 753])
gt_count  8427
candidate_count  874986
ideal candidate count  874986
Epoch 1779 [3.6s + 5.8s]: train==[6068.20220=6007.76266 + 1.94893 + 0.00000 + 0.00000]
 recall=[0.23636, 0.50114], precision=[0.32014, 0.18034], F1=[0.24964, 0.24889], RMRR=[0.11034, 0.15971]
Epoch 1780 [3.5s]: train==[6343.20723=6282.77023 + 1.94969 + 0.00000 + 0.00000]
Epoch 1781 [3.4s]: train==[6284.19374=6223.75496 + 1.94922 + 0.00000 + 0.00000]
Epoch 1782 [3.4s]: train==[5978.92323=5918.48337 + 1.95094 + 0.00000 + 0.00000]
Epoch 1783 [3.4s]: train==[6231.24136=6170.80298 + 1.95197 + 0.00000 + 0.00000]
Epoch 1784 [3.4s]: train==[6204.40793=6143.97299 + 1.94910 + 0.00000 + 0.00000]
Epoch 1785 [3.5s]: train==[6110.96416=6050.52971 + 1.94646 + 0.00000 + 0.00000]
Epoch 1786 [3.4s]: train==[6182.70430=6122.26552 + 1.95046 + 0.00000 + 0.00000]
Epoch 1787 [3.4s]: train==[6198.46431=6138.02379 + 1.94922 + 0.00000 + 0.00000]
Epoch 1788 [3.5s]: train==[6102.58706=6042.14233 + 1.95307 + 0.00000 + 0.00000]
drop_flag:  True ,	 mess_dropout:  [0.0, 0.0]
rate_batch  torch.Size([1162, 753])
gt_count  8427
candidate_count  874986
ideal candidate count  874986
Epoch 1789 [3.5s + 5.7s]: train==[6259.63554=6199.19186 + 1.95195 + 0.00000 + 0.00000]
 recall=[0.23396, 0.50595], precision=[0.32083, 0.18214], F1=[0.24914, 0.25124], RMRR=[0.11094, 0.16032]
Epoch 1790 [3.5s]: train==[6203.67291=6143.23390 + 1.94981 + 0.00000 + 0.00000]
Epoch 1791 [3.5s]: train==[6223.23491=6162.79100 + 1.95457 + 0.00000 + 0.00000]
Epoch 1792 [3.5s]: train==[6056.61462=5996.17239 + 1.95091 + 0.00000 + 0.00000]
Epoch 1793 [3.5s]: train==[6238.89039=6178.44519 + 1.95504 + 0.00000 + 0.00000]
Epoch 1794 [3.5s]: train==[6261.43898=6200.99318 + 1.95526 + 0.00000 + 0.00000]
Epoch 1795 [3.6s]: train==[6313.76754=6253.32556 + 1.95090 + 0.00000 + 0.00000]
Epoch 1796 [3.6s]: train==[5920.04683=5859.60565 + 1.95375 + 0.00000 + 0.00000]
Epoch 1797 [3.5s]: train==[6251.94250=6191.49626 + 1.95661 + 0.00000 + 0.00000]
Epoch 1798 [3.5s]: train==[6150.53523=6090.09225 + 1.95439 + 0.00000 + 0.00000]
drop_flag:  True ,	 mess_dropout:  [0.0, 0.0]
rate_batch  torch.Size([1162, 753])
gt_count  8427
candidate_count  874986
ideal candidate count  874986
Epoch 1799 [3.4s + 5.7s]: train==[6046.58997=5986.14368 + 1.95731 + 0.00000 + 0.00000]
 recall=[0.23257, 0.50421], precision=[0.31876, 0.18128], F1=[0.24788, 0.25016], RMRR=[0.11138, 0.16030]
Epoch 1800 [3.4s]: train==[6248.55281=6188.10268 + 1.95989 + 0.00000 + 0.00000]
Epoch 1801 [3.4s]: train==[6023.85561=5963.40623 + 1.95855 + 0.00000 + 0.00000]
Epoch 1802 [3.4s]: train==[6208.57483=6148.12550 + 1.95882 + 0.00000 + 0.00000]
Epoch 1803 [3.5s]: train==[6222.82709=6162.37886 + 1.95812 + 0.00000 + 0.00000]
Epoch 1804 [3.5s]: train==[6216.93790=6156.48770 + 1.95875 + 0.00000 + 0.00000]
Epoch 1805 [3.5s]: train==[6192.03808=6131.59172 + 1.95628 + 0.00000 + 0.00000]
Epoch 1806 [3.5s]: train==[6043.10025=5982.64888 + 1.96071 + 0.00000 + 0.00000]
Epoch 1807 [3.5s]: train==[6195.40537=6134.95528 + 1.95980 + 0.00000 + 0.00000]
Epoch 1808 [3.5s]: train==[6134.35253=6073.90311 + 1.96135 + 0.00000 + 0.00000]
drop_flag:  True ,	 mess_dropout:  [0.0, 0.0]
rate_batch  torch.Size([1162, 753])
gt_count  8427
candidate_count  874986
ideal candidate count  874986
Epoch 1809 [3.7s + 5.7s]: train==[6104.84280=6044.39328 + 1.95965 + 0.00000 + 0.00000]
 recall=[0.23604, 0.50579], precision=[0.32461, 0.18184], F1=[0.25201, 0.25082], RMRR=[0.11178, 0.16020]
Epoch 1810 [3.5s]: train==[6264.09417=6203.64041 + 1.96661 + 0.00000 + 0.00000]
Epoch 1811 [3.6s]: train==[6271.92409=6211.47537 + 1.96138 + 0.00000 + 0.00000]
Epoch 1812 [3.6s]: train==[6227.03175=6166.58084 + 1.96212 + 0.00000 + 0.00000]
Epoch 1813 [3.5s]: train==[6233.47695=6173.02338 + 1.96454 + 0.00000 + 0.00000]
Epoch 1814 [3.4s]: train==[6326.94393=6266.49051 + 1.96377 + 0.00000 + 0.00000]
Epoch 1815 [3.4s]: train==[5941.53951=5881.08701 + 1.96389 + 0.00000 + 0.00000]
Epoch 1816 [3.4s]: train==[6021.17074=5960.71703 + 1.96438 + 0.00000 + 0.00000]
Epoch 1817 [3.4s]: train==[6040.95436=5980.50049 + 1.96480 + 0.00000 + 0.00000]
Epoch 1818 [3.4s]: train==[6239.54062=6179.08919 + 1.96409 + 0.00000 + 0.00000]
drop_flag:  True ,	 mess_dropout:  [0.0, 0.0]
rate_batch  torch.Size([1162, 753])
gt_count  8427
candidate_count  874986
ideal candidate count  874986
Epoch 1819 [3.4s + 5.7s]: train==[6258.94951=6198.49728 + 1.96560 + 0.00000 + 0.00000]
 recall=[0.23421, 0.50762], precision=[0.32031, 0.18283], F1=[0.24928, 0.25219], RMRR=[0.11030, 0.15891]
Epoch 1820 [3.5s]: train==[6070.30028=6009.84940 + 1.96419 + 0.00000 + 0.00000]
Epoch 1821 [3.5s]: train==[6291.79219=6231.33856 + 1.96548 + 0.00000 + 0.00000]
Epoch 1822 [3.5s]: train==[6160.77285=6100.31578 + 1.96670 + 0.00000 + 0.00000]
Epoch 1823 [3.5s]: train==[6304.24101=6243.78769 + 1.96713 + 0.00000 + 0.00000]
Epoch 1824 [3.5s]: train==[6145.50163=6085.04971 + 1.96620 + 0.00000 + 0.00000]
Epoch 1825 [3.5s]: train==[6323.36607=6262.91006 + 1.96850 + 0.00000 + 0.00000]
Epoch 1826 [3.6s]: train==[6098.18706=6037.72914 + 1.97140 + 0.00000 + 0.00000]
Epoch 1827 [3.5s]: train==[6106.54400=6046.08907 + 1.96968 + 0.00000 + 0.00000]
Epoch 1828 [3.5s]: train==[6209.52749=6149.06886 + 1.97077 + 0.00000 + 0.00000]
drop_flag:  True ,	 mess_dropout:  [0.0, 0.0]
rate_batch  torch.Size([1162, 753])
gt_count  8427
candidate_count  874986
ideal candidate count  874986
Epoch 1829 [3.5s + 5.9s]: train==[6343.61762=6283.15462 + 1.97247 + 0.00000 + 0.00000]
 recall=[0.22804, 0.50193], precision=[0.31084, 0.17948], F1=[0.24219, 0.24790], RMRR=[0.10461, 0.15209]
Epoch 1830 [3.5s]: train==[6311.97499=6251.51590 + 1.97007 + 0.00000 + 0.00000]
Epoch 1831 [3.6s]: train==[6116.17521=6055.71658 + 1.97171 + 0.00000 + 0.00000]
Epoch 1832 [3.5s]: train==[6208.09035=6147.63266 + 1.97124 + 0.00000 + 0.00000]
Epoch 1833 [3.5s]: train==[6140.07623=6079.61569 + 1.97541 + 0.00000 + 0.00000]
Epoch 1834 [3.5s]: train==[6183.99221=6123.53792 + 1.96966 + 0.00000 + 0.00000]
Epoch 1835 [3.5s]: train==[6200.77035=6140.31664 + 1.96827 + 0.00000 + 0.00000]
Epoch 1836 [3.5s]: train==[6033.07138=5972.61343 + 1.97210 + 0.00000 + 0.00000]
Epoch 1837 [3.5s]: train==[6050.65693=5990.19418 + 1.97560 + 0.00000 + 0.00000]
Epoch 1838 [3.4s]: train==[6085.46375=6025.00414 + 1.97342 + 0.00000 + 0.00000]
drop_flag:  True ,	 mess_dropout:  [0.0, 0.0]
rate_batch  torch.Size([1162, 753])
gt_count  8427
candidate_count  874986
ideal candidate count  874986
Epoch 1839 [3.4s + 5.7s]: train==[6121.41100=6060.95461 + 1.97194 + 0.00000 + 0.00000]
 recall=[0.23568, 0.50378], precision=[0.32444, 0.18210], F1=[0.25128, 0.25099], RMRR=[0.11137, 0.15973]
Epoch 1840 [3.5s]: train==[6246.89257=6186.43497 + 1.97460 + 0.00000 + 0.00000]
Epoch 1841 [3.4s]: train==[6213.42376=6152.96187 + 1.97562 + 0.00000 + 0.00000]
Epoch 1842 [3.5s]: train==[6216.49026=6156.03081 + 1.97623 + 0.00000 + 0.00000]
Epoch 1843 [3.5s]: train==[6135.06050=6074.59734 + 1.97763 + 0.00000 + 0.00000]
Epoch 1844 [3.4s]: train==[5968.56180=5908.10399 + 1.97473 + 0.00000 + 0.00000]
Epoch 1845 [3.5s]: train==[6293.44979=6232.98686 + 1.97911 + 0.00000 + 0.00000]
Epoch 1846 [3.5s]: train==[6153.29964=6092.83502 + 1.97963 + 0.00000 + 0.00000]
Epoch 1847 [3.4s]: train==[6456.56649=6396.11038 + 1.97450 + 0.00000 + 0.00000]
Epoch 1848 [3.4s]: train==[6183.61888=6123.16191 + 1.97596 + 0.00000 + 0.00000]
drop_flag:  True ,	 mess_dropout:  [0.0, 0.0]
rate_batch  torch.Size([1162, 753])
gt_count  8427
candidate_count  874986
ideal candidate count  874986
Epoch 1849 [3.4s + 5.7s]: train==[6023.60282=5963.14226 + 1.97907 + 0.00000 + 0.00000]
 recall=[0.23657, 0.50472], precision=[0.32496, 0.18158], F1=[0.25275, 0.25052], RMRR=[0.11089, 0.15933]
Epoch 1850 [3.5s]: train==[6064.22898=6003.76787 + 1.97740 + 0.00000 + 0.00000]
Epoch 1851 [3.4s]: train==[6092.06507=6031.60471 + 1.97709 + 0.00000 + 0.00000]
Epoch 1852 [3.4s]: train==[6303.98868=6243.52419 + 1.98035 + 0.00000 + 0.00000]
Epoch 1853 [3.5s]: train==[5943.37959=5882.91837 + 1.97686 + 0.00000 + 0.00000]
Epoch 1854 [3.4s]: train==[6254.00026=6193.53568 + 1.98224 + 0.00000 + 0.00000]
Epoch 1855 [3.5s]: train==[6257.04925=6196.58409 + 1.97997 + 0.00000 + 0.00000]
Epoch 1856 [3.4s]: train==[6198.89093=6138.42616 + 1.98045 + 0.00000 + 0.00000]
Epoch 1857 [3.4s]: train==[6390.86945=6330.40906 + 1.97812 + 0.00000 + 0.00000]
Epoch 1858 [3.5s]: train==[6288.42048=6227.95413 + 1.98394 + 0.00000 + 0.00000]
drop_flag:  True ,	 mess_dropout:  [0.0, 0.0]
rate_batch  torch.Size([1162, 753])
gt_count  8427
candidate_count  874986
ideal candidate count  874986
Epoch 1859 [3.4s + 5.7s]: train==[6066.72750=6006.25986 + 1.98222 + 0.00000 + 0.00000]
 recall=[0.23674, 0.50952], precision=[0.32220, 0.18266], F1=[0.25082, 0.25216], RMRR=[0.11192, 0.16002]
Epoch 1860 [3.5s]: train==[6126.47929=6066.01390 + 1.98114 + 0.00000 + 0.00000]
Epoch 1861 [3.5s]: train==[6192.46446=6131.99207 + 1.98879 + 0.00000 + 0.00000]
Epoch 1862 [3.5s]: train==[6192.79250=6132.32228 + 1.98439 + 0.00000 + 0.00000]
Epoch 1863 [3.5s]: train==[6197.89527=6137.42683 + 1.98349 + 0.00000 + 0.00000]
Epoch 1864 [3.5s]: train==[6186.04029=6125.56752 + 1.98877 + 0.00000 + 0.00000]
Epoch 1865 [3.5s]: train==[6075.07999=6014.61383 + 1.98610 + 0.00000 + 0.00000]
Epoch 1866 [3.5s]: train==[6172.73767=6112.27171 + 1.98523 + 0.00000 + 0.00000]
Epoch 1867 [3.5s]: train==[6019.70674=5959.23563 + 1.98995 + 0.00000 + 0.00000]
Epoch 1868 [3.5s]: train==[6126.97376=6066.50394 + 1.98780 + 0.00000 + 0.00000]
drop_flag:  True ,	 mess_dropout:  [0.0, 0.0]
rate_batch  torch.Size([1162, 753])
gt_count  8427
candidate_count  874986
ideal candidate count  874986
Epoch 1869 [3.5s + 5.7s]: train==[6219.40087=6158.93343 + 1.98512 + 0.00000 + 0.00000]
 recall=[0.23171, 0.51113], precision=[0.32083, 0.18369], F1=[0.24862, 0.25335], RMRR=[0.10958, 0.16058]
Epoch 1870 [3.5s]: train==[6195.66002=6135.18813 + 1.98943 + 0.00000 + 0.00000]
Epoch 1871 [3.5s]: train==[6040.36027=5979.89165 + 1.98429 + 0.00000 + 0.00000]
Epoch 1872 [3.4s]: train==[6131.90054=6071.42406 + 1.99348 + 0.00000 + 0.00000]
Epoch 1873 [3.5s]: train==[6110.00385=6049.53484 + 1.98767 + 0.00000 + 0.00000]
Epoch 1874 [3.5s]: train==[6032.31632=5971.84586 + 1.99069 + 0.00000 + 0.00000]
Epoch 1875 [3.5s]: train==[5969.52343=5909.05185 + 1.98904 + 0.00000 + 0.00000]
Epoch 1876 [3.5s]: train==[6287.42539=6226.95404 + 1.98897 + 0.00000 + 0.00000]
Epoch 1877 [3.5s]: train==[6155.19279=6094.72427 + 1.98925 + 0.00000 + 0.00000]
Epoch 1878 [3.4s]: train==[6226.99494=6166.52815 + 1.98790 + 0.00000 + 0.00000]
drop_flag:  True ,	 mess_dropout:  [0.0, 0.0]
rate_batch  torch.Size([1162, 753])
gt_count  8427
candidate_count  874986
ideal candidate count  874986
Epoch 1879 [3.4s + 5.6s]: train==[6288.69145=6228.21803 + 1.99117 + 0.00000 + 0.00000]
 recall=[0.23291, 0.50522], precision=[0.32117, 0.18120], F1=[0.24869, 0.25004], RMRR=[0.11093, 0.15976]
Epoch 1880 [3.4s]: train==[6034.59101=5974.11569 + 1.99321 + 0.00000 + 0.00000]
Epoch 1881 [3.4s]: train==[5926.42522=5865.94923 + 1.99297 + 0.00000 + 0.00000]
Epoch 1882 [3.4s]: train==[6119.13366=6058.65637 + 1.99608 + 0.00000 + 0.00000]
Epoch 1883 [3.4s]: train==[6015.40316=5954.93265 + 1.99098 + 0.00000 + 0.00000]
Epoch 1884 [3.4s]: train==[6512.21091=6451.74030 + 1.99143 + 0.00000 + 0.00000]
Epoch 1885 [3.4s]: train==[6071.84170=6011.35979 + 2.00094 + 0.00000 + 0.00000]
Epoch 1886 [3.4s]: train==[6201.71244=6141.23596 + 1.99447 + 0.00000 + 0.00000]
Epoch 1887 [3.4s]: train==[6118.45955=6057.98315 + 1.99505 + 0.00000 + 0.00000]
Epoch 1888 [3.4s]: train==[6027.63613=5967.16277 + 1.99291 + 0.00000 + 0.00000]
drop_flag:  True ,	 mess_dropout:  [0.0, 0.0]
rate_batch  torch.Size([1162, 753])
gt_count  8427
candidate_count  874986
ideal candidate count  874986
Epoch 1889 [3.4s + 5.7s]: train==[6253.14968=6192.67406 + 1.99430 + 0.00000 + 0.00000]
 recall=[0.23499, 0.50122], precision=[0.32255, 0.18008], F1=[0.25031, 0.24844], RMRR=[0.11113, 0.15780]
Epoch 1890 [3.4s]: train==[6072.38484=6011.90782 + 1.99831 + 0.00000 + 0.00000]
Epoch 1891 [3.4s]: train==[6375.07872=6314.60045 + 1.99790 + 0.00000 + 0.00000]
Epoch 1892 [3.4s]: train==[6286.01206=6225.53688 + 1.99523 + 0.00000 + 0.00000]
Epoch 1893 [3.4s]: train==[6407.24931=6346.77553 + 1.99573 + 0.00000 + 0.00000]
Epoch 1894 [3.4s]: train==[5934.53809=5874.06015 + 1.99972 + 0.00000 + 0.00000]
Epoch 1895 [3.4s]: train==[6281.24343=6220.76685 + 1.99828 + 0.00000 + 0.00000]
Epoch 1896 [3.4s]: train==[6205.73387=6145.25424 + 1.99886 + 0.00000 + 0.00000]
Epoch 1897 [3.4s]: train==[6247.54911=6187.06903 + 2.00142 + 0.00000 + 0.00000]
Epoch 1898 [3.4s]: train==[6166.34226=6105.86147 + 2.00226 + 0.00000 + 0.00000]
drop_flag:  True ,	 mess_dropout:  [0.0, 0.0]
rate_batch  torch.Size([1162, 753])
gt_count  8427
candidate_count  874986
ideal candidate count  874986
Epoch 1899 [3.4s + 5.6s]: train==[5999.41902=5938.94046 + 1.99843 + 0.00000 + 0.00000]
 recall=[0.23830, 0.50666], precision=[0.32582, 0.18223], F1=[0.25330, 0.25152], RMRR=[0.11296, 0.16183]
Epoch 1900 [3.4s]: train==[6086.74785=6026.27281 + 1.99636 + 0.00000 + 0.00000]
Epoch 1901 [3.4s]: train==[6094.52125=6034.04865 + 1.99541 + 0.00000 + 0.00000]
Epoch 1902 [3.4s]: train==[6208.64142=6148.16057 + 2.00146 + 0.00000 + 0.00000]
Epoch 1903 [3.4s]: train==[6125.90432=6065.42464 + 2.00113 + 0.00000 + 0.00000]
Epoch 1904 [3.4s]: train==[6372.03923=6311.55759 + 2.00223 + 0.00000 + 0.00000]
Epoch 1905 [3.4s]: train==[6200.43197=6139.95068 + 2.00152 + 0.00000 + 0.00000]
Epoch 1906 [3.4s]: train==[6282.97481=6222.49692 + 1.99854 + 0.00000 + 0.00000]
Epoch 1907 [3.4s]: train==[6287.42187=6226.93756 + 2.00509 + 0.00000 + 0.00000]
Epoch 1908 [3.4s]: train==[6102.87750=6042.39601 + 2.00297 + 0.00000 + 0.00000]
drop_flag:  True ,	 mess_dropout:  [0.0, 0.0]
rate_batch  torch.Size([1162, 753])
gt_count  8427
candidate_count  874986
ideal candidate count  874986
Epoch 1909 [3.4s + 5.7s]: train==[6190.49898=6130.01526 + 2.00464 + 0.00000 + 0.00000]
 recall=[0.23890, 0.50860], precision=[0.32840, 0.18253], F1=[0.25475, 0.25205], RMRR=[0.11076, 0.15887]
Epoch 1910 [3.4s]: train==[6007.07886=5946.59744 + 2.00294 + 0.00000 + 0.00000]
Epoch 1911 [3.4s]: train==[6267.69129=6207.21393 + 2.00027 + 0.00000 + 0.00000]
Epoch 1912 [3.4s]: train==[5925.76136=5865.28171 + 2.00313 + 0.00000 + 0.00000]
Epoch 1913 [3.4s]: train==[5932.92545=5872.44154 + 2.00584 + 0.00000 + 0.00000]
Epoch 1914 [3.4s]: train==[6092.72146=6032.24060 + 2.00482 + 0.00000 + 0.00000]
Epoch 1915 [3.4s]: train==[6032.41940=5971.93494 + 2.00693 + 0.00000 + 0.00000]
Epoch 1916 [3.4s]: train==[6169.87778=6109.39116 + 2.00752 + 0.00000 + 0.00000]
Epoch 1917 [3.4s]: train==[6082.77387=6022.29424 + 2.00338 + 0.00000 + 0.00000]
Epoch 1918 [3.4s]: train==[6188.89002=6128.40570 + 2.00674 + 0.00000 + 0.00000]
drop_flag:  True ,	 mess_dropout:  [0.0, 0.0]
rate_batch  torch.Size([1162, 753])
gt_count  8427
candidate_count  874986
ideal candidate count  874986
Epoch 1919 [3.4s + 5.7s]: train==[6246.50512=6186.02229 + 2.00688 + 0.00000 + 0.00000]
 recall=[0.23691, 0.51078], precision=[0.32341, 0.18318], F1=[0.25170, 0.25312], RMRR=[0.11185, 0.16120]
Epoch 1920 [3.4s]: train==[6256.04467=6195.56453 + 2.00414 + 0.00000 + 0.00000]
Epoch 1921 [3.4s]: train==[6145.02010=6084.53488 + 2.00826 + 0.00000 + 0.00000]
Epoch 1922 [3.4s]: train==[6259.08966=6198.59982 + 2.01196 + 0.00000 + 0.00000]
Epoch 1923 [3.4s]: train==[6173.74784=6113.26196 + 2.00811 + 0.00000 + 0.00000]
Epoch 1924 [3.4s]: train==[6029.68815=5969.20212 + 2.00900 + 0.00000 + 0.00000]
Epoch 1925 [3.4s]: train==[5986.61376=5926.12538 + 2.01222 + 0.00000 + 0.00000]
Epoch 1926 [3.4s]: train==[6081.38065=6020.89604 + 2.00818 + 0.00000 + 0.00000]
Epoch 1927 [3.4s]: train==[6023.69357=5963.20245 + 2.01356 + 0.00000 + 0.00000]
Epoch 1928 [3.4s]: train==[6023.60389=5963.11411 + 2.01185 + 0.00000 + 0.00000]
drop_flag:  True ,	 mess_dropout:  [0.0, 0.0]
rate_batch  torch.Size([1162, 753])
gt_count  8427
candidate_count  874986
ideal candidate count  874986
Epoch 1929 [3.4s + 5.7s]: train==[6016.94414=5956.46028 + 2.00649 + 0.00000 + 0.00000]
 recall=[0.23514, 0.51238], precision=[0.32117, 0.18399], F1=[0.24994, 0.25397], RMRR=[0.10970, 0.15908]
Epoch 1930 [3.4s]: train==[6257.33452=6196.84467 + 2.01351 + 0.00000 + 0.00000]
Epoch 1931 [3.4s]: train==[6115.75242=6055.26396 + 2.01415 + 0.00000 + 0.00000]
Epoch 1932 [3.4s]: train==[6131.30118=6070.81189 + 2.01509 + 0.00000 + 0.00000]
Epoch 1933 [3.4s]: train==[6031.02761=5970.53928 + 2.01454 + 0.00000 + 0.00000]
Epoch 1934 [3.4s]: train==[6019.28937=5958.80356 + 2.01145 + 0.00000 + 0.00000]
Epoch 1935 [3.4s]: train==[6018.10148=5957.61453 + 2.01158 + 0.00000 + 0.00000]
Epoch 1936 [3.4s]: train==[6130.97747=6070.48463 + 2.01721 + 0.00000 + 0.00000]
Epoch 1937 [3.4s]: train==[6148.74985=6088.26164 + 2.01524 + 0.00000 + 0.00000]
Epoch 1938 [3.4s]: train==[6459.00006=6398.51282 + 2.01348 + 0.00000 + 0.00000]
drop_flag:  True ,	 mess_dropout:  [0.0, 0.0]
rate_batch  torch.Size([1162, 753])
gt_count  8427
candidate_count  874986
ideal candidate count  874986
Epoch 1939 [3.4s + 5.7s]: train==[6401.98019=6341.50026 + 2.00728 + 0.00000 + 0.00000]
 recall=[0.23643, 0.50846], precision=[0.32513, 0.18244], F1=[0.25235, 0.25186], RMRR=[0.11641, 0.16604]
Epoch 1940 [3.4s]: train==[6088.26584=6027.78134 + 2.01047 + 0.00000 + 0.00000]
Epoch 1941 [3.4s]: train==[6142.21519=6081.72801 + 2.01269 + 0.00000 + 0.00000]
Epoch 1942 [3.4s]: train==[6170.49018=6110.00868 + 2.00783 + 0.00000 + 0.00000]
Epoch 1943 [3.4s]: train==[5943.68146=5883.19495 + 2.01489 + 0.00000 + 0.00000]
Epoch 1944 [3.4s]: train==[6409.92460=6349.43805 + 2.01376 + 0.00000 + 0.00000]
Epoch 1945 [3.4s]: train==[6206.01767=6145.53403 + 2.01161 + 0.00000 + 0.00000]
Epoch 1946 [3.4s]: train==[6329.32659=6268.83850 + 2.01604 + 0.00000 + 0.00000]
Epoch 1947 [3.4s]: train==[6216.25263=6155.76846 + 2.01338 + 0.00000 + 0.00000]
Epoch 1948 [3.4s]: train==[6030.35591=5969.87196 + 2.01392 + 0.00000 + 0.00000]
drop_flag:  True ,	 mess_dropout:  [0.0, 0.0]
rate_batch  torch.Size([1162, 753])
gt_count  8427
candidate_count  874986
ideal candidate count  874986
Epoch 1949 [3.4s + 5.7s]: train==[6083.09177=6022.60434 + 2.01522 + 0.00000 + 0.00000]
 recall=[0.23511, 0.50841], precision=[0.32255, 0.18210], F1=[0.25040, 0.25130], RMRR=[0.11136, 0.15966]
Epoch 1950 [3.4s]: train==[6154.79182=6094.30460 + 2.01523 + 0.00000 + 0.00000]
Epoch 1951 [3.4s]: train==[6317.70178=6257.21066 + 2.01762 + 0.00000 + 0.00000]
Epoch 1952 [3.4s]: train==[6071.20909=6010.72491 + 2.01337 + 0.00000 + 0.00000]
Epoch 1953 [3.4s]: train==[6266.06553=6205.57077 + 2.02134 + 0.00000 + 0.00000]
Epoch 1954 [3.4s]: train==[6341.25635=6280.76762 + 2.01717 + 0.00000 + 0.00000]
Epoch 1955 [3.4s]: train==[6127.19378=6066.70422 + 2.01728 + 0.00000 + 0.00000]
Epoch 1956 [3.4s]: train==[6244.27243=6183.78020 + 2.01928 + 0.00000 + 0.00000]
Epoch 1957 [3.4s]: train==[6336.80062=6276.30995 + 2.01947 + 0.00000 + 0.00000]
Epoch 1958 [3.4s]: train==[6270.27775=6209.78525 + 2.02054 + 0.00000 + 0.00000]
drop_flag:  True ,	 mess_dropout:  [0.0, 0.0]
rate_batch  torch.Size([1162, 753])
gt_count  8427
candidate_count  874986
ideal candidate count  874986
Epoch 1959 [3.4s + 5.7s]: train==[6203.78475=6143.28815 + 2.02451 + 0.00000 + 0.00000]
 recall=[0.24056, 0.51079], precision=[0.32754, 0.18300], F1=[0.25549, 0.25259], RMRR=[0.11258, 0.16072]
Epoch 1960 [3.4s]: train==[6006.22943=5945.73863 + 2.02076 + 0.00000 + 0.00000]
Epoch 1961 [3.4s]: train==[5982.00566=5921.50906 + 2.02570 + 0.00000 + 0.00000]
Epoch 1962 [3.4s]: train==[5904.84013=5844.34818 + 2.02003 + 0.00000 + 0.00000]
Epoch 1963 [3.4s]: train==[6105.59508=6045.09882 + 2.02472 + 0.00000 + 0.00000]
Epoch 1964 [3.4s]: train==[6317.88145=6257.38394 + 2.02569 + 0.00000 + 0.00000]
Epoch 1965 [3.4s]: train==[5858.08976=5797.59216 + 2.02416 + 0.00000 + 0.00000]
Epoch 1966 [3.4s]: train==[6112.19020=6051.69133 + 2.02719 + 0.00000 + 0.00000]
Epoch 1967 [3.4s]: train==[6110.87165=6050.37698 + 2.02499 + 0.00000 + 0.00000]
Epoch 1968 [3.4s]: train==[6231.15525=6170.66258 + 2.02439 + 0.00000 + 0.00000]
drop_flag:  True ,	 mess_dropout:  [0.0, 0.0]
rate_batch  torch.Size([1162, 753])
gt_count  8427
candidate_count  874986
ideal candidate count  874986
Epoch 1969 [3.4s + 5.7s]: train==[6131.61059=6071.11569 + 2.02555 + 0.00000 + 0.00000]
 recall=[0.23831, 0.50769], precision=[0.32616, 0.18193], F1=[0.25339, 0.25098], RMRR=[0.10877, 0.15736]
Epoch 1970 [3.5s]: train==[6230.20198=6169.70940 + 2.02385 + 0.00000 + 0.00000]
Epoch 1971 [3.4s]: train==[6083.76938=6023.27228 + 2.02547 + 0.00000 + 0.00000]
Epoch 1972 [3.4s]: train==[6363.69030=6303.19551 + 2.02517 + 0.00000 + 0.00000]
Epoch 1973 [3.4s]: train==[6401.72984=6341.23300 + 2.02485 + 0.00000 + 0.00000]
Epoch 1974 [3.4s]: train==[5988.01146=5927.51562 + 2.02224 + 0.00000 + 0.00000]
Epoch 1975 [3.4s]: train==[6033.70563=5973.20358 + 2.02909 + 0.00000 + 0.00000]
Epoch 1976 [3.4s]: train==[6201.64293=6141.13933 + 2.03036 + 0.00000 + 0.00000]
Epoch 1977 [3.4s]: train==[6197.40445=6136.90918 + 2.02594 + 0.00000 + 0.00000]
Epoch 1978 [3.4s]: train==[6231.70925=6171.21295 + 2.02691 + 0.00000 + 0.00000]
drop_flag:  True ,	 mess_dropout:  [0.0, 0.0]
rate_batch  torch.Size([1162, 753])
gt_count  8427
candidate_count  874986
ideal candidate count  874986
Epoch 1979 [3.4s + 5.7s]: train==[6291.60221=6231.10889 + 2.02293 + 0.00000 + 0.00000]
 recall=[0.23665, 0.51291], precision=[0.32530, 0.18447], F1=[0.25236, 0.25467], RMRR=[0.11424, 0.16388]
Epoch 1980 [3.4s]: train==[6117.96350=6057.46812 + 2.02797 + 0.00000 + 0.00000]
Epoch 1981 [3.4s]: train==[6031.59727=5971.10017 + 2.02893 + 0.00000 + 0.00000]
Epoch 1982 [3.4s]: train==[6145.34182=6084.84734 + 2.02669 + 0.00000 + 0.00000]
Epoch 1983 [3.4s]: train==[6210.96542=6150.47192 + 2.02533 + 0.00000 + 0.00000]
Epoch 1984 [3.4s]: train==[6354.10479=6293.60907 + 2.02863 + 0.00000 + 0.00000]
Epoch 1985 [3.4s]: train==[6045.97510=5985.47353 + 2.03287 + 0.00000 + 0.00000]
Epoch 1986 [3.4s]: train==[6192.00447=6131.50729 + 2.03041 + 0.00000 + 0.00000]
Epoch 1987 [3.4s]: train==[6226.24617=6165.74471 + 2.03498 + 0.00000 + 0.00000]
Epoch 1988 [3.4s]: train==[6022.58477=5962.08623 + 2.03011 + 0.00000 + 0.00000]
drop_flag:  True ,	 mess_dropout:  [0.0, 0.0]
rate_batch  torch.Size([1162, 753])
gt_count  8427
candidate_count  874986
ideal candidate count  874986
Epoch 1989 [3.4s + 5.7s]: train==[6274.28961=6213.78467 + 2.03551 + 0.00000 + 0.00000]
 recall=[0.23615, 0.50911], precision=[0.32530, 0.18326], F1=[0.25215, 0.25274], RMRR=[0.11299, 0.16066]
Epoch 1990 [3.4s]: train==[6298.82345=6238.32060 + 2.03537 + 0.00000 + 0.00000]
Epoch 1991 [3.5s]: train==[6248.07386=6187.56897 + 2.03615 + 0.00000 + 0.00000]
Epoch 1992 [3.5s]: train==[6051.88733=5991.38625 + 2.03304 + 0.00000 + 0.00000]
Epoch 1993 [3.5s]: train==[6350.68212=6290.17422 + 2.03708 + 0.00000 + 0.00000]
Epoch 1994 [3.4s]: train==[6224.06107=6163.56216 + 2.03068 + 0.00000 + 0.00000]
Epoch 1995 [3.4s]: train==[6221.45603=6160.95439 + 2.03467 + 0.00000 + 0.00000]
Epoch 1996 [3.4s]: train==[6143.38611=6082.88664 + 2.03410 + 0.00000 + 0.00000]
Epoch 1997 [3.4s]: train==[6197.18506=6136.68475 + 2.03276 + 0.00000 + 0.00000]
Epoch 1998 [3.4s]: train==[6049.36528=5988.85623 + 2.04281 + 0.00000 + 0.00000]
drop_flag:  True ,	 mess_dropout:  [0.0, 0.0]
rate_batch  torch.Size([1162, 753])
gt_count  8427
candidate_count  874986
ideal candidate count  874986
Epoch 1999 [3.4s + 5.7s]: train==[6204.18593=6143.68138 + 2.03581 + 0.00000 + 0.00000]
 recall=[0.23660, 0.50820], precision=[0.32582, 0.18167], F1=[0.25262, 0.25086], RMRR=[0.11062, 0.15925]
Best Iter=[195]@[8058.6]	
recall=[0.24056	0.36595	0.45133	0.51079], 
precision=[0.32754	0.25568	0.21325	0.18300], 
F1=[0.25549	0.27824	0.26965	0.25259], 
RMRR=[0.11258	0.14477	0.15596	0.16072]