开始执行SMGCN训练脚本
执行时间: 2025年 07月 31日 星期四 11:29:40 CST
当前分支: main
Commit ID: 4b99a4c
========================================
实验参数配置:
  数据集: Herb
  嵌入维度: 64
  层大小: [64,64]
  学习率: 0.001
  批次大小: 1024
  训练轮次: 2000
  GPU ID: 0
  正则化: 7e-3
  Dropout: [0.0,0.0]
  邻接矩阵类型: norm
========================================

开始训练...
执行命令: python -u main.py --dataset Herb --embed_size 64 --layer_size '[64,64]' --lr 0.001 --batch_size 1024 --epoch 2000 --verbose 1 --gpu_id 0
开始时间: 2025年 07月 31日 星期四 11:29:40 CST
================================
symtom个数n_users=360, herb个数n_items=753
#train中的herb个数 train_items 753
#test中的herb个数 test_items 468
#总的herb个数 all_items 753
#用于sample生成batch的train pres 22917
#train中 症状组合-单个herb pair的个数 n_train 22917, #test 行数 n_test 1162
item_weight  753
item_freq_max  9017.0
753   1
#multi-hot for test users	 1162
#test	 1162
#双向 sym pairs  1914
#双向herb pairs  6818
start  2025-07-31 11:29:43
************SMGCN*************** 
result_index  1
already create adjacency matrix (1113, 1113) time: 0.0546565055847168
already create sym_pair adjacency matrix (360, 360) time: 0.001394033432006836
already create herb_pair adjacency matrix (753, 753) time: 0.0033028125762939453
generate single-normalized adjacency matrix.
generate single-normalized adjacency matrix.
already normalize adjacency matrix 0.04072260856628418
sym_pair 和 herb_pair 有 self-connection, sum!!
use the normalized adjacency matrix
***********fusion method************  add
mlp predict weight  [256]
mlp_predict layer  2
regs  [0.007]
using xavier initialization
mlp_predict_weight_size_list  [64, 256, 64]

 ########################################################################### pair_dimension is  64
SMGCN(
  (weights): ParameterDict(
      (user_embedding): Parameter containing: [torch.cuda.FloatTensor of size 360x64 (GPU 0)]
      (item_embedding): Parameter containing: [torch.cuda.FloatTensor of size 753x64 (GPU 0)]
      (W_gc_user_0): Parameter containing: [torch.cuda.FloatTensor of size 128x64 (GPU 0)]
      (b_gc_user_0): Parameter containing: [torch.cuda.FloatTensor of size 1x64 (GPU 0)]
      (W_gc_item_0): Parameter containing: [torch.cuda.FloatTensor of size 128x64 (GPU 0)]
      (b_gc_item_0): Parameter containing: [torch.cuda.FloatTensor of size 1x64 (GPU 0)]
      (Q_user_0): Parameter containing: [torch.cuda.FloatTensor of size 64x64 (GPU 0)]
      (Q_item_0): Parameter containing: [torch.cuda.FloatTensor of size 64x64 (GPU 0)]
      (W_gc_user_1): Parameter containing: [torch.cuda.FloatTensor of size 128x64 (GPU 0)]
      (b_gc_user_1): Parameter containing: [torch.cuda.FloatTensor of size 1x64 (GPU 0)]
      (W_gc_item_1): Parameter containing: [torch.cuda.FloatTensor of size 128x64 (GPU 0)]
      (b_gc_item_1): Parameter containing: [torch.cuda.FloatTensor of size 1x64 (GPU 0)]
      (Q_user_1): Parameter containing: [torch.cuda.FloatTensor of size 64x64 (GPU 0)]
      (Q_item_1): Parameter containing: [torch.cuda.FloatTensor of size 64x64 (GPU 0)]
      (W_predict_mlp_user_0): Parameter containing: [torch.cuda.FloatTensor of size 64x256 (GPU 0)]
      (b_predict_mlp_user_0): Parameter containing: [torch.cuda.FloatTensor of size 1x256 (GPU 0)]
      (W_predict_mlp_user_1): Parameter containing: [torch.cuda.FloatTensor of size 256x64 (GPU 0)]
      (b_predict_mlp_user_1): Parameter containing: [torch.cuda.FloatTensor of size 1x64 (GPU 0)]
      (M_user): Parameter containing: [torch.cuda.FloatTensor of size 64x64 (GPU 0)]
      (M_item): Parameter containing: [torch.cuda.FloatTensor of size 64x64 (GPU 0)]
  )
)

开始测试超图功能集成...
symtom个数n_users=360, herb个数n_items=753
✅ 超图功能集成成功！
超图邻接矩阵形状: torch.Size([753, 753])
超图嵌入维度: 64
对比学习权重: 0.1
args.pretrain	 0
/home/zhang/Projects/Yuan/SMGCN-torch-master/model/SMGCN.py:326: UserWarning: Creating a tensor from a list of numpy.ndarrays is extremely slow. Please consider converting the list to a single numpy.ndarray with numpy.array() before converting to a tensor. (Triggered internally at  ../torch/csrc/utils/tensor_new.cpp:201.)
  i = torch.tensor([coo.row, coo.col], dtype=torch.long).to(args.device)
Epoch 0 [3.5s]: train==[794760.85987=794715.33807 + 0.43671 + 0.00000 + 16.51870 + 28.58116]
Epoch 1 [3.5s]: train==[7627.97655=7579.55228 + 0.53493 + 0.00000 + 19.37696 + 28.51240]
Epoch 2 [3.5s]: train==[7134.54041=7085.77960 + 0.55574 + 0.00000 + 19.73545 + 28.46966]
Epoch 3 [3.5s]: train==[7130.08316=7081.29254 + 0.56314 + 0.00000 + 19.77216 + 28.45532]
Epoch 4 [3.5s]: train==[7301.07060=7252.31506 + 0.56827 + 0.00000 + 19.74481 + 28.44247]
Epoch 5 [3.5s]: train==[7031.68785=6982.99918 + 0.57294 + 0.00000 + 19.68290 + 28.43283]
Epoch 6 [3.5s]: train==[6883.70047=6835.10365 + 0.57711 + 0.00000 + 19.59509 + 28.42461]
Epoch 7 [3.5s]: train==[6963.92731=6915.45178 + 0.58060 + 0.00000 + 19.48725 + 28.40768]
Epoch 8 [3.4s]: train==[6827.27306=6778.93968 + 0.58334 + 0.00000 + 19.36301 + 28.38705]
drop_flag:  True ,	 mess_dropout:  [0.0, 0.0]
rate_batch  torch.Size([1162, 753])
gt_count  8427
candidate_count  874986
ideal candidate count  874986
Epoch 9 [3.5s + 5.9s]: train==[6965.70053=6917.52231 + 0.58614 + 0.00000 + 19.22476 + 28.36734]
 recall=[0.00000, 0.00881], precision=[0.00000, 0.00327],  ndcg=[0.00000, 0.00245], RMRR=[0.00000, 0.00099]
Epoch 10 [3.5s]: train==[6809.45547=6761.45593 + 0.58817 + 0.00000 + 19.07586 + 28.33551]
Epoch 11 [3.5s]: train==[7007.27122=6959.45145 + 0.58991 + 0.00000 + 18.91863 + 28.31121]
Epoch 12 [3.5s]: train==[6814.70106=6767.07547 + 0.59165 + 0.00000 + 18.75622 + 28.27772]
Epoch 13 [3.5s]: train==[6725.76075=6678.33192 + 0.59279 + 0.00000 + 18.59162 + 28.24448]
Epoch 14 [3.5s]: train==[6897.69326=6850.46902 + 0.59414 + 0.00000 + 18.42485 + 28.20527]
Epoch 15 [3.4s]: train==[6981.99076=6934.96773 + 0.59501 + 0.00000 + 18.25893 + 28.16912]
Epoch 16 [3.5s]: train==[6895.42862=6848.61542 + 0.59581 + 0.00000 + 18.09344 + 28.12394]
Epoch 17 [3.4s]: train==[6791.27186=6744.67584 + 0.59670 + 0.00000 + 17.92925 + 28.07008]
Epoch 18 [3.4s]: train==[6961.53248=6915.14384 + 0.59697 + 0.00000 + 17.76672 + 28.02490]
drop_flag:  True ,	 mess_dropout:  [0.0, 0.0]
rate_batch  torch.Size([1162, 753])
gt_count  8427
candidate_count  874986
ideal candidate count  874986
Epoch 19 [3.5s + 5.9s]: train==[7049.04743=7002.87231 + 0.59765 + 0.00000 + 17.60572 + 27.97169]
 recall=[0.00576, 0.01060], precision=[0.00706, 0.00426],  ndcg=[0.00740, 0.00499], RMRR=[0.00272, 0.00339]
Epoch 20 [3.4s]: train==[6894.99192=6849.02931 + 0.59794 + 0.00000 + 17.44650 + 27.91817]
Epoch 21 [3.4s]: train==[6857.86055=6812.11148 + 0.59794 + 0.00000 + 17.28915 + 27.86207]
Epoch 22 [3.4s]: train==[6814.29523=6768.76318 + 0.59730 + 0.00000 + 17.13344 + 27.80124]
Epoch 23 [3.4s]: train==[6768.55958=6723.23376 + 0.59756 + 0.00000 + 16.97982 + 27.74845]
Epoch 24 [3.4s]: train==[6869.58471=6824.47731 + 0.59714 + 0.00000 + 16.82839 + 27.68184]
Epoch 25 [3.4s]: train==[6894.52853=6849.64220 + 0.59666 + 0.00000 + 16.67826 + 27.61144]
Epoch 26 [3.4s]: train==[7026.29541=6981.63763 + 0.59587 + 0.00000 + 16.52952 + 27.53240]
Epoch 27 [3.4s]: train==[6947.39318=6902.95792 + 0.59466 + 0.00000 + 16.38055 + 27.45999]
Epoch 28 [3.5s]: train==[6710.39591=6666.18994 + 0.59322 + 0.00000 + 16.23280 + 27.37996]
drop_flag:  True ,	 mess_dropout:  [0.0, 0.0]
rate_batch  torch.Size([1162, 753])
gt_count  8427
candidate_count  874986
ideal candidate count  874986
Epoch 29 [3.4s + 5.9s]: train==[6734.78452=6690.81253 + 0.59151 + 0.00000 + 16.08530 + 27.29526]
 recall=[0.01040, 0.02939], precision=[0.01601, 0.01248],  ndcg=[0.01895, 0.01470], RMRR=[0.00316, 0.00638]
Epoch 30 [3.4s]: train==[6813.21371=6769.49638 + 0.58946 + 0.00000 + 15.93935 + 27.18863]
Epoch 31 [3.4s]: train==[6953.98815=6910.51239 + 0.58704 + 0.00000 + 15.79427 + 27.09440]
Epoch 32 [3.4s]: train==[6790.28028=6747.06882 + 0.58417 + 0.00000 + 15.65083 + 26.97649]
Epoch 33 [3.4s]: train==[7073.42275=7030.45404 + 0.58262 + 0.00000 + 15.52099 + 26.86514]
Epoch 34 [3.4s]: train==[7027.94405=6985.16403 + 0.58209 + 0.00000 + 15.40784 + 26.79005]
Epoch 35 [3.4s]: train==[6849.10910=6806.53235 + 0.58220 + 0.00000 + 15.30159 + 26.69296]
Epoch 36 [3.4s]: train==[6845.51608=6803.13016 + 0.58155 + 0.00000 + 15.19621 + 26.60817]
Epoch 37 [3.5s]: train==[6905.72743=6863.53557 + 0.58130 + 0.00000 + 15.09639 + 26.51416]
Epoch 38 [3.4s]: train==[7083.27970=7041.25168 + 0.58139 + 0.00000 + 15.00220 + 26.44440]
drop_flag:  True ,	 mess_dropout:  [0.0, 0.0]
rate_batch  torch.Size([1162, 753])
gt_count  8427
candidate_count  874986
ideal candidate count  874986
Epoch 39 [3.4s + 5.8s]: train==[7039.78635=6997.94666 + 0.58141 + 0.00000 + 14.90712 + 26.35118]
 recall=[0.01573, 0.04792], precision=[0.02633, 0.01958],  ndcg=[0.02811, 0.02189], RMRR=[0.00664, 0.01199]
Epoch 40 [3.4s]: train==[6857.33592=6815.67418 + 0.58038 + 0.00000 + 14.81405 + 26.26731]
Epoch 41 [3.4s]: train==[6865.34474=6823.88388 + 0.57885 + 0.00000 + 14.71824 + 26.16373]
Epoch 42 [3.4s]: train==[6739.20947=6697.98099 + 0.57663 + 0.00000 + 14.62262 + 26.02920]
Epoch 43 [3.4s]: train==[7162.27281=7121.30524 + 0.57441 + 0.00000 + 14.52982 + 25.86329]
Epoch 44 [3.4s]: train==[6719.04230=6678.27542 + 0.57417 + 0.00000 + 14.44880 + 25.74384]
Epoch 45 [3.4s]: train==[6766.47121=6725.81506 + 0.57730 + 0.00000 + 14.37509 + 25.70379]
Epoch 46 [3.5s]: train==[6551.66844=6511.11388 + 0.58089 + 0.00000 + 14.29304 + 25.68067]
Epoch 47 [3.5s]: train==[6632.13145=6591.67332 + 0.58295 + 0.00000 + 14.21844 + 25.65683]
Epoch 48 [3.4s]: train==[6891.82668=6851.48512 + 0.58577 + 0.00000 + 14.15214 + 25.60364]
drop_flag:  True ,	 mess_dropout:  [0.0, 0.0]
rate_batch  torch.Size([1162, 753])
gt_count  8427
candidate_count  874986
ideal candidate count  874986
Epoch 49 [3.4s + 5.8s]: train==[6891.36385=6851.11060 + 0.58763 + 0.00000 + 14.08694 + 25.57873]
 recall=[0.16552, 0.37067], precision=[0.22737, 0.13180],  ndcg=[0.26371, 0.16966], RMRR=[0.08115, 0.11434]
Epoch 50 [3.4s]: train==[6742.91604=6702.77803 + 0.58955 + 0.00000 + 14.02229 + 25.52614]
Epoch 51 [3.4s]: train==[6930.11333=6890.10046 + 0.59087 + 0.00000 + 13.95745 + 25.46459]
Epoch 52 [3.4s]: train==[6717.81577=6677.91016 + 0.59324 + 0.00000 + 13.89419 + 25.41824]
Epoch 53 [3.4s]: train==[6710.64548=6670.84692 + 0.59457 + 0.00000 + 13.83059 + 25.37335]
Epoch 54 [3.4s]: train==[6855.49515=6815.79692 + 0.59610 + 0.00000 + 13.76822 + 25.33389]
Epoch 55 [3.4s]: train==[6792.79150=6753.20435 + 0.59829 + 0.00000 + 13.70620 + 25.28275]
Epoch 56 [3.4s]: train==[6839.78351=6800.31760 + 0.59992 + 0.00000 + 13.64452 + 25.22142]
Epoch 57 [3.4s]: train==[6795.31936=6755.95142 + 0.60117 + 0.00000 + 13.58309 + 25.18374]
Epoch 58 [3.8s]: train==[6936.61084=6897.33600 + 0.60322 + 0.00000 + 13.52318 + 25.14846]
drop_flag:  True ,	 mess_dropout:  [0.0, 0.0]
rate_batch  torch.Size([1162, 753])
gt_count  8427
candidate_count  874986
ideal candidate count  874986
Epoch 59 [4.0s + 6.1s]: train==[6908.91463=6869.74533 + 0.60446 + 0.00000 + 13.46308 + 25.10179]
 recall=[0.16740, 0.38701], precision=[0.23322, 0.13804],  ndcg=[0.26800, 0.17581], RMRR=[0.08335, 0.11999]
Epoch 60 [4.0s]: train==[6658.67750=6619.61029 + 0.60596 + 0.00000 + 13.40461 + 25.05655]
Epoch 61 [4.1s]: train==[6847.18947=6808.22499 + 0.60720 + 0.00000 + 13.34780 + 25.00955]
Epoch 62 [4.0s]: train==[6750.33909=6711.47034 + 0.60917 + 0.00000 + 13.29302 + 24.96654]
Epoch 63 [3.9s]: train==[6626.04961=6587.26637 + 0.61034 + 0.00000 + 13.23846 + 24.93449]
Epoch 64 [3.4s]: train==[6821.13941=6782.46539 + 0.61220 + 0.00000 + 13.18535 + 24.87652]
Epoch 65 [3.4s]: train==[6723.52699=6684.93317 + 0.61368 + 0.00000 + 13.13206 + 24.84810]
Epoch 66 [3.4s]: train==[6604.33828=6565.84570 + 0.61464 + 0.00000 + 13.07932 + 24.79866]
Epoch 67 [3.4s]: train==[6760.09294=6721.69086 + 0.61648 + 0.00000 + 13.02832 + 24.75732]
Epoch 68 [3.4s]: train==[6762.57877=6724.25867 + 0.61808 + 0.00000 + 12.97823 + 24.72377]
drop_flag:  True ,	 mess_dropout:  [0.0, 0.0]
rate_batch  torch.Size([1162, 753])
gt_count  8427
candidate_count  874986
ideal candidate count  874986
Epoch 69 [3.4s + 5.9s]: train==[6674.82440=6636.60248 + 0.61936 + 0.00000 + 12.92716 + 24.67540]
 recall=[0.17018, 0.40053], precision=[0.23718, 0.14256],  ndcg=[0.27165, 0.17986], RMRR=[0.08592, 0.12277]
Epoch 70 [3.5s]: train==[6657.18030=6619.05827 + 0.62079 + 0.00000 + 12.87788 + 24.62336]
Epoch 71 [3.4s]: train==[6878.87183=6840.82352 + 0.62204 + 0.00000 + 12.82876 + 24.59745]
Epoch 72 [3.4s]: train==[6760.43025=6722.47723 + 0.62381 + 0.00000 + 12.77994 + 24.54927]
Epoch 73 [3.4s]: train==[7025.03290=6987.15945 + 0.62529 + 0.00000 + 12.73214 + 24.51599]
Epoch 74 [3.4s]: train==[6898.51878=6860.71375 + 0.62661 + 0.00000 + 12.68488 + 24.49351]
Epoch 75 [3.4s]: train==[6799.28234=6761.57248 + 0.62850 + 0.00000 + 12.63811 + 24.44327]
Epoch 76 [3.4s]: train==[6766.85972=6729.23776 + 0.63010 + 0.00000 + 12.59148 + 24.40038]
Epoch 77 [3.4s]: train==[6899.78852=6862.24512 + 0.63112 + 0.00000 + 12.54480 + 24.36748]
Epoch 78 [3.4s]: train==[6806.55718=6769.10918 + 0.63264 + 0.00000 + 12.49864 + 24.31671]
drop_flag:  True ,	 mess_dropout:  [0.0, 0.0]
rate_batch  torch.Size([1162, 753])
gt_count  8427
candidate_count  874986
ideal candidate count  874986
Epoch 79 [3.5s + 5.9s]: train==[6810.84035=6773.48096 + 0.63438 + 0.00000 + 12.45403 + 24.27098]
 recall=[0.16989, 0.40337], precision=[0.23769, 0.14372],  ndcg=[0.27298, 0.18147], RMRR=[0.08504, 0.12324]
Epoch 80 [3.4s]: train==[6905.92530=6868.64548 + 0.63558 + 0.00000 + 12.40906 + 24.23516]
Epoch 81 [3.4s]: train==[6789.22284=6752.02571 + 0.63783 + 0.00000 + 12.36525 + 24.19407]
Epoch 82 [3.4s]: train==[6878.63090=6841.49902 + 0.63964 + 0.00000 + 12.32246 + 24.16974]
Epoch 83 [3.4s]: train==[6972.10788=6935.07053 + 0.64082 + 0.00000 + 12.27979 + 24.11670]
Epoch 84 [3.4s]: train==[6746.22056=6709.25542 + 0.64233 + 0.00000 + 12.23620 + 24.08661]
Epoch 85 [3.4s]: train==[6911.03330=6874.16148 + 0.64389 + 0.00000 + 12.19397 + 24.03387]
Epoch 86 [3.4s]: train==[6700.36818=6663.56569 + 0.64548 + 0.00000 + 12.15178 + 24.00530]
Epoch 87 [3.4s]: train==[6823.01367=6786.28561 + 0.64762 + 0.00000 + 12.11007 + 23.97028]
Epoch 88 [3.5s]: train==[7009.64868=6973.01230 + 0.64888 + 0.00000 + 12.06909 + 23.91846]
drop_flag:  True ,	 mess_dropout:  [0.0, 0.0]
rate_batch  torch.Size([1162, 753])
gt_count  8427
candidate_count  874986
ideal candidate count  874986
Epoch 89 [3.4s + 5.8s]: train==[6792.21522=6755.65244 + 0.65047 + 0.00000 + 12.02745 + 23.88486]
 recall=[0.17122, 0.40111], precision=[0.24028, 0.14389],  ndcg=[0.27480, 0.18215], RMRR=[0.08693, 0.12608]
Epoch 90 [3.4s]: train==[6748.09489=6711.59827 + 0.65216 + 0.00000 + 11.98708 + 23.85736]
Epoch 91 [3.4s]: train==[6770.93853=6734.54300 + 0.65353 + 0.00000 + 11.94586 + 23.79617]
Epoch 92 [3.4s]: train==[6737.98860=6701.66115 + 0.65496 + 0.00000 + 11.90578 + 23.76668]
Epoch 93 [3.4s]: train==[6809.35106=6773.10333 + 0.65633 + 0.00000 + 11.86682 + 23.72453]
Epoch 94 [3.4s]: train==[6951.54084=6915.37616 + 0.65842 + 0.00000 + 11.82778 + 23.67849]
Epoch 95 [3.4s]: train==[7070.33507=7034.22960 + 0.65913 + 0.00000 + 11.78829 + 23.65809]
Epoch 96 [3.4s]: train==[6737.59872=6701.58562 + 0.66107 + 0.00000 + 11.74992 + 23.60220]
Epoch 97 [3.5s]: train==[7036.69909=7000.75604 + 0.66247 + 0.00000 + 11.71161 + 23.56893]
Epoch 98 [3.4s]: train==[6992.31584=6956.45511 + 0.66354 + 0.00000 + 11.67296 + 23.52428]
drop_flag:  True ,	 mess_dropout:  [0.0, 0.0]
rate_batch  torch.Size([1162, 753])
gt_count  8427
candidate_count  874986
ideal candidate count  874986
Epoch 99 [3.4s + 5.8s]: train==[6666.66873=6630.87355 + 0.66507 + 0.00000 + 11.63498 + 23.49514]
 recall=[0.17755, 0.40522], precision=[0.24888, 0.14441],  ndcg=[0.28148, 0.18337], RMRR=[0.09047, 0.12789]
Epoch 100 [3.4s]: train==[6744.82503=6709.11090 + 0.66652 + 0.00000 + 11.59753 + 23.45002]
Epoch 101 [3.4s]: train==[6973.44949=6937.81860 + 0.66791 + 0.00000 + 11.56001 + 23.40297]
Epoch 102 [3.4s]: train==[6981.96752=6946.40448 + 0.66928 + 0.00000 + 11.52263 + 23.37116]
Epoch 103 [3.4s]: train==[6910.47819=6874.99724 + 0.67060 + 0.00000 + 11.48544 + 23.32485]
Epoch 104 [3.4s]: train==[6871.34310=6835.93719 + 0.67163 + 0.00000 + 11.44811 + 23.28614]
Epoch 105 [3.5s]: train==[6840.86069=6805.52991 + 0.67320 + 0.00000 + 11.41115 + 23.24641]
Epoch 106 [3.4s]: train==[6657.68366=6622.42331 + 0.67447 + 0.00000 + 11.37472 + 23.21118]
Epoch 107 [3.4s]: train==[6705.37130=6670.18881 + 0.67558 + 0.00000 + 11.33780 + 23.16905]
Epoch 108 [3.4s]: train==[6697.15775=6662.05182 + 0.67662 + 0.00000 + 11.30130 + 23.12807]
drop_flag:  True ,	 mess_dropout:  [0.0, 0.0]
rate_batch  torch.Size([1162, 753])
gt_count  8427
candidate_count  874986
ideal candidate count  874986
Epoch 109 [3.4s + 5.8s]: train==[6802.62866=6767.59756 + 0.67805 + 0.00000 + 11.26512 + 23.08797]
 recall=[0.17886, 0.40891], precision=[0.25129, 0.14669],  ndcg=[0.28367, 0.18590], RMRR=[0.09223, 0.13080]
Epoch 110 [3.4s]: train==[6644.96876=6610.01411 + 0.67933 + 0.00000 + 11.22978 + 23.04559]
Epoch 111 [3.4s]: train==[6716.80772=6681.93143 + 0.68051 + 0.00000 + 11.19431 + 23.00150]
Epoch 112 [3.5s]: train==[6790.11553=6755.30809 + 0.68187 + 0.00000 + 11.15813 + 22.96744]
Epoch 113 [3.5s]: train==[6675.59907=6640.86038 + 0.68304 + 0.00000 + 11.12327 + 22.93228]
Epoch 114 [3.5s]: train==[6773.40913=6738.73889 + 0.68452 + 0.00000 + 11.08867 + 22.89710]
Epoch 115 [3.4s]: train==[6820.62713=6786.03256 + 0.68615 + 0.00000 + 11.05436 + 22.85404]
Epoch 116 [3.4s]: train==[6656.09050=6621.58244 + 0.68696 + 0.00000 + 11.01894 + 22.80222]
Epoch 117 [3.4s]: train==[6795.38662=6760.95471 + 0.68831 + 0.00000 + 10.98477 + 22.75886]
Epoch 118 [3.4s]: train==[7012.42646=6978.06267 + 0.68966 + 0.00000 + 10.95036 + 22.72376]
drop_flag:  True ,	 mess_dropout:  [0.0, 0.0]
rate_batch  torch.Size([1162, 753])
gt_count  8427
candidate_count  874986
ideal candidate count  874986
Epoch 119 [3.4s + 5.8s]: train==[6506.93939=6472.63678 + 0.69056 + 0.00000 + 10.91664 + 22.69543]
 recall=[0.18157, 0.40951], precision=[0.25456, 0.14798],  ndcg=[0.28778, 0.18818], RMRR=[0.09078, 0.12965]
Epoch 120 [3.4s]: train==[6814.98440=6780.76862 + 0.69168 + 0.00000 + 10.88200 + 22.64219]
Epoch 121 [3.4s]: train==[6697.30545=6663.14905 + 0.69305 + 0.00000 + 10.84848 + 22.61493]
Epoch 122 [3.5s]: train==[6898.39007=6864.30469 + 0.69395 + 0.00000 + 10.81387 + 22.57759]
Epoch 123 [3.4s]: train==[6793.52186=6759.51924 + 0.69530 + 0.00000 + 10.78048 + 22.52684]
Epoch 124 [3.4s]: train==[6775.85862=6741.93477 + 0.69640 + 0.00000 + 10.74770 + 22.47977]
Epoch 125 [3.4s]: train==[6738.72158=6704.83664 + 0.69815 + 0.00000 + 10.71498 + 22.47185]
Epoch 126 [3.4s]: train==[7030.65567=6996.85785 + 0.69933 + 0.00000 + 10.68207 + 22.41644]
Epoch 127 [3.4s]: train==[6796.45385=6762.71869 + 0.70047 + 0.00000 + 10.64842 + 22.38634]
Epoch 128 [3.4s]: train==[6493.59055=6459.93739 + 0.70180 + 0.00000 + 10.61571 + 22.33560]
drop_flag:  True ,	 mess_dropout:  [0.0, 0.0]
rate_batch  torch.Size([1162, 753])
gt_count  8427
candidate_count  874986
ideal candidate count  874986
Epoch 129 [3.4s + 5.9s]: train==[6829.13470=6795.54724 + 0.70332 + 0.00000 + 10.58313 + 22.30112]
 recall=[0.18276, 0.41749], precision=[0.25525, 0.15073],  ndcg=[0.28844, 0.19031], RMRR=[0.08982, 0.12923]
Epoch 130 [3.4s]: train==[6636.60357=6603.09862 + 0.70411 + 0.00000 + 10.55064 + 22.25020]
Epoch 131 [3.5s]: train==[6607.24233=6573.80971 + 0.70508 + 0.00000 + 10.51793 + 22.20961]
Epoch 132 [3.5s]: train==[6666.75115=6633.37531 + 0.70602 + 0.00000 + 10.48537 + 22.18442]
Epoch 133 [3.4s]: train==[6572.46161=6539.16214 + 0.70717 + 0.00000 + 10.45368 + 22.13867]
Epoch 134 [3.4s]: train==[6689.84477=6656.61717 + 0.70829 + 0.00000 + 10.42067 + 22.09869]
Epoch 135 [3.4s]: train==[6950.40484=6917.25880 + 0.70913 + 0.00000 + 10.38764 + 22.04925]
Epoch 136 [3.4s]: train==[7044.31883=7011.25305 + 0.71084 + 0.00000 + 10.35587 + 21.99907]
Epoch 137 [3.4s]: train==[6652.87032=6619.85234 + 0.71164 + 0.00000 + 10.32452 + 21.98182]
Epoch 138 [3.4s]: train==[6638.36984=6605.44307 + 0.71278 + 0.00000 + 10.29252 + 21.92149]
drop_flag:  True ,	 mess_dropout:  [0.0, 0.0]
rate_batch  torch.Size([1162, 753])
gt_count  8427
candidate_count  874986
ideal candidate count  874986
Epoch 139 [3.4s + 5.9s]: train==[6992.68456=6959.82114 + 0.71372 + 0.00000 + 10.26140 + 21.88837]
 recall=[0.18528, 0.42041], precision=[0.25766, 0.15155],  ndcg=[0.29044, 0.19161], RMRR=[0.09002, 0.12994]
Epoch 140 [3.5s]: train==[6590.67387=6557.86789 + 0.71514 + 0.00000 + 10.23056 + 21.86035]
Epoch 141 [3.4s]: train==[6534.79105=6502.05388 + 0.71628 + 0.00000 + 10.19954 + 21.82133]
Epoch 142 [3.4s]: train==[6837.24643=6804.59969 + 0.71687 + 0.00000 + 10.16788 + 21.76200]
Epoch 143 [3.4s]: train==[6764.26256=6731.70479 + 0.71843 + 0.00000 + 10.13729 + 21.70201]
Epoch 144 [3.4s]: train==[6700.39065=6667.89041 + 0.71950 + 0.00000 + 10.10661 + 21.67421]
Epoch 145 [3.4s]: train==[6504.69579=6472.26924 + 0.72050 + 0.00000 + 10.07658 + 21.62947]
Epoch 146 [3.4s]: train==[6715.99644=6683.65608 + 0.72193 + 0.00000 + 10.04642 + 21.57198]
Epoch 147 [3.4s]: train==[6630.74587=6598.46579 + 0.72286 + 0.00000 + 10.01730 + 21.53988]
Epoch 148 [3.4s]: train==[6772.49206=6740.28302 + 0.72356 + 0.00000 + 9.98645 + 21.49902]
drop_flag:  True ,	 mess_dropout:  [0.0, 0.0]
rate_batch  torch.Size([1162, 753])
gt_count  8427
candidate_count  874986
ideal candidate count  874986
Epoch 149 [3.4s + 5.9s]: train==[6596.97499=6564.83098 + 0.72541 + 0.00000 + 9.95626 + 21.46232]
 recall=[0.18949, 0.42639], precision=[0.26248, 0.15331],  ndcg=[0.29335, 0.19309], RMRR=[0.09086, 0.13028]
Epoch 150 [3.4s]: train==[6740.33106=6708.27402 + 0.72640 + 0.00000 + 9.92565 + 21.40498]
Epoch 151 [3.4s]: train==[6635.26838=6603.28677 + 0.72721 + 0.00000 + 9.89611 + 21.35827]
Epoch 152 [3.4s]: train==[7003.77819=6971.88901 + 0.72756 + 0.00000 + 9.86614 + 21.29545]
Epoch 153 [3.4s]: train==[6704.72174=6672.90611 + 0.72884 + 0.00000 + 9.83749 + 21.24933]
Epoch 154 [3.4s]: train==[6763.87854=6732.15402 + 0.72974 + 0.00000 + 9.80693 + 21.18785]
Epoch 155 [3.4s]: train==[6664.64075=6633.00339 + 0.73054 + 0.00000 + 9.77762 + 21.12929]
Epoch 156 [3.4s]: train==[6656.43673=6624.85059 + 0.73216 + 0.00000 + 9.74964 + 21.10434]
Epoch 157 [3.4s]: train==[6910.40749=6878.92725 + 0.73299 + 0.00000 + 9.72069 + 21.02656]
Epoch 158 [3.5s]: train==[6804.39946=6772.97122 + 0.73485 + 0.00000 + 9.69248 + 21.00087]
drop_flag:  True ,	 mess_dropout:  [0.0, 0.0]
rate_batch  torch.Size([1162, 753])
gt_count  8427
candidate_count  874986
ideal candidate count  874986
Epoch 159 [3.4s + 5.9s]: train==[6723.82473=6692.49248 + 0.73535 + 0.00000 + 9.66308 + 20.93385]
 recall=[0.19115, 0.42767], precision=[0.26644, 0.15482],  ndcg=[0.29793, 0.19588], RMRR=[0.09420, 0.13611]
Epoch 160 [3.4s]: train==[6514.23392=6482.96765 + 0.73619 + 0.00000 + 9.63335 + 20.89672]
Epoch 161 [3.4s]: train==[6753.64897=6722.46466 + 0.73757 + 0.00000 + 9.60428 + 20.84255]
Epoch 162 [3.4s]: train==[6811.59391=6780.48376 + 0.73867 + 0.00000 + 9.57618 + 20.79532]
Epoch 163 [3.4s]: train==[6769.56678=6738.55052 + 0.73952 + 0.00000 + 9.54733 + 20.72948]
Epoch 164 [3.4s]: train==[6871.34170=6840.40167 + 0.74104 + 0.00000 + 9.51897 + 20.67999]
Epoch 165 [3.4s]: train==[6879.36215=6848.50876 + 0.74163 + 0.00000 + 9.49037 + 20.62133]
Epoch 166 [3.4s]: train==[6845.05972=6814.26900 + 0.74286 + 0.00000 + 9.46248 + 20.58543]
Epoch 167 [3.5s]: train==[7008.98160=6978.27618 + 0.74370 + 0.00000 + 9.43431 + 20.52743]
Epoch 168 [3.5s]: train==[6903.14454=6872.52182 + 0.74517 + 0.00000 + 9.40628 + 20.47129]
drop_flag:  True ,	 mess_dropout:  [0.0, 0.0]
rate_batch  torch.Size([1162, 753])
gt_count  8427
candidate_count  874986
ideal candidate count  874986
Epoch 169 [3.4s + 5.9s]: train==[6727.44042=6696.90759 + 0.74699 + 0.00000 + 9.37751 + 20.40828]
 recall=[0.19340, 0.43084], precision=[0.26885, 0.15529],  ndcg=[0.30071, 0.19726], RMRR=[0.09384, 0.13644]
Epoch 170 [3.4s]: train==[6639.56669=6609.10565 + 0.74698 + 0.00000 + 9.34975 + 20.36426]
Epoch 171 [3.4s]: train==[6877.13730=6846.75467 + 0.74826 + 0.00000 + 9.32329 + 20.31109]
Epoch 172 [3.4s]: train==[6454.12721=6423.81625 + 0.74913 + 0.00000 + 9.29711 + 20.26472]
Epoch 173 [3.4s]: train==[6712.63800=6682.40845 + 0.75003 + 0.00000 + 9.27005 + 20.20947]
Epoch 174 [3.4s]: train==[6625.63443=6595.48557 + 0.75120 + 0.00000 + 9.24343 + 20.15419]
Epoch 175 [3.5s]: train==[6552.83663=6522.74875 + 0.75274 + 0.00000 + 9.21728 + 20.11784]
Epoch 176 [3.5s]: train==[6672.02006=6642.00926 + 0.75338 + 0.00000 + 9.19053 + 20.06690]
Epoch 177 [3.4s]: train==[6682.44217=6652.52194 + 0.75465 + 0.00000 + 9.16477 + 20.00086]
Epoch 178 [3.4s]: train==[6758.14273=6728.28537 + 0.75617 + 0.00000 + 9.13870 + 19.96245]
drop_flag:  True ,	 mess_dropout:  [0.0, 0.0]
rate_batch  torch.Size([1162, 753])
gt_count  8427
candidate_count  874986
ideal candidate count  874986
Epoch 179 [3.4s + 5.8s]: train==[6609.03875=6579.25461 + 0.75743 + 0.00000 + 9.11272 + 19.91399]
 recall=[0.19818, 0.43353], precision=[0.27298, 0.15684],  ndcg=[0.30422, 0.19890], RMRR=[0.09594, 0.13729]
Epoch 180 [3.4s]: train==[6753.78223=6724.08684 + 0.75905 + 0.00000 + 9.08671 + 19.84961]
Epoch 181 [3.4s]: train==[6718.02139=6688.37625 + 0.76038 + 0.00000 + 9.06087 + 19.82391]
Epoch 182 [3.4s]: train==[6868.64076=6839.06804 + 0.76095 + 0.00000 + 9.03607 + 19.77564]
Epoch 183 [3.4s]: train==[6754.28321=6724.79901 + 0.76242 + 0.00000 + 9.00998 + 19.71183]
Epoch 184 [3.5s]: train==[6555.11944=6525.71114 + 0.76395 + 0.00000 + 8.98574 + 19.65869]
Epoch 185 [3.5s]: train==[6738.76639=6709.42036 + 0.76507 + 0.00000 + 8.96085 + 19.62010]
Epoch 186 [3.5s]: train==[6798.84668=6769.56955 + 0.76651 + 0.00000 + 8.93556 + 19.57503]
Epoch 187 [3.4s]: train==[6712.54720=6683.35332 + 0.76704 + 0.00000 + 8.91045 + 19.51640]
Epoch 188 [3.4s]: train==[6802.22726=6773.08801 + 0.76846 + 0.00000 + 8.88611 + 19.48467]
drop_flag:  True ,	 mess_dropout:  [0.0, 0.0]
rate_batch  torch.Size([1162, 753])
gt_count  8427
candidate_count  874986
ideal candidate count  874986
Epoch 189 [3.4s + 5.8s]: train==[6527.41131=6498.34441 + 0.77006 + 0.00000 + 8.86131 + 19.43555]
 recall=[0.20044, 0.43435], precision=[0.27711, 0.15762],  ndcg=[0.30931, 0.20089], RMRR=[0.09719, 0.13961]
Epoch 190 [3.4s]: train==[6574.40075=6545.39104 + 0.77092 + 0.00000 + 8.83641 + 19.40242]
Epoch 191 [3.4s]: train==[6684.73141=6655.79288 + 0.77273 + 0.00000 + 8.81215 + 19.35368]
Epoch 192 [3.4s]: train==[6643.31877=6614.46310 + 0.77370 + 0.00000 + 8.78655 + 19.29539]
Epoch 193 [3.4s]: train==[6654.43437=6625.64226 + 0.77479 + 0.00000 + 8.76145 + 19.25589]
Epoch 194 [3.4s]: train==[6763.90352=6735.17912 + 0.77615 + 0.00000 + 8.73769 + 19.21049]
Epoch 195 [3.5s]: train==[6866.09853=6837.43394 + 0.77747 + 0.00000 + 8.71326 + 19.17388]
Epoch 196 [3.5s]: train==[6689.04523=6660.43898 + 0.77890 + 0.00000 + 8.68893 + 19.13844]
Epoch 197 [3.4s]: train==[6723.46332=6694.95824 + 0.77958 + 0.00000 + 8.66456 + 19.06093]
Epoch 198 [3.4s]: train==[6799.46642=6771.01889 + 0.78116 + 0.00000 + 8.64151 + 19.02483]
drop_flag:  True ,	 mess_dropout:  [0.0, 0.0]
rate_batch  torch.Size([1162, 753])
gt_count  8427
candidate_count  874986
ideal candidate count  874986
Epoch 199 [3.4s + 5.9s]: train==[6834.75613=6806.38586 + 0.78250 + 0.00000 + 8.61747 + 18.97035]
 recall=[0.20095, 0.43660], precision=[0.27831, 0.15766],  ndcg=[0.30969, 0.20070], RMRR=[0.09635, 0.13859]
Epoch 200 [3.4s]: train==[6630.35152=6602.05545 + 0.78385 + 0.00000 + 8.59293 + 18.91920]
Epoch 201 [3.4s]: train==[6922.07623=6893.81061 + 0.78555 + 0.00000 + 8.56887 + 18.91123]
Epoch 202 [3.4s]: train==[6826.58132=6798.38681 + 0.78639 + 0.00000 + 8.54476 + 18.86336]
Epoch 203 [3.4s]: train==[6829.61713=6801.49864 + 0.78808 + 0.00000 + 8.52136 + 18.80909]
Epoch 204 [3.5s]: train==[6835.35221=6807.29053 + 0.78974 + 0.00000 + 8.49637 + 18.77560]
Epoch 205 [3.4s]: train==[6538.16475=6510.17398 + 0.79093 + 0.00000 + 8.47346 + 18.72637]
Epoch 206 [3.4s]: train==[6716.49252=6688.54881 + 0.79231 + 0.00000 + 8.44990 + 18.70151]
Epoch 207 [3.5s]: train==[6587.46064=6559.60236 + 0.79336 + 0.00000 + 8.42668 + 18.63821]
Epoch 208 [3.4s]: train==[6900.33609=6872.53963 + 0.79480 + 0.00000 + 8.40264 + 18.59899]
drop_flag:  True ,	 mess_dropout:  [0.0, 0.0]
rate_batch  torch.Size([1162, 753])
gt_count  8427
candidate_count  874986
ideal candidate count  874986
Epoch 209 [3.4s + 5.9s]: train==[6677.77422=6650.05045 + 0.79611 + 0.00000 + 8.37904 + 18.54863]
 recall=[0.20129, 0.44366], precision=[0.27866, 0.16028],  ndcg=[0.31127, 0.20339], RMRR=[0.09846, 0.14164]
Epoch 210 [3.4s]: train==[6724.70705=6697.05707 + 0.79720 + 0.00000 + 8.35561 + 18.49727]
Epoch 211 [3.4s]: train==[6766.35983=6738.76971 + 0.79877 + 0.00000 + 8.33240 + 18.45897]
Epoch 212 [3.5s]: train==[6614.67728=6587.15416 + 0.79957 + 0.00000 + 8.30810 + 18.41543]
Epoch 213 [3.5s]: train==[6657.21162=6629.74139 + 0.80091 + 0.00000 + 8.28512 + 18.38419]
Epoch 214 [3.4s]: train==[6746.07207=6718.65176 + 0.80286 + 0.00000 + 8.26317 + 18.35428]
Epoch 215 [3.4s]: train==[6866.15209=6838.80226 + 0.80424 + 0.00000 + 8.23890 + 18.30675]
Epoch 216 [3.4s]: train==[6667.38088=6640.11128 + 0.80564 + 0.00000 + 8.21476 + 18.24914]
Epoch 217 [3.4s]: train==[6675.29232=6648.07561 + 0.80708 + 0.00000 + 8.19138 + 18.21826]
Epoch 218 [3.4s]: train==[6751.67139=6724.51999 + 0.80862 + 0.00000 + 8.16862 + 18.17412]
drop_flag:  True ,	 mess_dropout:  [0.0, 0.0]
rate_batch  torch.Size([1162, 753])
gt_count  8427
candidate_count  874986
ideal candidate count  874986
Epoch 219 [3.4s + 5.9s]: train==[6980.43774=6953.31598 + 0.80994 + 0.00000 + 8.14572 + 18.16612]
 recall=[0.20706, 0.44399], precision=[0.28503, 0.16059],  ndcg=[0.31540, 0.20385], RMRR=[0.10155, 0.14328]
Epoch 220 [3.5s]: train==[6644.76243=6617.73343 + 0.81114 + 0.00000 + 8.12315 + 18.09476]
Epoch 221 [3.5s]: train==[6675.91278=6648.94003 + 0.81177 + 0.00000 + 8.10062 + 18.06029]
Epoch 222 [3.4s]: train==[6661.59670=6634.68231 + 0.81301 + 0.00000 + 8.07783 + 18.02355]
Epoch 223 [3.4s]: train==[6765.28602=6738.42508 + 0.81452 + 0.00000 + 8.05523 + 17.99120]
Epoch 224 [3.4s]: train==[6849.82936=6823.04524 + 0.81566 + 0.00000 + 8.03143 + 17.93698]
Epoch 225 [3.4s]: train==[6612.78073=6586.05949 + 0.81699 + 0.00000 + 8.00736 + 17.89691]
Epoch 226 [3.4s]: train==[6543.78866=6517.11859 + 0.81858 + 0.00000 + 7.98563 + 17.86580]
Epoch 227 [3.4s]: train==[6815.65590=6789.06415 + 0.82010 + 0.00000 + 7.96306 + 17.80864]
Epoch 228 [3.4s]: train==[6941.39590=6914.85213 + 0.82119 + 0.00000 + 7.93823 + 17.78430]
drop_flag:  True ,	 mess_dropout:  [0.0, 0.0]
rate_batch  torch.Size([1162, 753])
gt_count  8427
candidate_count  874986
ideal candidate count  874986
Epoch 229 [3.5s + 5.9s]: train==[6912.60560=6886.11440 + 0.82229 + 0.00000 + 7.91606 + 17.75288]
 recall=[0.20648, 0.44720], precision=[0.28434, 0.16175],  ndcg=[0.31527, 0.20515], RMRR=[0.09887, 0.14266]
Epoch 230 [3.4s]: train==[6527.69764=6501.28888 + 0.82379 + 0.00000 + 7.89360 + 17.69144]
Epoch 231 [3.4s]: train==[6735.86902=6709.50844 + 0.82440 + 0.00000 + 7.87061 + 17.66556]
Epoch 232 [3.4s]: train==[6765.99587=6739.73988 + 0.82487 + 0.00000 + 7.84655 + 17.58458]
Epoch 233 [3.4s]: train==[6918.48194=6892.25861 + 0.82733 + 0.00000 + 7.82411 + 17.57196]
Epoch 234 [3.4s]: train==[6721.00545=6694.85443 + 0.82770 + 0.00000 + 7.80057 + 17.52273]
Epoch 235 [3.4s]: train==[7030.18761=7004.08141 + 0.82970 + 0.00000 + 7.77775 + 17.49869]
Epoch 236 [3.4s]: train==[6685.83524=6659.81856 + 0.83070 + 0.00000 + 7.75460 + 17.43141]
Epoch 237 [3.4s]: train==[6918.17483=6892.19794 + 0.83234 + 0.00000 + 7.73233 + 17.41217]
Epoch 238 [3.4s]: train==[6915.85064=6889.93042 + 0.83361 + 0.00000 + 7.70939 + 17.37726]
drop_flag:  True ,	 mess_dropout:  [0.0, 0.0]
rate_batch  torch.Size([1162, 753])
gt_count  8427
candidate_count  874986
ideal candidate count  874986
Epoch 239 [3.5s + 5.8s]: train==[6855.91877=6830.07092 + 0.83477 + 0.00000 + 7.68638 + 17.32669]
 recall=[0.20710, 0.45191], precision=[0.28537, 0.16274],  ndcg=[0.31720, 0.20639], RMRR=[0.09957, 0.14330]
Epoch 240 [3.4s]: train==[6715.96571=6690.18596 + 0.83533 + 0.00000 + 7.66456 + 17.27988]
Epoch 241 [3.4s]: train==[6618.80755=6593.08978 + 0.83686 + 0.00000 + 7.64298 + 17.23795]
Epoch 242 [3.4s]: train==[6848.83280=6823.19429 + 0.83814 + 0.00000 + 7.62005 + 17.18025]
Epoch 243 [3.4s]: train==[6605.31122=6579.71780 + 0.83921 + 0.00000 + 7.59517 + 17.15898]
Epoch 244 [3.4s]: train==[6864.26671=6838.73251 + 0.84022 + 0.00000 + 7.57223 + 17.12173]
Epoch 245 [3.5s]: train==[6610.00565=6584.51968 + 0.84126 + 0.00000 + 7.54953 + 17.09522]
Epoch 246 [3.4s]: train==[6612.88364=6587.48611 + 0.84242 + 0.00000 + 7.52597 + 17.02913]
Epoch 247 [3.4s]: train==[6673.06098=6647.71024 + 0.84379 + 0.00000 + 7.50220 + 17.00467]
Epoch 248 [3.4s]: train==[6501.83642=6476.54541 + 0.84586 + 0.00000 + 7.47941 + 16.96577]
drop_flag:  True ,	 mess_dropout:  [0.0, 0.0]
rate_batch  torch.Size([1162, 753])
gt_count  8427
candidate_count  874986
ideal candidate count  874986
Epoch 249 [3.4s + 5.8s]: train==[6821.64202=6796.42242 + 0.84694 + 0.00000 + 7.45486 + 16.91778]
 recall=[0.20829, 0.45310], precision=[0.28692, 0.16291],  ndcg=[0.31848, 0.20686], RMRR=[0.10159, 0.14550]
Epoch 250 [3.4s]: train==[6789.55737=6764.39212 + 0.84815 + 0.00000 + 7.43174 + 16.88536]
Epoch 251 [3.4s]: train==[6750.79857=6725.71240 + 0.84884 + 0.00000 + 7.40816 + 16.82920]
Epoch 252 [3.4s]: train==[6805.35188=6780.34059 + 0.85047 + 0.00000 + 7.38499 + 16.77581]
Epoch 253 [3.4s]: train==[6552.82153=6527.83397 + 0.85175 + 0.00000 + 7.36175 + 16.77400]
Epoch 254 [3.4s]: train==[6519.96283=6495.06177 + 0.85274 + 0.00000 + 7.33635 + 16.71197]
Epoch 255 [3.4s]: train==[6815.49324=6790.66400 + 0.85312 + 0.00000 + 7.31272 + 16.66337]
Epoch 256 [3.5s]: train==[6486.08406=6461.32333 + 0.85527 + 0.00000 + 7.28966 + 16.61586]
Epoch 257 [3.4s]: train==[6614.81009=6590.09998 + 0.85632 + 0.00000 + 7.26692 + 16.58684]
Epoch 258 [3.4s]: train==[6874.90257=6850.25385 + 0.85788 + 0.00000 + 7.24249 + 16.54830]
drop_flag:  True ,	 mess_dropout:  [0.0, 0.0]
rate_batch  torch.Size([1162, 753])
gt_count  8427
candidate_count  874986
ideal candidate count  874986
Epoch 259 [3.4s + 5.8s]: train==[7009.04542=6984.46765 + 0.85916 + 0.00000 + 7.22014 + 16.49847]
 recall=[0.20923, 0.45371], precision=[0.28761, 0.16308],  ndcg=[0.31760, 0.20661], RMRR=[0.10241, 0.14602]
Epoch 260 [3.4s]: train==[6753.41535=6728.90729 + 0.85995 + 0.00000 + 7.19674 + 16.45141]
Epoch 261 [3.4s]: train==[6675.60334=6651.15836 + 0.86149 + 0.00000 + 7.17302 + 16.41051]
Epoch 262 [3.4s]: train==[6797.67403=6773.29001 + 0.86305 + 0.00000 + 7.14952 + 16.37145]
Epoch 263 [3.4s]: train==[6640.12856=6615.76057 + 0.86483 + 0.00000 + 7.12536 + 16.37777]
Epoch 264 [3.4s]: train==[6744.62686=6720.36948 + 0.86631 + 0.00000 + 7.09977 + 16.29136]
Epoch 265 [3.5s]: train==[6705.01337=6680.81450 + 0.86716 + 0.00000 + 7.07386 + 16.25795]
Epoch 266 [3.4s]: train==[6649.45263=6625.28510 + 0.86882 + 0.00000 + 7.05107 + 16.24767]
Epoch 267 [3.4s]: train==[6684.45988=6660.36502 + 0.87019 + 0.00000 + 7.02650 + 16.19817]
Epoch 268 [3.4s]: train==[6988.85762=6964.84140 + 0.87085 + 0.00000 + 7.00320 + 16.14217]
drop_flag:  True ,	 mess_dropout:  [0.0, 0.0]
rate_batch  torch.Size([1162, 753])
gt_count  8427
candidate_count  874986
ideal candidate count  874986
Epoch 269 [3.4s + 5.9s]: train==[6663.30859=6639.34134 + 0.87206 + 0.00000 + 6.98087 + 16.11427]
 recall=[0.21109, 0.45831], precision=[0.28950, 0.16450],  ndcg=[0.31912, 0.20767], RMRR=[0.10058, 0.14469]
Epoch 270 [3.5s]: train==[6826.71475=6802.80838 + 0.87337 + 0.00000 + 6.95782 + 16.07514]
Epoch 271 [3.4s]: train==[6973.79533=6949.96228 + 0.87536 + 0.00000 + 6.93241 + 16.02527]
Epoch 272 [3.4s]: train==[6523.46157=6499.69582 + 0.87690 + 0.00000 + 6.91164 + 15.97715]
Epoch 273 [3.5s]: train==[6710.70719=6686.96213 + 0.87766 + 0.00000 + 6.88888 + 15.97848]
Epoch 274 [3.5s]: train==[6518.85285=6495.19463 + 0.87826 + 0.00000 + 6.86240 + 15.91761]
Epoch 275 [3.4s]: train==[6771.28113=6747.70267 + 0.87957 + 0.00000 + 6.83946 + 15.85942]
Epoch 276 [3.4s]: train==[6928.01478=6904.47812 + 0.88097 + 0.00000 + 6.81427 + 15.84141]
Epoch 277 [3.4s]: train==[6865.49837=6842.03940 + 0.88144 + 0.00000 + 6.78868 + 15.78889]
Epoch 278 [3.4s]: train==[6544.09623=6520.71179 + 0.88329 + 0.00000 + 6.76383 + 15.73737]
drop_flag:  True ,	 mess_dropout:  [0.0, 0.0]
rate_batch  torch.Size([1162, 753])
gt_count  8427
candidate_count  874986
ideal candidate count  874986
Epoch 279 [3.4s + 5.9s]: train==[6935.49004=6912.14104 + 0.88536 + 0.00000 + 6.74053 + 15.72309]
 recall=[0.21095, 0.46138], precision=[0.28726, 0.16532],  ndcg=[0.31856, 0.20854], RMRR=[0.10185, 0.14615]
Epoch 280 [3.4s]: train==[6547.80474=6524.53671 + 0.88552 + 0.00000 + 6.71676 + 15.66567]
Epoch 281 [3.5s]: train==[6814.44079=6791.20273 + 0.88712 + 0.00000 + 6.69319 + 15.65770]
Epoch 282 [3.5s]: train==[6809.71610=6786.54929 + 0.88804 + 0.00000 + 6.67020 + 15.60853]
Epoch 283 [3.4s]: train==[6671.09783=6648.03171 + 0.88963 + 0.00000 + 6.64562 + 15.53088]
Epoch 284 [3.4s]: train==[6808.34021=6785.31606 + 0.89095 + 0.00000 + 6.62142 + 15.51183]
Epoch 285 [3.4s]: train==[6741.68550=6718.72662 + 0.89219 + 0.00000 + 6.59380 + 15.47295]
Epoch 286 [3.4s]: train==[6823.91063=6801.03307 + 0.89357 + 0.00000 + 6.56835 + 15.41558]
Epoch 287 [3.4s]: train==[6647.82711=6624.96844 + 0.89502 + 0.00000 + 6.54257 + 15.42101]
Epoch 288 [3.4s]: train==[6627.75830=6604.99974 + 0.89609 + 0.00000 + 6.51683 + 15.34561]
drop_flag:  True ,	 mess_dropout:  [0.0, 0.0]
rate_batch  torch.Size([1162, 753])
gt_count  8427
candidate_count  874986
ideal candidate count  874986
Epoch 289 [3.4s + 5.8s]: train==[6877.26641=6854.58095 + 0.89692 + 0.00000 + 6.49265 + 15.29586]
 recall=[0.20777, 0.45648], precision=[0.28623, 0.16441],  ndcg=[0.31860, 0.20842], RMRR=[0.10228, 0.14755]
Epoch 290 [3.5s]: train==[6810.66381=6788.02196 + 0.89798 + 0.00000 + 6.46862 + 15.27524]
Epoch 291 [3.4s]: train==[6680.16988=6657.61482 + 0.89952 + 0.00000 + 6.44557 + 15.20996]
Epoch 292 [3.4s]: train==[6758.23409=6735.74742 + 0.90009 + 0.00000 + 6.42110 + 15.16542]
Epoch 293 [3.4s]: train==[6388.57893=6366.16122 + 0.90156 + 0.00000 + 6.39708 + 15.11906]
Epoch 294 [3.4s]: train==[6655.23837=6632.88980 + 0.90159 + 0.00000 + 6.37099 + 15.07600]
Epoch 295 [3.4s]: train==[6668.87466=6646.55341 + 0.90294 + 0.00000 + 6.34892 + 15.06939]
Epoch 296 [3.4s]: train==[6821.82678=6799.58699 + 0.90512 + 0.00000 + 6.32508 + 15.00954]
Epoch 297 [3.4s]: train==[6620.34970=6598.18073 + 0.90622 + 0.00000 + 6.30026 + 14.96245]
Epoch 298 [3.4s]: train==[6711.87229=6689.77542 + 0.90758 + 0.00000 + 6.27871 + 14.91058]
drop_flag:  True ,	 mess_dropout:  [0.0, 0.0]
rate_batch  torch.Size([1162, 753])
gt_count  8427
candidate_count  874986
ideal candidate count  874986
Epoch 299 [3.4s + 5.9s]: train==[6843.86885=6821.80365 + 0.90932 + 0.00000 + 6.25533 + 14.90047]
 recall=[0.21115, 0.46223], precision=[0.29053, 0.16519],  ndcg=[0.32082, 0.20882], RMRR=[0.10208, 0.14657]
Epoch 300 [3.4s]: train==[6708.77217=6686.75375 + 0.91046 + 0.00000 + 6.23047 + 14.87745]
Epoch 301 [3.4s]: train==[6540.84535=6518.94279 + 0.91139 + 0.00000 + 6.20563 + 14.78561]
Epoch 302 [3.4s]: train==[6654.21770=6632.36554 + 0.91249 + 0.00000 + 6.18223 + 14.75742]
Epoch 303 [3.4s]: train==[6789.44776=6767.67038 + 0.91369 + 0.00000 + 6.15815 + 14.70554]
Epoch 304 [3.4s]: train==[6753.21759=6731.46779 + 0.91570 + 0.00000 + 6.13600 + 14.69814]
Epoch 305 [3.4s]: train==[6942.86631=6921.19795 + 0.91651 + 0.00000 + 6.11276 + 14.63909]
Epoch 306 [3.4s]: train==[6749.53010=6727.94659 + 0.91801 + 0.00000 + 6.08570 + 14.57983]
Epoch 307 [3.4s]: train==[6585.04014=6563.52159 + 0.91963 + 0.00000 + 6.06354 + 14.53530]
Epoch 308 [3.4s]: train==[6697.88549=6676.44669 + 0.92151 + 0.00000 + 6.03929 + 14.47802]
drop_flag:  True ,	 mess_dropout:  [0.0, 0.0]
rate_batch  torch.Size([1162, 753])
gt_count  8427
candidate_count  874986
ideal candidate count  874986
Epoch 309 [3.5s + 5.9s]: train==[6698.86508=6677.48634 + 0.92275 + 0.00000 + 6.01368 + 14.44233]
 recall=[0.21048, 0.45770], precision=[0.29260, 0.16446],  ndcg=[0.32258, 0.20873], RMRR=[0.10106, 0.14551]
Epoch 310 [3.4s]: train==[6762.14232=6740.81436 + 0.92424 + 0.00000 + 5.98933 + 14.41438]
Epoch 311 [3.4s]: train==[6614.02022=6592.75189 + 0.92573 + 0.00000 + 5.96516 + 14.37741]
Epoch 312 [3.4s]: train==[6655.13668=6633.93073 + 0.92739 + 0.00000 + 5.94314 + 14.33540]
Epoch 313 [3.4s]: train==[6543.02341=6521.90285 + 0.92892 + 0.00000 + 5.92027 + 14.27141]
Epoch 314 [3.4s]: train==[6584.65756=6563.61935 + 0.93041 + 0.00000 + 5.89508 + 14.21277]
Epoch 315 [3.4s]: train==[6751.21278=6730.21594 + 0.93195 + 0.00000 + 5.86991 + 14.19498]
Epoch 316 [3.4s]: train==[6663.80662=6642.89157 + 0.93312 + 0.00000 + 5.84589 + 14.13603]
Epoch 317 [3.5s]: train==[6746.53043=6725.66792 + 0.93545 + 0.00000 + 5.82253 + 14.10451]
Epoch 318 [3.5s]: train==[6686.17569=6665.36444 + 0.93698 + 0.00000 + 5.79917 + 14.07511]
drop_flag:  True ,	 mess_dropout:  [0.0, 0.0]
rate_batch  torch.Size([1162, 753])
gt_count  8427
candidate_count  874986
ideal candidate count  874986
Epoch 319 [3.4s + 5.9s]: train==[6518.59109=6497.84967 + 0.93902 + 0.00000 + 5.77019 + 14.03225]
 recall=[0.21412, 0.46536], precision=[0.29432, 0.16661],  ndcg=[0.32245, 0.20970], RMRR=[0.10131, 0.14533]
Epoch 320 [3.4s]: train==[6678.59035=6657.92560 + 0.93998 + 0.00000 + 5.74431 + 13.98050]
Epoch 321 [3.4s]: train==[6677.51643=6656.88318 + 0.94182 + 0.00000 + 5.72630 + 13.96513]
Epoch 322 [3.4s]: train==[6736.90267=6716.36072 + 0.94314 + 0.00000 + 5.69969 + 13.89914]
Epoch 323 [3.4s]: train==[6655.53458=6635.08472 + 0.94402 + 0.00000 + 5.67705 + 13.82885]
Epoch 324 [3.4s]: train==[6712.27463=6691.84534 + 0.94631 + 0.00000 + 5.65738 + 13.82564]
Epoch 325 [3.4s]: train==[6795.64201=6775.28314 + 0.94727 + 0.00000 + 5.63590 + 13.77565]
Epoch 326 [3.5s]: train==[6583.64888=6563.34674 + 0.94822 + 0.00000 + 5.61152 + 13.74235]
Epoch 327 [3.4s]: train==[6637.02278=6616.81839 + 0.94934 + 0.00000 + 5.58398 + 13.67105]
Epoch 328 [3.4s]: train==[6920.03586=6899.91519 + 0.95045 + 0.00000 + 5.55703 + 13.61329]
drop_flag:  True ,	 mess_dropout:  [0.0, 0.0]
rate_batch  torch.Size([1162, 753])
gt_count  8427
candidate_count  874986
ideal candidate count  874986
Epoch 329 [3.4s + 5.8s]: train==[6797.98279=6777.88544 + 0.95330 + 0.00000 + 5.53313 + 13.61093]
 recall=[0.21224, 0.46390], precision=[0.29174, 0.16614],  ndcg=[0.32168, 0.20988], RMRR=[0.10230, 0.14652]
Epoch 330 [3.4s]: train==[6630.59650=6610.56142 + 0.95475 + 0.00000 + 5.51332 + 13.56702]
Epoch 331 [3.4s]: train==[6818.49256=6798.53220 + 0.95548 + 0.00000 + 5.48876 + 13.51613]
Epoch 332 [3.4s]: train==[6599.37514=6579.48306 + 0.95653 + 0.00000 + 5.46508 + 13.47042]
Epoch 333 [3.4s]: train==[6936.89543=6917.05722 + 0.95918 + 0.00000 + 5.44242 + 13.43657]
Epoch 334 [3.4s]: train==[6613.10270=6593.36031 + 0.96072 + 0.00000 + 5.41614 + 13.36553]
Epoch 335 [3.5s]: train==[6627.55059=6607.88913 + 0.96157 + 0.00000 + 5.38837 + 13.31148]
Epoch 336 [3.4s]: train==[6547.61762=6527.97652 + 0.96397 + 0.00000 + 5.36543 + 13.31175]
Epoch 337 [3.4s]: train==[6685.52599=6665.98279 + 0.96464 + 0.00000 + 5.33997 + 13.23855]
Epoch 338 [3.4s]: train==[6823.84203=6804.38336 + 0.96646 + 0.00000 + 5.31372 + 13.17851]
drop_flag:  True ,	 mess_dropout:  [0.0, 0.0]
rate_batch  torch.Size([1162, 753])
gt_count  8427
candidate_count  874986
ideal candidate count  874986
Epoch 339 [3.4s + 5.9s]: train==[6836.93176=6817.53563 + 0.96817 + 0.00000 + 5.29086 + 13.13705]
 recall=[0.21091, 0.46589], precision=[0.29088, 0.16691],  ndcg=[0.31970, 0.20983], RMRR=[0.10293, 0.14861]
Epoch 340 [3.4s]: train==[6803.05789=6783.72195 + 0.96998 + 0.00000 + 5.26350 + 13.10245]
Epoch 341 [3.4s]: train==[6818.30920=6799.03885 + 0.97144 + 0.00000 + 5.23956 + 13.05935]
Epoch 342 [3.4s]: train==[6917.78197=6898.59615 + 0.97311 + 0.00000 + 5.21602 + 12.99676]
Epoch 343 [3.4s]: train==[6765.90413=6746.75586 + 0.97486 + 0.00000 + 5.19365 + 12.97976]
Epoch 344 [3.5s]: train==[6682.70947=6663.67311 + 0.97620 + 0.00000 + 5.16790 + 12.89224]
Epoch 345 [3.5s]: train==[6645.70025=6626.68532 + 0.97838 + 0.00000 + 5.14732 + 12.88922]
Epoch 346 [3.4s]: train==[6705.37751=6686.44354 + 0.97983 + 0.00000 + 5.12375 + 12.83044]
Epoch 347 [3.4s]: train==[6707.92861=6689.03767 + 0.98145 + 0.00000 + 5.10091 + 12.80861]
Epoch 348 [3.4s]: train==[6641.49944=6622.71069 + 0.98303 + 0.00000 + 5.07042 + 12.73535]
drop_flag:  True ,	 mess_dropout:  [0.0, 0.0]
rate_batch  torch.Size([1162, 753])
gt_count  8427
candidate_count  874986
ideal candidate count  874986
Epoch 349 [3.4s + 5.9s]: train==[6540.77092=6522.04564 + 0.98514 + 0.00000 + 5.04997 + 12.69017]
 recall=[0.21307, 0.46761], precision=[0.29157, 0.16738],  ndcg=[0.31995, 0.20982], RMRR=[0.10145, 0.14566]
Epoch 350 [3.4s]: train==[6352.32516=6333.64600 + 0.98628 + 0.00000 + 5.02735 + 12.66554]
Epoch 351 [3.4s]: train==[6596.42280=6577.83780 + 0.98864 + 0.00000 + 4.99598 + 12.60040]
Epoch 352 [3.4s]: train==[6500.54333=6482.01080 + 0.98990 + 0.00000 + 4.97582 + 12.56677]
Epoch 353 [3.5s]: train==[6826.74461=6808.27171 + 0.99081 + 0.00000 + 4.95257 + 12.52948]
Epoch 354 [3.4s]: train==[6696.26334=6677.83069 + 0.99266 + 0.00000 + 4.93863 + 12.50146]
Epoch 355 [3.4s]: train==[6914.20658=6895.85583 + 0.99508 + 0.00000 + 4.91261 + 12.44308]
Epoch 356 [3.4s]: train==[6771.57469=6753.29646 + 0.99549 + 0.00000 + 4.89128 + 12.39143]
Epoch 357 [3.4s]: train==[6400.61267=6382.43948 + 0.99708 + 0.00000 + 4.86244 + 12.31369]
Epoch 358 [3.4s]: train==[6588.58017=6570.41058 + 0.99893 + 0.00000 + 4.84583 + 12.32479]
drop_flag:  True ,	 mess_dropout:  [0.0, 0.0]
rate_batch  torch.Size([1162, 753])
gt_count  8427
candidate_count  874986
ideal candidate count  874986
Epoch 359 [3.4s + 5.9s]: train==[6710.12602=6692.02348 + 1.00083 + 0.00000 + 4.82206 + 12.27966]
 recall=[0.21533, 0.47477], precision=[0.29673, 0.16979],  ndcg=[0.32639, 0.21329], RMRR=[0.10320, 0.14761]
Epoch 360 [3.4s]: train==[6790.37796=6772.35117 + 1.00246 + 0.00000 + 4.79616 + 12.22815]
Epoch 361 [3.5s]: train==[6728.17791=6710.20987 + 1.00417 + 0.00000 + 4.78099 + 12.18287]
Epoch 362 [3.5s]: train==[6505.05443=6487.14742 + 1.00448 + 0.00000 + 4.75411 + 12.14837]
Epoch 363 [3.4s]: train==[6798.20328=6780.32657 + 1.00630 + 0.00000 + 4.73135 + 12.13911]
Epoch 364 [3.4s]: train==[6709.83767=6692.04082 + 1.00839 + 0.00000 + 4.71020 + 12.07822]
Epoch 365 [3.4s]: train==[6971.95379=6954.23833 + 1.00997 + 0.00000 + 4.68543 + 12.02006]
Epoch 366 [3.4s]: train==[6588.89348=6571.25801 + 1.01121 + 0.00000 + 4.66161 + 11.96258]
Epoch 367 [3.4s]: train==[6988.88134=6971.31096 + 1.01191 + 0.00000 + 4.64040 + 11.91808]
Epoch 368 [3.4s]: train==[6756.18911=6738.66553 + 1.01431 + 0.00000 + 4.61791 + 11.89136]
drop_flag:  True ,	 mess_dropout:  [0.0, 0.0]
rate_batch  torch.Size([1162, 753])
gt_count  8427
candidate_count  874986
ideal candidate count  874986
Epoch 369 [3.4s + 5.9s]: train==[6595.40340=6577.92686 + 1.01637 + 0.00000 + 4.59102 + 11.86918]
 recall=[0.21361, 0.47424], precision=[0.29621, 0.16932],  ndcg=[0.32645, 0.21352], RMRR=[0.10478, 0.15080]
Epoch 370 [3.5s]: train==[6735.63710=6718.24277 + 1.01767 + 0.00000 + 4.56376 + 11.81287]
Epoch 371 [3.4s]: train==[6548.28704=6530.93021 + 1.02000 + 0.00000 + 4.54232 + 11.79449]
Epoch 372 [3.4s]: train==[6313.78697=6296.50893 + 1.02035 + 0.00000 + 4.51843 + 11.73934]
Epoch 373 [3.4s]: train==[6691.53480=6674.32571 + 1.02217 + 0.00000 + 4.49429 + 11.69256]
Epoch 374 [3.4s]: train==[6514.39771=6497.25479 + 1.02331 + 0.00000 + 4.46908 + 11.65055]
Epoch 375 [3.4s]: train==[6667.91743=6650.85248 + 1.02447 + 0.00000 + 4.44481 + 11.59564]
Epoch 376 [3.4s]: train==[6654.95574=6637.94452 + 1.02600 + 0.00000 + 4.42131 + 11.56398]
Epoch 377 [3.4s]: train==[6759.76525=6742.83850 + 1.02835 + 0.00000 + 4.40042 + 11.49797]
Epoch 378 [3.4s]: train==[6786.60100=6769.70056 + 1.02957 + 0.00000 + 4.37688 + 11.49397]
drop_flag:  True ,	 mess_dropout:  [0.0, 0.0]
rate_batch  torch.Size([1162, 753])
gt_count  8427
candidate_count  874986
ideal candidate count  874986
Epoch 379 [3.4s + 5.9s]: train==[6693.99484=6677.17542 + 1.03296 + 0.00000 + 4.35409 + 11.43243]
 recall=[0.21183, 0.47724], precision=[0.29260, 0.17035],  ndcg=[0.31842, 0.21160], RMRR=[0.09951, 0.14669]
Epoch 380 [3.4s]: train==[6625.79128=6609.04785 + 1.03356 + 0.00000 + 4.33218 + 11.37771]
Epoch 381 [3.4s]: train==[6888.08086=6871.38293 + 1.03603 + 0.00000 + 4.30926 + 11.35259]
Epoch 382 [3.4s]: train==[6573.50565=6556.86870 + 1.03764 + 0.00000 + 4.28132 + 11.31792]
Epoch 383 [3.4s]: train==[6968.08099=6951.51447 + 1.03858 + 0.00000 + 4.25957 + 11.26836]
Epoch 384 [3.4s]: train==[6700.22871=6683.68987 + 1.04007 + 0.00000 + 4.24368 + 11.25511]
Epoch 385 [3.4s]: train==[6625.77904=6609.32324 + 1.04172 + 0.00000 + 4.21689 + 11.19719]
Epoch 386 [3.4s]: train==[6559.33628=6542.93596 + 1.04499 + 0.00000 + 4.19777 + 11.15763]
Epoch 387 [3.5s]: train==[6728.96524=6712.60680 + 1.04681 + 0.00000 + 4.17807 + 11.13355]
Epoch 388 [3.5s]: train==[6640.47462=6624.19577 + 1.04791 + 0.00000 + 4.15306 + 11.07792]
drop_flag:  True ,	 mess_dropout:  [0.0, 0.0]
rate_batch  torch.Size([1162, 753])
gt_count  8427
candidate_count  874986
ideal candidate count  874986
Epoch 389 [3.5s + 5.9s]: train==[6712.64053=6696.44301 + 1.04987 + 0.00000 + 4.13140 + 11.01624]
 recall=[0.21235, 0.47615], precision=[0.29432, 0.16971],  ndcg=[0.32346, 0.21281], RMRR=[0.10322, 0.14936]
Epoch 390 [3.4s]: train==[6664.02608=6647.90901 + 1.05221 + 0.00000 + 4.11189 + 10.95305]
Epoch 391 [3.4s]: train==[6836.88914=6820.78258 + 1.05301 + 0.00000 + 4.09691 + 10.95664]
Epoch 392 [3.4s]: train==[6714.71157=6698.63559 + 1.05407 + 0.00000 + 4.07624 + 10.94564]
Epoch 393 [3.4s]: train==[6600.35110=6584.39139 + 1.05659 + 0.00000 + 4.04620 + 10.85699]
Epoch 394 [3.4s]: train==[6341.46706=6325.52055 + 1.05913 + 0.00000 + 4.02925 + 10.85815]
Epoch 395 [3.4s]: train==[6789.81129=6773.91125 + 1.06221 + 0.00000 + 4.00933 + 10.82857]
Epoch 396 [3.5s]: train==[6612.35194=6596.51581 + 1.06368 + 0.00000 + 3.99109 + 10.78136]
Epoch 397 [3.5s]: train==[6821.11171=6805.40129 + 1.06568 + 0.00000 + 3.96669 + 10.67804]
Epoch 398 [3.5s]: train==[6553.90892=6538.18723 + 1.06811 + 0.00000 + 3.94802 + 10.70561]
drop_flag:  True ,	 mess_dropout:  [0.0, 0.0]
rate_batch  torch.Size([1162, 753])
gt_count  8427
candidate_count  874986
ideal candidate count  874986
Epoch 399 [3.4s + 5.8s]: train==[6468.75241=6453.09363 + 1.07024 + 0.00000 + 3.93083 + 10.65773]
 recall=[0.21480, 0.47934], precision=[0.29449, 0.17018],  ndcg=[0.32475, 0.21378], RMRR=[0.10508, 0.15035]
Epoch 400 [3.4s]: train==[6637.50914=6621.87370 + 1.07214 + 0.00000 + 3.91288 + 10.65043]
Epoch 401 [3.4s]: train==[6837.10491=6821.56808 + 1.07221 + 0.00000 + 3.89532 + 10.56928]
Epoch 402 [3.4s]: train==[6713.65163=6698.16727 + 1.07588 + 0.00000 + 3.87094 + 10.53752]
Epoch 403 [3.5s]: train==[6548.53961=6533.10718 + 1.07710 + 0.00000 + 3.85173 + 10.50362]
Epoch 404 [3.4s]: train==[6509.37626=6494.02240 + 1.07877 + 0.00000 + 3.83348 + 10.44161]
Epoch 405 [3.4s]: train==[6751.59042=6736.24289 + 1.08089 + 0.00000 + 3.81651 + 10.45020]
Epoch 406 [3.5s]: train==[6521.19444=6505.92915 + 1.08256 + 0.00000 + 3.80490 + 10.37787]
Epoch 407 [3.4s]: train==[6681.96567=6666.75117 + 1.08460 + 0.00000 + 3.77970 + 10.35027]
Epoch 408 [3.4s]: train==[6709.73773=6694.59467 + 1.08580 + 0.00000 + 3.75854 + 10.29879]
drop_flag:  True ,	 mess_dropout:  [0.0, 0.0]
rate_batch  torch.Size([1162, 753])
gt_count  8427
candidate_count  874986
ideal candidate count  874986
Epoch 409 [3.4s + 5.9s]: train==[6596.02613=6580.90756 + 1.08662 + 0.00000 + 3.74266 + 10.28930]
 recall=[0.21662, 0.48248], precision=[0.29897, 0.17225],  ndcg=[0.32842, 0.21585], RMRR=[0.10443, 0.15019]
Epoch 410 [3.4s]: train==[6582.97097=6567.90994 + 1.08891 + 0.00000 + 3.72116 + 10.25095]
Epoch 411 [3.4s]: train==[6818.18386=6803.18979 + 1.09224 + 0.00000 + 3.70130 + 10.20049]
Epoch 412 [3.4s]: train==[6517.71533=6502.73270 + 1.09465 + 0.00000 + 3.68884 + 10.19920]
Epoch 413 [3.5s]: train==[6635.97333=6621.02574 + 1.09704 + 0.00000 + 3.66975 + 10.18066]
Epoch 414 [3.5s]: train==[6612.58347=6597.69351 + 1.09913 + 0.00000 + 3.65235 + 10.13848]
Epoch 415 [3.4s]: train==[6459.96259=6445.12488 + 1.10054 + 0.00000 + 3.63901 + 10.09812]
Epoch 416 [3.4s]: train==[6710.20496=6695.40764 + 1.10283 + 0.00000 + 3.61194 + 10.08257]
Epoch 417 [3.4s]: train==[6547.69174=6532.94893 + 1.10418 + 0.00000 + 3.59762 + 10.04104]
Epoch 418 [3.4s]: train==[6786.87631=6772.17654 + 1.10579 + 0.00000 + 3.57773 + 10.01622]
drop_flag:  True ,	 mess_dropout:  [0.0, 0.0]
rate_batch  torch.Size([1162, 753])
gt_count  8427
candidate_count  874986
ideal candidate count  874986
Epoch 419 [3.4s + 5.9s]: train==[6743.75622=6729.14503 + 1.10843 + 0.00000 + 3.56926 + 9.93356]
 recall=[0.21192, 0.48062], precision=[0.29449, 0.17134],  ndcg=[0.32381, 0.21404], RMRR=[0.10239, 0.14934]
Epoch 420 [3.4s]: train==[6430.41305=6415.82918 + 1.11124 + 0.00000 + 3.54331 + 9.92936]
Epoch 421 [3.4s]: train==[6572.04230=6557.46678 + 1.11148 + 0.00000 + 3.52622 + 9.93777]
Epoch 422 [3.5s]: train==[6519.01490=6504.47009 + 1.11476 + 0.00000 + 3.50903 + 9.92099]
Epoch 423 [3.4s]: train==[6598.90018=6584.43170 + 1.11558 + 0.00000 + 3.49914 + 9.85371]
Epoch 424 [3.4s]: train==[6418.62218=6404.20049 + 1.11646 + 0.00000 + 3.48154 + 9.82368]
Epoch 425 [3.4s]: train==[6416.25182=6401.83191 + 1.11784 + 0.00000 + 3.46346 + 9.83859]
Epoch 426 [3.4s]: train==[6623.81563=6609.44241 + 1.12034 + 0.00000 + 3.44121 + 9.81167]
Epoch 427 [3.4s]: train==[6676.28855=6661.97351 + 1.12317 + 0.00000 + 3.42351 + 9.76836]
Epoch 428 [3.4s]: train==[6855.09422=6840.80331 + 1.12413 + 0.00000 + 3.40692 + 9.75992]
drop_flag:  True ,	 mess_dropout:  [0.0, 0.0]
rate_batch  torch.Size([1162, 753])
gt_count  8427
candidate_count  874986
ideal candidate count  874986
Epoch 429 [3.4s + 5.9s]: train==[6603.94967=6589.73819 + 1.12578 + 0.00000 + 3.39462 + 9.69110]
 recall=[0.21900, 0.47677], precision=[0.30172, 0.17022],  ndcg=[0.33030, 0.21450], RMRR=[0.10463, 0.14843]
Epoch 430 [3.4s]: train==[6271.16616=6257.01204 + 1.12740 + 0.00000 + 3.37280 + 9.65391]
Epoch 431 [3.5s]: train==[6537.77807=6523.64894 + 1.13056 + 0.00000 + 3.35925 + 9.63930]
Epoch 432 [3.5s]: train==[6751.79443=6737.73413 + 1.13195 + 0.00000 + 3.33613 + 9.59215]
Epoch 433 [3.4s]: train==[6489.80272=6475.72812 + 1.13308 + 0.00000 + 3.33281 + 9.60870]
Epoch 434 [3.4s]: train==[6553.09237=6539.05368 + 1.13477 + 0.00000 + 3.30845 + 9.59546]
Epoch 435 [3.4s]: train==[6508.07673=6494.16090 + 1.13545 + 0.00000 + 3.28690 + 9.49353]
Epoch 436 [3.4s]: train==[6533.39508=6519.46085 + 1.13757 + 0.00000 + 3.27403 + 9.52267]
Epoch 437 [3.4s]: train==[6444.56392=6430.71031 + 1.13914 + 0.00000 + 3.25262 + 9.46183]
Epoch 438 [3.4s]: train==[6657.10119=6643.27156 + 1.14169 + 0.00000 + 3.24248 + 9.44550]
drop_flag:  True ,	 mess_dropout:  [0.0, 0.0]
rate_batch  torch.Size([1162, 753])
gt_count  8427
candidate_count  874986
ideal candidate count  874986
Epoch 439 [3.4s + 5.9s]: train==[6568.67275=6554.87074 + 1.14342 + 0.00000 + 3.23081 + 9.42781]
 recall=[0.21448, 0.47806], precision=[0.29552, 0.17031],  ndcg=[0.32583, 0.21410], RMRR=[0.10444, 0.15072]
Epoch 440 [3.5s]: train==[6688.98433=6675.22763 + 1.14473 + 0.00000 + 3.21148 + 9.40060]
Epoch 441 [3.4s]: train==[6561.05117=6547.36638 + 1.14726 + 0.00000 + 3.19348 + 9.34401]
Epoch 442 [3.4s]: train==[6534.04514=6520.36710 + 1.14678 + 0.00000 + 3.18048 + 9.35073]
Epoch 443 [3.5s]: train==[6636.97633=6623.33157 + 1.15008 + 0.00000 + 3.17792 + 9.31681]
Epoch 444 [3.4s]: train==[6576.87640=6563.26073 + 1.15153 + 0.00000 + 3.15821 + 9.30594]
Epoch 445 [3.4s]: train==[6359.72192=6346.13501 + 1.15289 + 0.00000 + 3.12947 + 9.30453]
Epoch 446 [3.4s]: train==[6679.42581=6665.88741 + 1.15624 + 0.00000 + 3.10744 + 9.27466]
Epoch 447 [3.4s]: train==[6528.31692=6514.80737 + 1.15728 + 0.00000 + 3.09088 + 9.26142]
Epoch 448 [3.4s]: train==[6626.52167=6613.01015 + 1.15987 + 0.00000 + 3.07531 + 9.27631]
drop_flag:  True ,	 mess_dropout:  [0.0, 0.0]
rate_batch  torch.Size([1162, 753])
gt_count  8427
candidate_count  874986
ideal candidate count  874986
Epoch 449 [3.5s + 5.9s]: train==[6686.39261=6672.95499 + 1.16167 + 0.00000 + 3.05743 + 9.21845]
 recall=[0.21566, 0.47877], precision=[0.29725, 0.17104],  ndcg=[0.32585, 0.21424], RMRR=[0.10265, 0.14857]
Epoch 450 [3.4s]: train==[6500.60505=6487.19952 + 1.16279 + 0.00000 + 3.04283 + 9.19989]
Epoch 451 [3.4s]: train==[6435.60716=6422.25591 + 1.16495 + 0.00000 + 3.02491 + 9.16137]
Epoch 452 [3.4s]: train==[6441.23466=6427.89453 + 1.16708 + 0.00000 + 3.00989 + 9.16318]
Epoch 453 [3.4s]: train==[6514.63026=6501.25703 + 1.16881 + 0.00000 + 3.00794 + 9.19643]
Epoch 454 [3.4s]: train==[6664.50164=6651.22046 + 1.17167 + 0.00000 + 2.98225 + 9.12725]
Epoch 455 [3.4s]: train==[6423.29953=6410.04454 + 1.17296 + 0.00000 + 2.97946 + 9.10259]
Epoch 456 [3.4s]: train==[6564.18806=6551.01251 + 1.17276 + 0.00000 + 2.96339 + 9.03944]
Epoch 457 [3.4s]: train==[6573.28099=6560.13696 + 1.17633 + 0.00000 + 2.95231 + 9.01541]
Epoch 458 [3.4s]: train==[6689.57313=6676.44720 + 1.17736 + 0.00000 + 2.93382 + 9.01475]
drop_flag:  True ,	 mess_dropout:  [0.0, 0.0]
rate_batch  torch.Size([1162, 753])
gt_count  8427
candidate_count  874986
ideal candidate count  874986
Epoch 459 [3.4s + 5.9s]: train==[6792.15559=6779.08255 + 1.17901 + 0.00000 + 2.91350 + 8.98049]
 recall=[0.21466, 0.47684], precision=[0.29432, 0.17074],  ndcg=[0.32210, 0.21309], RMRR=[0.10250, 0.14721]
Epoch 460 [3.4s]: train==[6562.69427=6549.58560 + 1.18138 + 0.00000 + 2.91293 + 9.01431]
Epoch 461 [3.4s]: train==[6486.31816=6473.25058 + 1.18221 + 0.00000 + 2.89090 + 8.99452]
Epoch 462 [3.4s]: train==[6473.77211=6460.76530 + 1.18504 + 0.00000 + 2.88020 + 8.94161]
Epoch 463 [3.4s]: train==[6683.62397=6670.63702 + 1.18648 + 0.00000 + 2.86339 + 8.93708]
Epoch 464 [3.4s]: train==[6625.71162=6612.80292 + 1.18860 + 0.00000 + 2.85342 + 8.86671]
Epoch 465 [3.4s]: train==[6604.87260=6591.97453 + 1.19146 + 0.00000 + 2.85144 + 8.85510]
Epoch 466 [3.4s]: train==[6537.01261=6524.13823 + 1.19329 + 0.00000 + 2.84290 + 8.83820]
Epoch 467 [3.5s]: train==[6629.23646=6616.40108 + 1.19324 + 0.00000 + 2.82233 + 8.81978]
Epoch 468 [3.4s]: train==[6744.49355=6731.67554 + 1.19635 + 0.00000 + 2.81503 + 8.80669]
drop_flag:  True ,	 mess_dropout:  [0.0, 0.0]
rate_batch  torch.Size([1162, 753])
gt_count  8427
candidate_count  874986
ideal candidate count  874986
Epoch 469 [3.4s + 5.8s]: train==[6535.47683=6522.70845 + 1.19744 + 0.00000 + 2.79591 + 8.77510]
 recall=[0.21533, 0.48101], precision=[0.29621, 0.17220],  ndcg=[0.32588, 0.21532], RMRR=[0.10507, 0.15115]
Epoch 470 [3.4s]: train==[6543.50023=6530.75140 + 1.20072 + 0.00000 + 2.77920 + 8.76896]
Epoch 471 [3.4s]: train==[6568.41844=6555.74669 + 1.20148 + 0.00000 + 2.76062 + 8.70963]
Epoch 472 [3.4s]: train==[6403.53357=6390.85269 + 1.20337 + 0.00000 + 2.75549 + 8.72204]
Epoch 473 [3.4s]: train==[6631.05585=6618.41702 + 1.20523 + 0.00000 + 2.74407 + 8.68953]
Epoch 474 [3.5s]: train==[6643.93142=6631.37340 + 1.20514 + 0.00000 + 2.72960 + 8.62333]
Epoch 475 [3.5s]: train==[6617.97697=6605.41383 + 1.20699 + 0.00000 + 2.72957 + 8.62655]
Epoch 476 [3.5s]: train==[6602.81614=6590.25995 + 1.21038 + 0.00000 + 2.71114 + 8.63462]
Epoch 477 [3.4s]: train==[6647.04558=6634.51944 + 1.21192 + 0.00000 + 2.70912 + 8.60505]
Epoch 478 [3.4s]: train==[6427.51954=6415.08716 + 1.21296 + 0.00000 + 2.68924 + 8.53016]
drop_flag:  True ,	 mess_dropout:  [0.0, 0.0]
rate_batch  torch.Size([1162, 753])
gt_count  8427
candidate_count  874986
ideal candidate count  874986
Epoch 479 [3.4s + 5.8s]: train==[6630.70400=6618.27762 + 1.21491 + 0.00000 + 2.67760 + 8.53383]
 recall=[0.21219, 0.47964], precision=[0.29535, 0.17173],  ndcg=[0.32512, 0.21486], RMRR=[0.10160, 0.14720]
Epoch 480 [3.4s]: train==[6596.34066=6583.94769 + 1.21874 + 0.00000 + 2.66928 + 8.50502]
Epoch 481 [3.4s]: train==[6588.44830=6576.07484 + 1.21844 + 0.00000 + 2.65471 + 8.50032]
Epoch 482 [3.4s]: train==[6588.57501=6576.16438 + 1.22174 + 0.00000 + 2.64357 + 8.54535]
Epoch 483 [3.4s]: train==[6224.31515=6211.95277 + 1.22351 + 0.00000 + 2.63444 + 8.50438]
Epoch 484 [3.5s]: train==[6639.33935=6627.06390 + 1.22454 + 0.00000 + 2.61766 + 8.43328]
Epoch 485 [3.4s]: train==[6657.55278=6645.25403 + 1.22678 + 0.00000 + 2.61270 + 8.45934]
Epoch 486 [3.4s]: train==[6638.09075=6625.84769 + 1.22876 + 0.00000 + 2.60000 + 8.41425]
Epoch 487 [3.4s]: train==[6655.07355=6642.89888 + 1.23019 + 0.00000 + 2.58571 + 8.35882]
Epoch 488 [3.4s]: train==[6540.94232=6528.81566 + 1.23248 + 0.00000 + 2.57676 + 8.31738]
drop_flag:  True ,	 mess_dropout:  [0.0, 0.0]
rate_batch  torch.Size([1162, 753])
gt_count  8427
candidate_count  874986
ideal candidate count  874986
Epoch 489 [3.4s + 5.9s]: train==[6600.02171=6587.85257 + 1.23479 + 0.00000 + 2.55769 + 8.37665]
 recall=[0.21671, 0.47277], precision=[0.29931, 0.17031],  ndcg=[0.32779, 0.21421], RMRR=[0.10501, 0.14943]
Epoch 490 [3.4s]: train==[6704.20194=6692.08513 + 1.23631 + 0.00000 + 2.55008 + 8.33041]
Epoch 491 [3.4s]: train==[6666.88245=6654.76270 + 1.23848 + 0.00000 + 2.54783 + 8.33344]
Epoch 492 [3.4s]: train==[6600.09643=6588.06984 + 1.23863 + 0.00000 + 2.52587 + 8.26211]
Epoch 493 [3.5s]: train==[6524.79407=6512.69711 + 1.24245 + 0.00000 + 2.52396 + 8.33053]
Epoch 494 [3.5s]: train==[6415.50115=6403.42105 + 1.24593 + 0.00000 + 2.51274 + 8.32139]
Epoch 495 [3.4s]: train==[6438.19360=6426.17245 + 1.24685 + 0.00000 + 2.50538 + 8.26887]
Epoch 496 [3.4s]: train==[6549.37216=6537.36234 + 1.24711 + 0.00000 + 2.49138 + 8.27131]
Epoch 497 [3.4s]: train==[6447.16009=6435.21849 + 1.25037 + 0.00000 + 2.48296 + 8.20821]
Epoch 498 [3.4s]: train==[6574.35830=6562.44273 + 1.25277 + 0.00000 + 2.47931 + 8.18352]
drop_flag:  True ,	 mess_dropout:  [0.0, 0.0]
rate_batch  torch.Size([1162, 753])
gt_count  8427
candidate_count  874986
ideal candidate count  874986
Epoch 499 [3.4s + 5.8s]: train==[6534.04481=6522.18706 + 1.25399 + 0.00000 + 2.46355 + 8.14023]
 recall=[0.21134, 0.48187], precision=[0.29088, 0.17190],  ndcg=[0.31991, 0.21379], RMRR=[0.10286, 0.14980]
Epoch 500 [3.4s]: train==[6433.21772=6421.35358 + 1.25428 + 0.00000 + 2.46103 + 8.14884]
Epoch 501 [3.4s]: train==[6533.93292=6522.00401 + 1.25588 + 0.00000 + 2.45752 + 8.21556]
Epoch 502 [3.5s]: train==[6385.06020=6373.21336 + 1.25908 + 0.00000 + 2.44022 + 8.14746]
Epoch 503 [3.5s]: train==[6516.29383=6504.45078 + 1.25858 + 0.00000 + 2.43786 + 8.14654]
Epoch 504 [3.4s]: train==[6621.09163=6609.27870 + 1.26122 + 0.00000 + 2.42411 + 8.12754]
Epoch 505 [3.4s]: train==[6419.59852=6407.85193 + 1.26438 + 0.00000 + 2.41916 + 8.06300]
Epoch 506 [3.4s]: train==[6479.86023=6468.12526 + 1.26688 + 0.00000 + 2.41610 + 8.05200]
Epoch 507 [3.4s]: train==[6650.06299=6638.28352 + 1.27005 + 0.00000 + 2.40696 + 8.10249]
Epoch 508 [3.4s]: train==[6614.14812=6602.38960 + 1.27060 + 0.00000 + 2.38954 + 8.09835]
drop_flag:  True ,	 mess_dropout:  [0.0, 0.0]
rate_batch  torch.Size([1162, 753])
gt_count  8427
candidate_count  874986
ideal candidate count  874986
Epoch 509 [3.4s + 5.9s]: train==[6431.06370=6419.23927 + 1.27557 + 0.00000 + 2.39326 + 8.15559]
 recall=[0.22497, 0.48181], precision=[0.30327, 0.17139],  ndcg=[0.33355, 0.21642], RMRR=[0.10858, 0.15372]
Epoch 510 [3.4s]: train==[6440.39074=6428.70345 + 1.27609 + 0.00000 + 2.38114 + 8.03011]
Epoch 511 [3.5s]: train==[6416.00048=6404.33328 + 1.27647 + 0.00000 + 2.37148 + 8.01922]
Epoch 512 [3.4s]: train==[6518.80691=6507.09763 + 1.27671 + 0.00000 + 2.36204 + 8.07056]
Epoch 513 [3.4s]: train==[6458.00565=6446.37947 + 1.27785 + 0.00000 + 2.34510 + 8.00325]
Epoch 514 [3.4s]: train==[6397.20430=6385.55820 + 1.28195 + 0.00000 + 2.34882 + 8.01535]
Epoch 515 [3.4s]: train==[6738.96553=6727.36592 + 1.28385 + 0.00000 + 2.33703 + 7.97881]
Epoch 516 [3.4s]: train==[6570.24856=6558.70091 + 1.28804 + 0.00000 + 2.32955 + 7.93005]
Epoch 517 [3.4s]: train==[6376.28537=6364.71109 + 1.28920 + 0.00000 + 2.32282 + 7.96226]
Epoch 518 [3.4s]: train==[6536.29251=6524.77647 + 1.28880 + 0.00000 + 2.31325 + 7.91397]
drop_flag:  True ,	 mess_dropout:  [0.0, 0.0]
rate_batch  torch.Size([1162, 753])
gt_count  8427
candidate_count  874986
ideal candidate count  874986
Epoch 519 [3.4s + 5.9s]: train==[6635.93054=6624.45099 + 1.29091 + 0.00000 + 2.30635 + 7.88234]
 recall=[0.21900, 0.47811], precision=[0.30138, 0.17134],  ndcg=[0.33206, 0.21654], RMRR=[0.10634, 0.15239]
Epoch 520 [3.5s]: train==[6722.33627=6710.86002 + 1.29204 + 0.00000 + 2.29354 + 7.89067]
Epoch 521 [3.4s]: train==[6508.21437=6496.71988 + 1.29483 + 0.00000 + 2.28564 + 7.91400]
Epoch 522 [3.4s]: train==[6524.72764=6513.23201 + 1.29762 + 0.00000 + 2.28850 + 7.90949]
Epoch 523 [3.4s]: train==[6634.05973=6622.59659 + 1.29814 + 0.00000 + 2.27874 + 7.88634]
Epoch 524 [3.4s]: train==[6274.89387=6263.41559 + 1.30272 + 0.00000 + 2.27640 + 7.89916]
Epoch 525 [3.4s]: train==[6669.30961=6657.89668 + 1.30296 + 0.00000 + 2.26760 + 7.84237]
Epoch 526 [3.4s]: train==[6545.56320=6534.12613 + 1.30661 + 0.00000 + 2.25972 + 7.87077]
Epoch 527 [3.4s]: train==[6408.00292=6396.58264 + 1.30964 + 0.00000 + 2.25241 + 7.85817]
Epoch 528 [3.4s]: train==[6460.40028=6449.06741 + 1.30938 + 0.00000 + 2.24168 + 7.78186]
drop_flag:  True ,	 mess_dropout:  [0.0, 0.0]
rate_batch  torch.Size([1162, 753])
gt_count  8427
candidate_count  874986
ideal candidate count  874986
Epoch 529 [3.5s + 5.9s]: train==[6430.48308=6419.17093 + 1.31045 + 0.00000 + 2.23736 + 7.76441]
 recall=[0.22064, 0.48246], precision=[0.30465, 0.17281],  ndcg=[0.33420, 0.21772], RMRR=[0.10486, 0.14914]
Epoch 530 [3.5s]: train==[6375.29718=6363.95251 + 1.31216 + 0.00000 + 2.23216 + 7.80030]
Epoch 531 [3.4s]: train==[6376.95656=6365.63956 + 1.31459 + 0.00000 + 2.22890 + 7.77348]
Epoch 532 [3.4s]: train==[6458.05716=6446.70979 + 1.31624 + 0.00000 + 2.21797 + 7.81315]
Epoch 533 [3.4s]: train==[6480.79804=6469.53056 + 1.31782 + 0.00000 + 2.21082 + 7.73877]
Epoch 534 [3.4s]: train==[6465.18827=6453.95741 + 1.31834 + 0.00000 + 2.20411 + 7.70843]
Epoch 535 [3.4s]: train==[6491.09093=6479.83035 + 1.31987 + 0.00000 + 2.19542 + 7.74525]
Epoch 536 [3.4s]: train==[6503.49221=6492.20396 + 1.32192 + 0.00000 + 2.19096 + 7.77540]
Epoch 537 [3.4s]: train==[6435.51324=6424.28247 + 1.32384 + 0.00000 + 2.17908 + 7.72786]
Epoch 538 [3.5s]: train==[6456.79955=6445.62155 + 1.32537 + 0.00000 + 2.17970 + 7.67295]
drop_flag:  True ,	 mess_dropout:  [0.0, 0.0]
rate_batch  torch.Size([1162, 753])
gt_count  8427
candidate_count  874986
ideal candidate count  874986
Epoch 539 [3.4s + 5.9s]: train==[6393.61141=6382.47215 + 1.32685 + 0.00000 + 2.16341 + 7.64900]
 recall=[0.21730, 0.48318], precision=[0.30155, 0.17225],  ndcg=[0.33008, 0.21605], RMRR=[0.10331, 0.15004]
Epoch 540 [3.4s]: train==[6517.20764=6506.00468 + 1.32963 + 0.00000 + 2.16353 + 7.70983]
Epoch 541 [3.4s]: train==[6561.72911=6550.59750 + 1.33023 + 0.00000 + 2.15811 + 7.64324]
Epoch 542 [3.4s]: train==[6578.49431=6567.28528 + 1.33401 + 0.00000 + 2.15857 + 7.71646]
Epoch 543 [3.4s]: train==[6381.91772=6370.79703 + 1.33382 + 0.00000 + 2.15281 + 7.63405]
Epoch 544 [3.4s]: train==[6496.04611=6484.94778 + 1.33423 + 0.00000 + 2.13875 + 7.62533]
Epoch 545 [3.4s]: train==[6502.96386=6491.87186 + 1.33703 + 0.00000 + 2.13145 + 7.62348]
Epoch 546 [3.5s]: train==[6478.55478=6467.46365 + 1.33824 + 0.00000 + 2.13041 + 7.62259]
Epoch 547 [3.5s]: train==[6418.16753=6407.15471 + 1.34110 + 0.00000 + 2.11737 + 7.55433]
Epoch 548 [3.4s]: train==[6789.50667=6778.50464 + 1.34147 + 0.00000 + 2.11765 + 7.54289]
drop_flag:  True ,	 mess_dropout:  [0.0, 0.0]
rate_batch  torch.Size([1162, 753])
gt_count  8427
candidate_count  874986
ideal candidate count  874986
Epoch 549 [3.4s + 5.9s]: train==[6341.07032=6330.06442 + 1.34200 + 0.00000 + 2.10691 + 7.55696]
 recall=[0.22163, 0.48289], precision=[0.30413, 0.17397],  ndcg=[0.33466, 0.21878], RMRR=[0.10807, 0.15245]
Epoch 550 [3.4s]: train==[6306.11975=6295.10323 + 1.34750 + 0.00000 + 2.10237 + 7.56663]
Epoch 551 [3.4s]: train==[6556.06385=6545.09514 + 1.34844 + 0.00000 + 2.10061 + 7.51969]
Epoch 552 [3.4s]: train==[6486.64082=6475.73564 + 1.34721 + 0.00000 + 2.09115 + 7.46680]
Epoch 553 [3.4s]: train==[6556.64468=6545.74664 + 1.34805 + 0.00000 + 2.08267 + 7.46740]
Epoch 554 [3.5s]: train==[6428.10152=6417.24551 + 1.34926 + 0.00000 + 2.07700 + 7.42981]
Epoch 555 [3.5s]: train==[6413.04471=6402.07835 + 1.35136 + 0.00000 + 2.06722 + 7.54788]
Epoch 556 [3.4s]: train==[6305.98348=6295.07089 + 1.35386 + 0.00000 + 2.06751 + 7.49120]
Epoch 557 [3.4s]: train==[6562.19972=6551.29195 + 1.35723 + 0.00000 + 2.06490 + 7.48565]
Epoch 558 [3.5s]: train==[6466.70712=6455.80562 + 1.35797 + 0.00000 + 2.05229 + 7.49121]
drop_flag:  True ,	 mess_dropout:  [0.0, 0.0]
rate_batch  torch.Size([1162, 753])
gt_count  8427
candidate_count  874986
ideal candidate count  874986
Epoch 559 [3.4s + 5.9s]: train==[6357.40932=6346.53775 + 1.36174 + 0.00000 + 2.05182 + 7.45801]
 recall=[0.22513, 0.48128], precision=[0.30723, 0.17186],  ndcg=[0.33660, 0.21744], RMRR=[0.11003, 0.15360]
Epoch 560 [3.4s]: train==[6675.57759=6664.73203 + 1.36200 + 0.00000 + 2.04711 + 7.43648]
Epoch 561 [3.4s]: train==[6510.45979=6499.64861 + 1.36033 + 0.00000 + 2.04096 + 7.40989]
Epoch 562 [3.4s]: train==[6301.88649=6291.02267 + 1.36469 + 0.00000 + 2.03744 + 7.46168]
Epoch 563 [3.5s]: train==[6558.19853=6547.36287 + 1.36688 + 0.00000 + 2.02568 + 7.44307]
Epoch 564 [3.5s]: train==[6537.01899=6526.24054 + 1.36701 + 0.00000 + 2.01710 + 7.39429]
Epoch 565 [3.4s]: train==[6463.31952=6452.56953 + 1.36985 + 0.00000 + 2.01075 + 7.36941]
Epoch 566 [3.4s]: train==[6527.84141=6517.14151 + 1.37023 + 0.00000 + 2.00501 + 7.32471]
Epoch 567 [3.4s]: train==[6306.66694=6295.91464 + 1.37420 + 0.00000 + 2.00415 + 7.37397]
Epoch 568 [3.4s]: train==[6304.70026=6293.90311 + 1.37499 + 0.00000 + 1.99418 + 7.42792]
drop_flag:  True ,	 mess_dropout:  [0.0, 0.0]
rate_batch  torch.Size([1162, 753])
gt_count  8427
candidate_count  874986
ideal candidate count  874986
Epoch 569 [3.4s + 5.9s]: train==[6590.16658=6579.33119 + 1.37848 + 0.00000 + 1.99877 + 7.45817]
 recall=[0.21825, 0.47086], precision=[0.30086, 0.16807],  ndcg=[0.32834, 0.21223], RMRR=[0.10190, 0.14471]
Epoch 570 [3.4s]: train==[6661.15538=6650.42448 + 1.37917 + 0.00000 + 1.98389 + 7.36783]
Epoch 571 [3.5s]: train==[6280.87411=6270.06737 + 1.38138 + 0.00000 + 1.98458 + 7.44082]
Epoch 572 [3.5s]: train==[6631.34030=6620.54544 + 1.38318 + 0.00000 + 1.96955 + 7.44213]
Epoch 573 [3.5s]: train==[6277.82621=6267.12172 + 1.38613 + 0.00000 + 1.96128 + 7.35713]
Epoch 574 [3.4s]: train==[6766.28363=6755.57266 + 1.38603 + 0.00000 + 1.95782 + 7.36715]
Epoch 575 [3.4s]: train==[6325.40452=6314.67531 + 1.38798 + 0.00000 + 1.95794 + 7.38333]
Epoch 576 [3.4s]: train==[6348.04529=6337.30153 + 1.38946 + 0.00000 + 1.95050 + 7.40387]
Epoch 577 [3.4s]: train==[6550.52209=6539.83670 + 1.38989 + 0.00000 + 1.95241 + 7.34315]
Epoch 578 [3.4s]: train==[6554.15961=6543.49773 + 1.39407 + 0.00000 + 1.94787 + 7.32001]
drop_flag:  True ,	 mess_dropout:  [0.0, 0.0]
rate_batch  torch.Size([1162, 753])
gt_count  8427
candidate_count  874986
ideal candidate count  874986
Epoch 579 [3.4s + 5.9s]: train==[6731.76825=6721.12190 + 1.39488 + 0.00000 + 1.94113 + 7.31029]
 recall=[0.22073, 0.47518], precision=[0.30775, 0.17052],  ndcg=[0.33411, 0.21507], RMRR=[0.10658, 0.15079]
Epoch 580 [3.5s]: train==[6489.40592=6478.69887 + 1.39404 + 0.00000 + 1.93584 + 7.37709]
Epoch 581 [3.5s]: train==[6445.19423=6434.56772 + 1.39720 + 0.00000 + 1.92694 + 7.30241]
Epoch 582 [3.4s]: train==[6451.54532=6440.92546 + 1.39694 + 0.00000 + 1.92710 + 7.29581]
Epoch 583 [3.4s]: train==[6595.80447=6585.21468 + 1.39993 + 0.00000 + 1.91793 + 7.27189]
Epoch 584 [3.4s]: train==[6496.84508=6486.27975 + 1.40206 + 0.00000 + 1.91363 + 7.24958]
Epoch 585 [3.4s]: train==[6387.40105=6376.78488 + 1.40468 + 0.00000 + 1.91393 + 7.29762]
Epoch 586 [3.4s]: train==[6201.84483=6191.26465 + 1.40226 + 0.00000 + 1.90815 + 7.26975]
Epoch 587 [3.4s]: train==[6412.97921=6402.47263 + 1.40442 + 0.00000 + 1.89980 + 7.20239]
Epoch 588 [3.5s]: train==[6369.18861=6358.66826 + 1.40873 + 0.00000 + 1.90179 + 7.20982]
drop_flag:  True ,	 mess_dropout:  [0.0, 0.0]
rate_batch  torch.Size([1162, 753])
gt_count  8427
candidate_count  874986
ideal candidate count  874986
Epoch 589 [3.4s + 5.9s]: train==[6430.14604=6419.61200 + 1.40804 + 0.00000 + 1.89743 + 7.22850]
 recall=[0.21684, 0.47842], precision=[0.30189, 0.17169],  ndcg=[0.33198, 0.21660], RMRR=[0.10347, 0.14931]
Epoch 590 [3.5s]: train==[6500.25863=6489.72765 + 1.40901 + 0.00000 + 1.89088 + 7.23106]
Epoch 591 [3.5s]: train==[6438.29873=6427.85707 + 1.40919 + 0.00000 + 1.87841 + 7.15407]
Epoch 592 [3.4s]: train==[6414.90143=6404.45793 + 1.41170 + 0.00000 + 1.87789 + 7.15390]
Epoch 593 [3.4s]: train==[6524.85246=6514.38112 + 1.41426 + 0.00000 + 1.87634 + 7.18076]
Epoch 594 [3.4s]: train==[6409.43500=6399.02591 + 1.41438 + 0.00000 + 1.87118 + 7.12352]
Epoch 595 [3.4s]: train==[6308.22716=6297.79092 + 1.41787 + 0.00000 + 1.87440 + 7.14392]
Epoch 596 [3.4s]: train==[6263.23475=6252.82498 + 1.41594 + 0.00000 + 1.86608 + 7.12775]
Epoch 597 [3.4s]: train==[6409.56932=6399.06415 + 1.41914 + 0.00000 + 1.86562 + 7.22046]
Epoch 598 [3.5s]: train==[6322.91522=6312.40773 + 1.42375 + 0.00000 + 1.86131 + 7.22243]
drop_flag:  True ,	 mess_dropout:  [0.0, 0.0]
rate_batch  torch.Size([1162, 753])
gt_count  8427
candidate_count  874986
ideal candidate count  874986
Epoch 599 [3.5s + 5.9s]: train==[6452.84005=6442.41777 + 1.42463 + 0.00000 + 1.85270 + 7.14494]
 recall=[0.21478, 0.48623], precision=[0.29862, 0.17268],  ndcg=[0.32691, 0.21620], RMRR=[0.10113, 0.14719]
Epoch 600 [3.4s]: train==[6514.70058=6504.27480 + 1.42522 + 0.00000 + 1.84385 + 7.15676]
Epoch 601 [3.4s]: train==[6380.61195=6370.19067 + 1.42855 + 0.00000 + 1.84078 + 7.15197]
Epoch 602 [3.4s]: train==[6478.39304=6467.86214 + 1.42923 + 0.00000 + 1.84744 + 7.25425]
Epoch 603 [3.4s]: train==[6334.82566=6324.39569 + 1.43211 + 0.00000 + 1.83718 + 7.16076]
Epoch 604 [3.4s]: train==[6459.97942=6449.56216 + 1.43359 + 0.00000 + 1.82557 + 7.15806]
Epoch 605 [3.4s]: train==[6409.89458=6399.53334 + 1.43317 + 0.00000 + 1.82634 + 7.10170]
Epoch 606 [3.4s]: train==[6425.21941=6414.83675 + 1.43342 + 0.00000 + 1.82557 + 7.12370]
Epoch 607 [3.4s]: train==[6443.19605=6432.89479 + 1.43506 + 0.00000 + 1.81567 + 7.05059]
Epoch 608 [3.5s]: train==[6455.45078=6445.08949 + 1.43593 + 0.00000 + 1.81733 + 7.10804]
drop_flag:  True ,	 mess_dropout:  [0.0, 0.0]
rate_batch  torch.Size([1162, 753])
gt_count  8427
candidate_count  874986
ideal candidate count  874986
Epoch 609 [3.4s + 5.8s]: train==[6459.30002=6448.87685 + 1.43761 + 0.00000 + 1.80631 + 7.17922]
 recall=[0.22142, 0.48479], precision=[0.30740, 0.17332],  ndcg=[0.33474, 0.21806], RMRR=[0.10435, 0.15022]
Epoch 610 [3.4s]: train==[6554.70341=6544.40140 + 1.44119 + 0.00000 + 1.80049 + 7.06033]
Epoch 611 [3.4s]: train==[6493.39998=6483.10892 + 1.44054 + 0.00000 + 1.79816 + 7.05236]
Epoch 612 [3.4s]: train==[6432.24491=6421.88986 + 1.44463 + 0.00000 + 1.80172 + 7.10862]
Epoch 613 [3.4s]: train==[6431.34237=6420.99037 + 1.44458 + 0.00000 + 1.79600 + 7.11143]
Epoch 614 [3.4s]: train==[6527.39071=6517.02814 + 1.44653 + 0.00000 + 1.79041 + 7.12563]
Epoch 615 [3.4s]: train==[6403.22840=6392.94833 + 1.44625 + 0.00000 + 1.78543 + 7.04834]
Epoch 616 [3.5s]: train==[6310.15426=6299.83107 + 1.45189 + 0.00000 + 1.78245 + 7.08887]
Epoch 617 [3.5s]: train==[6357.47382=6347.14333 + 1.45141 + 0.00000 + 1.78068 + 7.09839]
Epoch 618 [3.4s]: train==[6369.40841=6359.12210 + 1.45223 + 0.00000 + 1.77453 + 7.05954]
drop_flag:  True ,	 mess_dropout:  [0.0, 0.0]
rate_batch  torch.Size([1162, 753])
gt_count  8427
candidate_count  874986
ideal candidate count  874986
Epoch 619 [3.4s + 5.8s]: train==[6407.48215=6397.15082 + 1.45369 + 0.00000 + 1.77284 + 7.10479]
 recall=[0.22126, 0.48442], precision=[0.30448, 0.17160],  ndcg=[0.33031, 0.21518], RMRR=[0.10283, 0.14726]
Epoch 620 [3.4s]: train==[6381.37401=6371.01642 + 1.45348 + 0.00000 + 1.76906 + 7.13503]
Epoch 621 [3.4s]: train==[6540.22066=6529.91121 + 1.45517 + 0.00000 + 1.76510 + 7.08915]
Epoch 622 [3.4s]: train==[6464.16813=6453.87842 + 1.45800 + 0.00000 + 1.76072 + 7.07096]
Epoch 623 [3.4s]: train==[6328.81515=6318.50436 + 1.45641 + 0.00000 + 1.75698 + 7.09734]
Epoch 624 [3.4s]: train==[6088.92663=6078.65794 + 1.45927 + 0.00000 + 1.74866 + 7.06081]
Epoch 625 [3.5s]: train==[6413.69566=6403.45314 + 1.46118 + 0.00000 + 1.74613 + 7.03524]
Epoch 626 [3.4s]: train==[6440.40523=6430.22902 + 1.46221 + 0.00000 + 1.74142 + 6.97256]
Epoch 627 [3.4s]: train==[6365.44250=6355.19885 + 1.46545 + 0.00000 + 1.74188 + 7.03633]
Epoch 628 [3.4s]: train==[6424.80352=6414.55566 + 1.46474 + 0.00000 + 1.73811 + 7.04499]
drop_flag:  True ,	 mess_dropout:  [0.0, 0.0]
rate_batch  torch.Size([1162, 753])
gt_count  8427
candidate_count  874986
ideal candidate count  874986
Epoch 629 [3.4s + 5.9s]: train==[6286.93865=6276.73317 + 1.46710 + 0.00000 + 1.73915 + 6.99925]
 recall=[0.22082, 0.48493], precision=[0.30413, 0.17341],  ndcg=[0.33402, 0.21832], RMRR=[0.10696, 0.15273]
Epoch 630 [3.4s]: train==[6260.92454=6250.67523 + 1.46861 + 0.00000 + 1.73567 + 7.04504]
Epoch 631 [3.4s]: train==[6491.31550=6481.08813 + 1.47301 + 0.00000 + 1.73050 + 7.02387]
Epoch 632 [3.5s]: train==[6556.48933=6546.29596 + 1.47136 + 0.00000 + 1.72656 + 6.99546]
Epoch 633 [3.5s]: train==[6424.88076=6414.68420 + 1.47509 + 0.00000 + 1.72381 + 6.99764]
Epoch 634 [3.4s]: train==[6281.83270=6271.51540 + 1.47887 + 0.00000 + 1.72268 + 7.11573]
Epoch 635 [3.5s]: train==[6247.48305=6237.15909 + 1.48087 + 0.00000 + 1.72006 + 7.12310]
Epoch 636 [3.5s]: train==[6417.44388=6407.17006 + 1.48166 + 0.00000 + 1.72065 + 7.07146]
Epoch 637 [3.5s]: train==[6522.40036=6512.16379 + 1.48182 + 0.00000 + 1.71213 + 7.04262]
Epoch 638 [3.4s]: train==[6425.96361=6415.73381 + 1.48363 + 0.00000 + 1.71095 + 7.03528]
drop_flag:  True ,	 mess_dropout:  [0.0, 0.0]
rate_batch  torch.Size([1162, 753])
gt_count  8427
candidate_count  874986
ideal candidate count  874986
Epoch 639 [3.4s + 5.9s]: train==[6323.40276=6313.12383 + 1.48765 + 0.00000 + 1.70669 + 7.08458]
 recall=[0.22156, 0.47735], precision=[0.30155, 0.17040],  ndcg=[0.33108, 0.21540], RMRR=[0.10555, 0.15119]
Epoch 640 [3.4s]: train==[6168.28018=6158.04816 + 1.48766 + 0.00000 + 1.70517 + 7.03921]
Epoch 641 [3.4s]: train==[6361.82747=6351.60785 + 1.48957 + 0.00000 + 1.69724 + 7.03275]
Epoch 642 [3.4s]: train==[6416.26288=6406.03992 + 1.49119 + 0.00000 + 1.69832 + 7.03340]
Epoch 643 [3.5s]: train==[6335.64415=6325.40089 + 1.49173 + 0.00000 + 1.69262 + 7.05886]
Epoch 644 [3.5s]: train==[6297.09943=6286.98186 + 1.49238 + 0.00000 + 1.68953 + 6.93569]
Epoch 645 [3.5s]: train==[6386.38516=6376.22710 + 1.49503 + 0.00000 + 1.69165 + 6.97137]
Epoch 646 [3.4s]: train==[6279.74851=6269.61227 + 1.49723 + 0.00000 + 1.68288 + 6.95616]
Epoch 647 [3.4s]: train==[6406.36140=6396.26778 + 1.49907 + 0.00000 + 1.67278 + 6.92174]
Epoch 648 [3.4s]: train==[6423.22444=6413.05211 + 1.50130 + 0.00000 + 1.67657 + 6.99454]
drop_flag:  True ,	 mess_dropout:  [0.0, 0.0]
rate_batch  torch.Size([1162, 753])
gt_count  8427
candidate_count  874986
ideal candidate count  874986
Epoch 649 [3.4s + 5.9s]: train==[6428.57633=6418.43205 + 1.50291 + 0.00000 + 1.67038 + 6.97101]
 recall=[0.22426, 0.49041], precision=[0.30895, 0.17457],  ndcg=[0.33753, 0.21972], RMRR=[0.10693, 0.15271]
Epoch 650 [3.4s]: train==[6289.37359=6279.24416 + 1.50145 + 0.00000 + 1.66689 + 6.96110]
Epoch 651 [3.5s]: train==[6441.71781=6431.56197 + 1.50657 + 0.00000 + 1.66785 + 6.98142]
Epoch 652 [3.5s]: train==[6320.80854=6310.65727 + 1.50707 + 0.00000 + 1.66491 + 6.97928]
Epoch 653 [3.4s]: train==[6548.81646=6538.68068 + 1.50762 + 0.00000 + 1.65939 + 6.96874]
Epoch 654 [3.4s]: train==[6456.13603=6446.05688 + 1.51044 + 0.00000 + 1.65654 + 6.91217]
Epoch 655 [3.5s]: train==[6261.65695=6251.51711 + 1.50971 + 0.00000 + 1.65265 + 6.97741]
Epoch 656 [3.4s]: train==[6421.11606=6410.99225 + 1.51432 + 0.00000 + 1.65031 + 6.95916]
Epoch 657 [3.4s]: train==[6261.28985=6251.12032 + 1.51462 + 0.00000 + 1.65013 + 7.00480]
Epoch 658 [3.4s]: train==[6290.55170=6280.40715 + 1.51488 + 0.00000 + 1.64407 + 6.98556]
drop_flag:  True ,	 mess_dropout:  [0.0, 0.0]
rate_batch  torch.Size([1162, 753])
gt_count  8427
candidate_count  874986
ideal candidate count  874986
Epoch 659 [3.4s + 5.9s]: train==[6298.72853=6288.59724 + 1.51688 + 0.00000 + 1.64224 + 6.97216]
 recall=[0.22636, 0.48070], precision=[0.30757, 0.17117],  ndcg=[0.33523, 0.21640], RMRR=[0.10824, 0.15366]
Epoch 660 [3.5s]: train==[6196.66347=6186.56592 + 1.52022 + 0.00000 + 1.63642 + 6.94087]
Epoch 661 [3.4s]: train==[6362.82380=6352.76736 + 1.52017 + 0.00000 + 1.63394 + 6.90236]
Epoch 662 [3.4s]: train==[6199.79459=6189.74257 + 1.52255 + 0.00000 + 1.63317 + 6.89630]
Epoch 663 [3.4s]: train==[6276.48663=6266.40236 + 1.52138 + 0.00000 + 1.63188 + 6.93103]
Epoch 664 [3.4s]: train==[6530.98095=6520.92946 + 1.52401 + 0.00000 + 1.62872 + 6.89871]
Epoch 665 [3.4s]: train==[6146.20543=6136.12071 + 1.52550 + 0.00000 + 1.62758 + 6.93168]
Epoch 666 [3.4s]: train==[6519.94404=6509.86905 + 1.53174 + 0.00000 + 1.62228 + 6.92098]
Epoch 667 [3.4s]: train==[6346.89365=6336.84947 + 1.52873 + 0.00000 + 1.62685 + 6.88863]
Epoch 668 [3.4s]: train==[6143.94026=6133.84290 + 1.53132 + 0.00000 + 1.62240 + 6.94363]
drop_flag:  True ,	 mess_dropout:  [0.0, 0.0]
rate_batch  torch.Size([1162, 753])
gt_count  8427
candidate_count  874986
ideal candidate count  874986
Epoch 669 [3.4s + 5.9s]: train==[6574.46608=6564.44275 + 1.53294 + 0.00000 + 1.61915 + 6.87122]
 recall=[0.21687, 0.48182], precision=[0.30241, 0.17233],  ndcg=[0.33241, 0.21738], RMRR=[0.10564, 0.15211]
Epoch 670 [3.4s]: train==[6310.98016=6300.85814 + 1.53478 + 0.00000 + 1.62042 + 6.96681]
Epoch 671 [3.4s]: train==[6541.99697=6531.94258 + 1.53389 + 0.00000 + 1.61420 + 6.90630]
Epoch 672 [3.4s]: train==[6182.07101=6172.03404 + 1.53545 + 0.00000 + 1.61328 + 6.88832]
Epoch 673 [3.4s]: train==[6491.62755=6481.60045 + 1.53795 + 0.00000 + 1.60800 + 6.88115]
Epoch 674 [3.4s]: train==[6220.09695=6210.03389 + 1.54197 + 0.00000 + 1.61010 + 6.91102]
Epoch 675 [3.5s]: train==[6257.93509=6247.96918 + 1.54181 + 0.00000 + 1.60184 + 6.82228]
Epoch 676 [3.4s]: train==[6259.70769=6249.71378 + 1.54344 + 0.00000 + 1.59782 + 6.85267]
Epoch 677 [3.4s]: train==[6323.64145=6313.64859 + 1.54303 + 0.00000 + 1.59794 + 6.85188]
Epoch 678 [3.5s]: train==[6105.12285=6095.10135 + 1.54401 + 0.00000 + 1.59903 + 6.87843]
drop_flag:  True ,	 mess_dropout:  [0.0, 0.0]
rate_batch  torch.Size([1162, 753])
gt_count  8427
candidate_count  874986
ideal candidate count  874986
Epoch 679 [3.5s + 5.9s]: train==[6394.20890=6384.22644 + 1.54780 + 0.00000 + 1.59673 + 6.83795]
 recall=[0.22712, 0.49089], precision=[0.30981, 0.17560],  ndcg=[0.33980, 0.22153], RMRR=[0.11125, 0.15703]
Epoch 680 [3.4s]: train==[6285.59488=6275.65361 + 1.54844 + 0.00000 + 1.59352 + 6.79937]
Epoch 681 [3.4s]: train==[6327.07553=6317.10721 + 1.55150 + 0.00000 + 1.59066 + 6.82618]
Epoch 682 [3.4s]: train==[6129.17295=6119.16357 + 1.55130 + 0.00000 + 1.58620 + 6.87186]
Epoch 683 [3.4s]: train==[6457.62664=6447.64569 + 1.55077 + 0.00000 + 1.58947 + 6.84070]
Epoch 684 [3.4s]: train==[6529.39043=6519.40630 + 1.55181 + 0.00000 + 1.58678 + 6.84549]
Epoch 685 [3.4s]: train==[6391.87069=6381.88300 + 1.54934 + 0.00000 + 1.58546 + 6.85293]
Epoch 686 [3.5s]: train==[6451.89744=6441.87231 + 1.55369 + 0.00000 + 1.58558 + 6.88589]
Epoch 687 [3.5s]: train==[6249.06244=6239.03680 + 1.55162 + 0.00000 + 1.58215 + 6.89185]
Epoch 688 [3.4s]: train==[6347.39600=6337.45187 + 1.55163 + 0.00000 + 1.57707 + 6.81543]
drop_flag:  True ,	 mess_dropout:  [0.0, 0.0]
rate_batch  torch.Size([1162, 753])
gt_count  8427
candidate_count  874986
ideal candidate count  874986
Epoch 689 [3.4s + 5.9s]: train==[6438.45934=6428.55493 + 1.55334 + 0.00000 + 1.57524 + 6.77583]
 recall=[0.22817, 0.48651], precision=[0.31170, 0.17435],  ndcg=[0.33775, 0.21895], RMRR=[0.11087, 0.15529]
Epoch 690 [3.4s]: train==[6340.98995=6331.04703 + 1.55399 + 0.00000 + 1.57363 + 6.81529]
Epoch 691 [3.4s]: train==[6300.97934=6290.97501 + 1.55810 + 0.00000 + 1.57000 + 6.87629]
Epoch 692 [3.4s]: train==[6242.35933=6232.43645 + 1.56126 + 0.00000 + 1.56851 + 6.79314]
Epoch 693 [3.4s]: train==[6551.64488=6541.74269 + 1.56130 + 0.00000 + 1.56507 + 6.77578]
Epoch 694 [3.4s]: train==[6170.82569=6160.82816 + 1.56255 + 0.00000 + 1.56100 + 6.87401]
Epoch 695 [3.4s]: train==[6346.17369=6336.19495 + 1.56470 + 0.00000 + 1.55880 + 6.85527]
Epoch 696 [3.5s]: train==[6258.79582=6248.75690 + 1.56477 + 0.00000 + 1.56183 + 6.91232]
Epoch 697 [3.5s]: train==[6347.62668=6337.63692 + 1.56697 + 0.00000 + 1.55526 + 6.86754]
Epoch 698 [3.4s]: train==[6354.57384=6344.69318 + 1.57014 + 0.00000 + 1.55640 + 6.75416]
drop_flag:  True ,	 mess_dropout:  [0.0, 0.0]
rate_batch  torch.Size([1162, 753])
gt_count  8427
candidate_count  874986
ideal candidate count  874986
Epoch 699 [3.4s + 5.9s]: train==[6251.78861=6241.83267 + 1.57431 + 0.00000 + 1.55587 + 6.82579]
 recall=[0.22711, 0.49037], precision=[0.30671, 0.17616],  ndcg=[0.33618, 0.22089], RMRR=[0.10663, 0.15253]
Epoch 700 [3.4s]: train==[6113.39164=6103.43970 + 1.57360 + 0.00000 + 1.55536 + 6.82302]
Epoch 701 [3.4s]: train==[6428.22405=6418.26324 + 1.57045 + 0.00000 + 1.55019 + 6.84020]
Epoch 702 [3.5s]: train==[6252.17977=6242.26370 + 1.57458 + 0.00000 + 1.54549 + 6.79598]
Epoch 703 [3.4s]: train==[6223.85230=6213.99687 + 1.57375 + 0.00000 + 1.54114 + 6.74057]
Epoch 704 [3.5s]: train==[6267.36147=6257.48737 + 1.57938 + 0.00000 + 1.54287 + 6.75186]
Epoch 705 [3.5s]: train==[6427.43672=6417.58136 + 1.57624 + 0.00000 + 1.53831 + 6.74089]
Epoch 706 [3.4s]: train==[6238.12595=6228.23476 + 1.57784 + 0.00000 + 1.53843 + 6.77491]
Epoch 707 [3.4s]: train==[6522.54516=6512.61546 + 1.58307 + 0.00000 + 1.53221 + 6.81444]
Epoch 708 [3.4s]: train==[6356.74318=6346.85361 + 1.58420 + 0.00000 + 1.53093 + 6.77440]
drop_flag:  True ,	 mess_dropout:  [0.0, 0.0]
rate_batch  torch.Size([1162, 753])
gt_count  8427
candidate_count  874986
ideal candidate count  874986
Epoch 709 [3.4s + 5.9s]: train==[6371.21829=6361.39975 + 1.58252 + 0.00000 + 1.52555 + 6.71051]
 recall=[0.21680, 0.47604], precision=[0.29966, 0.17117],  ndcg=[0.32617, 0.21406], RMRR=[0.10256, 0.14703]
Epoch 710 [3.4s]: train==[6389.80725=6379.91809 + 1.58497 + 0.00000 + 1.52848 + 6.77569]
Epoch 711 [3.4s]: train==[6075.97467=6066.04015 + 1.58607 + 0.00000 + 1.52694 + 6.82148]
Epoch 712 [3.4s]: train==[6332.08748=6322.19734 + 1.58868 + 0.00000 + 1.52551 + 6.77598]
Epoch 713 [3.5s]: train==[6288.88412=6279.03024 + 1.59187 + 0.00000 + 1.52009 + 6.74194]
Epoch 714 [3.4s]: train==[6468.75843=6458.92053 + 1.58977 + 0.00000 + 1.51902 + 6.72905]
Epoch 715 [3.4s]: train==[6471.23361=6461.39847 + 1.59143 + 0.00000 + 1.51715 + 6.72656]
Epoch 716 [3.4s]: train==[6265.93214=6256.09593 + 1.59353 + 0.00000 + 1.51584 + 6.72688]
Epoch 717 [3.4s]: train==[6330.49961=6320.66830 + 1.59006 + 0.00000 + 1.51119 + 6.73005]
Epoch 718 [3.4s]: train==[6276.54450=6266.70438 + 1.59356 + 0.00000 + 1.51114 + 6.73547]
drop_flag:  True ,	 mess_dropout:  [0.0, 0.0]
rate_batch  torch.Size([1162, 753])
gt_count  8427
candidate_count  874986
ideal candidate count  874986
Epoch 719 [3.4s + 5.9s]: train==[6348.11616=6338.30522 + 1.59257 + 0.00000 + 1.50737 + 6.71098]
 recall=[0.22657, 0.48581], precision=[0.30912, 0.17358],  ndcg=[0.33864, 0.21899], RMRR=[0.11127, 0.15725]
Epoch 720 [3.4s]: train==[6343.27599=6333.45625 + 1.59675 + 0.00000 + 1.50674 + 6.71630]
Epoch 721 [3.5s]: train==[6280.29710=6270.50491 + 1.59618 + 0.00000 + 1.50217 + 6.69390]
Epoch 722 [3.5s]: train==[6312.37769=6302.59732 + 1.59877 + 0.00000 + 1.50333 + 6.67825]
Epoch 723 [3.4s]: train==[6400.98865=6391.17310 + 1.59785 + 0.00000 + 1.49906 + 6.71867]
Epoch 724 [3.4s]: train==[6400.50449=6390.65854 + 1.59772 + 0.00000 + 1.50088 + 6.74735]
Epoch 725 [3.4s]: train==[6360.08454=6350.23595 + 1.60028 + 0.00000 + 1.50053 + 6.74778]
Epoch 726 [3.4s]: train==[6178.11893=6168.29872 + 1.60187 + 0.00000 + 1.49880 + 6.71956]
Epoch 727 [3.4s]: train==[6155.77508=6145.91539 + 1.60511 + 0.00000 + 1.49822 + 6.75638]
Epoch 728 [3.4s]: train==[6401.63342=6391.88776 + 1.60415 + 0.00000 + 1.49215 + 6.64938]
drop_flag:  True ,	 mess_dropout:  [0.0, 0.0]
rate_batch  torch.Size([1162, 753])
gt_count  8427
candidate_count  874986
ideal candidate count  874986
Epoch 729 [3.4s + 5.9s]: train==[6429.54570=6419.72147 + 1.60502 + 0.00000 + 1.48857 + 6.73062]
 recall=[0.22509, 0.48703], precision=[0.30843, 0.17414],  ndcg=[0.33659, 0.21930], RMRR=[0.10741, 0.15310]
Epoch 730 [3.5s]: train==[6258.08823=6248.38148 + 1.60459 + 0.00000 + 1.48127 + 6.62090]
Epoch 731 [3.4s]: train==[6264.77785=6255.06544 + 1.60901 + 0.00000 + 1.48263 + 6.62075]
Epoch 732 [3.4s]: train==[6238.65641=6228.87785 + 1.61123 + 0.00000 + 1.48216 + 6.68511]
Epoch 733 [3.4s]: train==[6395.36402=6385.56522 + 1.60761 + 0.00000 + 1.47916 + 6.71196]
Epoch 734 [3.4s]: train==[6339.18868=6329.45168 + 1.60918 + 0.00000 + 1.47614 + 6.65165]
Epoch 735 [3.4s]: train==[6408.07546=6398.32533 + 1.60917 + 0.00000 + 1.47479 + 6.66618]
Epoch 736 [3.4s]: train==[6532.27955=6522.51643 + 1.61112 + 0.00000 + 1.47794 + 6.67408]
Epoch 737 [3.4s]: train==[6151.51491=6141.66826 + 1.61276 + 0.00000 + 1.47216 + 6.76168]
Epoch 738 [3.4s]: train==[6191.09173=6181.26459 + 1.61337 + 0.00000 + 1.47143 + 6.74236]
drop_flag:  True ,	 mess_dropout:  [0.0, 0.0]
rate_batch  torch.Size([1162, 753])
gt_count  8427
candidate_count  874986
ideal candidate count  874986
Epoch 739 [3.4s + 5.9s]: train==[6266.60172=6256.75676 + 1.61250 + 0.00000 + 1.46783 + 6.76469]
 recall=[0.22939, 0.48644], precision=[0.31480, 0.17504],  ndcg=[0.34369, 0.22153], RMRR=[0.10871, 0.15356]
Epoch 740 [3.4s]: train==[6293.04351=6283.28206 + 1.61607 + 0.00000 + 1.46429 + 6.68115]
Epoch 741 [3.4s]: train==[6383.87458=6374.16188 + 1.61618 + 0.00000 + 1.46286 + 6.63368]
Epoch 742 [3.4s]: train==[6261.72553=6251.92445 + 1.61667 + 0.00000 + 1.47163 + 6.71282]
Epoch 743 [3.4s]: train==[6243.27456=6233.55411 + 1.61854 + 0.00000 + 1.46352 + 6.63832]
Epoch 744 [3.4s]: train==[6372.07690=6362.27829 + 1.62202 + 0.00000 + 1.46368 + 6.71291]
Epoch 745 [3.4s]: train==[6167.44691=6157.59689 + 1.62127 + 0.00000 + 1.46434 + 6.76441]
Epoch 746 [3.4s]: train==[6256.88453=6247.11632 + 1.62311 + 0.00000 + 1.45818 + 6.68693]
Epoch 747 [3.4s]: train==[6106.42945=6096.62527 + 1.62650 + 0.00000 + 1.45301 + 6.72465]
Epoch 748 [3.5s]: train==[6288.47229=6278.74487 + 1.62742 + 0.00000 + 1.45472 + 6.64524]
drop_flag:  True ,	 mess_dropout:  [0.0, 0.0]
rate_batch  torch.Size([1162, 753])
gt_count  8427
candidate_count  874986
ideal candidate count  874986
Epoch 749 [3.5s + 5.9s]: train==[6158.80500=6149.12502 + 1.62837 + 0.00000 + 1.45264 + 6.59894]
 recall=[0.23105, 0.48879], precision=[0.31790, 0.17478],  ndcg=[0.34595, 0.22190], RMRR=[0.11283, 0.15741]
Epoch 750 [3.4s]: train==[6302.67577=6292.97420 + 1.62805 + 0.00000 + 1.45006 + 6.62342]
Epoch 751 [3.4s]: train==[6494.01511=6484.21869 + 1.62833 + 0.00000 + 1.44935 + 6.71868]
Epoch 752 [3.4s]: train==[6128.70963=6118.96164 + 1.63061 + 0.00000 + 1.44544 + 6.67193]
Epoch 753 [3.4s]: train==[6217.55233=6207.78424 + 1.63142 + 0.00000 + 1.44579 + 6.69084]
Epoch 754 [3.4s]: train==[6284.19794=6274.52002 + 1.63345 + 0.00000 + 1.44033 + 6.60415]
Epoch 755 [3.4s]: train==[6303.26944=6293.61244 + 1.63312 + 0.00000 + 1.43681 + 6.58707]
Epoch 756 [3.4s]: train==[6105.79087=6096.10471 + 1.63460 + 0.00000 + 1.43772 + 6.61388]
Epoch 757 [3.5s]: train==[6382.91147=6373.27278 + 1.63848 + 0.00000 + 1.43591 + 6.56431]
Epoch 758 [3.4s]: train==[6278.75525=6269.06635 + 1.63673 + 0.00000 + 1.43467 + 6.61755]
drop_flag:  True ,	 mess_dropout:  [0.0, 0.0]
rate_batch  torch.Size([1162, 753])
gt_count  8427
candidate_count  874986
ideal candidate count  874986
Epoch 759 [3.4s + 5.9s]: train==[6351.74823=6342.03494 + 1.63642 + 0.00000 + 1.43349 + 6.64338]
 recall=[0.22197, 0.49427], precision=[0.30688, 0.17638],  ndcg=[0.33702, 0.22141], RMRR=[0.10699, 0.15396]
Epoch 760 [3.4s]: train==[6181.86692=6172.17766 + 1.63801 + 0.00000 + 1.42856 + 6.62265]
Epoch 761 [3.4s]: train==[6070.91368=6061.24759 + 1.63935 + 0.00000 + 1.42933 + 6.59746]
Epoch 762 [3.4s]: train==[6601.01872=6591.32335 + 1.64093 + 0.00000 + 1.43046 + 6.62394]
Epoch 763 [3.4s]: train==[6244.45420=6234.85399 + 1.64349 + 0.00000 + 1.42703 + 6.52975]
Epoch 764 [3.4s]: train==[6522.93188=6513.31577 + 1.64190 + 0.00000 + 1.42147 + 6.55272]
Epoch 765 [3.4s]: train==[6132.36270=6122.60306 + 1.64113 + 0.00000 + 1.42883 + 6.68965]
Epoch 766 [3.5s]: train==[6323.48263=6313.73473 + 1.64099 + 0.00000 + 1.42844 + 6.67850]
Epoch 767 [3.4s]: train==[6087.08485=6077.33572 + 1.64474 + 0.00000 + 1.42487 + 6.67951]
Epoch 768 [3.4s]: train==[6208.89436=6199.15112 + 1.64572 + 0.00000 + 1.42028 + 6.67726]
drop_flag:  True ,	 mess_dropout:  [0.0, 0.0]
rate_batch  torch.Size([1162, 753])
gt_count  8427
candidate_count  874986
ideal candidate count  874986
Epoch 769 [3.4s + 5.9s]: train==[6306.97683=6297.19768 + 1.64986 + 0.00000 + 1.42213 + 6.70714]
 recall=[0.22773, 0.49270], precision=[0.31566, 0.17573],  ndcg=[0.34319, 0.22174], RMRR=[0.11115, 0.15681]
Epoch 770 [3.4s]: train==[6157.91959=6148.21814 + 1.65193 + 0.00000 + 1.41558 + 6.63393]
Epoch 771 [3.4s]: train==[6190.16574=6180.38600 + 1.65134 + 0.00000 + 1.41583 + 6.71249]
Epoch 772 [3.4s]: train==[6075.57921=6065.89224 + 1.64978 + 0.00000 + 1.41179 + 6.62542]
Epoch 773 [3.4s]: train==[6254.58843=6244.86237 + 1.65365 + 0.00000 + 1.40969 + 6.66281]
Epoch 774 [3.5s]: train==[6222.96857=6213.24460 + 1.65393 + 0.00000 + 1.41116 + 6.65885]
Epoch 775 [3.5s]: train==[6359.64633=6349.90746 + 1.65536 + 0.00000 + 1.41638 + 6.66714]
Epoch 776 [3.4s]: train==[6402.05427=6392.35709 + 1.65575 + 0.00000 + 1.40634 + 6.63510]
Epoch 777 [3.4s]: train==[6221.54703=6211.88275 + 1.66053 + 0.00000 + 1.40376 + 6.59998]
Epoch 778 [3.4s]: train==[6377.43299=6367.72585 + 1.65984 + 0.00000 + 1.40755 + 6.63984]
drop_flag:  True ,	 mess_dropout:  [0.0, 0.0]
rate_batch  torch.Size([1162, 753])
gt_count  8427
candidate_count  874986
ideal candidate count  874986
Epoch 779 [3.4s + 5.8s]: train==[6264.19571=6254.51036 + 1.65798 + 0.00000 + 1.40167 + 6.62569]
 recall=[0.22961, 0.49252], precision=[0.31687, 0.17638],  ndcg=[0.34626, 0.22334], RMRR=[0.11066, 0.15622]
Epoch 780 [3.4s]: train==[6469.61652=6459.87810 + 1.66088 + 0.00000 + 1.40237 + 6.67524]
Epoch 781 [3.4s]: train==[6414.50815=6404.81259 + 1.66346 + 0.00000 + 1.40214 + 6.62997]
Epoch 782 [3.5s]: train==[6286.89165=6277.16733 + 1.66266 + 0.00000 + 1.40237 + 6.65927]
Epoch 783 [3.5s]: train==[6228.36809=6218.72064 + 1.66399 + 0.00000 + 1.39583 + 6.58770]
Epoch 784 [3.4s]: train==[6417.80398=6408.11194 + 1.66470 + 0.00000 + 1.40258 + 6.62479]
Epoch 785 [3.4s]: train==[6051.39230=6041.67937 + 1.66426 + 0.00000 + 1.40277 + 6.64590]
Epoch 786 [3.4s]: train==[6382.17951=6372.60033 + 1.66509 + 0.00000 + 1.39173 + 6.52238]
Epoch 787 [3.4s]: train==[6256.50618=6246.87872 + 1.66553 + 0.00000 + 1.39207 + 6.56983]
Epoch 788 [3.4s]: train==[6182.39483=6172.79587 + 1.66610 + 0.00000 + 1.39235 + 6.54048]
drop_flag:  True ,	 mess_dropout:  [0.0, 0.0]
rate_batch  torch.Size([1162, 753])
gt_count  8427
candidate_count  874986
ideal candidate count  874986
Epoch 789 [3.4s + 5.8s]: train==[6188.62767=6178.97101 + 1.66779 + 0.00000 + 1.39199 + 6.59690]
 recall=[0.22623, 0.49206], precision=[0.31515, 0.17651],  ndcg=[0.34334, 0.22255], RMRR=[0.11030, 0.15623]
Epoch 790 [3.4s]: train==[6359.92957=6350.28337 + 1.66982 + 0.00000 + 1.38706 + 6.58930]
Epoch 791 [3.4s]: train==[6356.84609=6347.19206 + 1.67029 + 0.00000 + 1.38519 + 6.59858]
Epoch 792 [3.4s]: train==[6291.58876=6282.03429 + 1.67116 + 0.00000 + 1.38046 + 6.50284]
Epoch 793 [3.5s]: train==[6191.74063=6182.14575 + 1.67213 + 0.00000 + 1.38415 + 6.53861]
Epoch 794 [3.4s]: train==[6173.36609=6163.79999 + 1.67440 + 0.00000 + 1.37940 + 6.51227]
Epoch 795 [3.4s]: train==[6260.19816=6250.55594 + 1.67400 + 0.00000 + 1.38194 + 6.58628]
Epoch 796 [3.4s]: train==[6394.44654=6384.78378 + 1.67496 + 0.00000 + 1.38266 + 6.60514]
Epoch 797 [3.4s]: train==[6070.90835=6061.27243 + 1.67828 + 0.00000 + 1.37810 + 6.57956]
Epoch 798 [3.4s]: train==[6170.61195=6160.94009 + 1.67966 + 0.00000 + 1.37960 + 6.61255]
drop_flag:  True ,	 mess_dropout:  [0.0, 0.0]
rate_batch  torch.Size([1162, 753])
gt_count  8427
candidate_count  874986
ideal candidate count  874986
Epoch 799 [3.4s + 5.9s]: train==[6088.01166=6078.33221 + 1.68052 + 0.00000 + 1.37366 + 6.62530]
 recall=[0.22866, 0.49573], precision=[0.31549, 0.17771],  ndcg=[0.34282, 0.22304], RMRR=[0.10934, 0.15521]
Epoch 800 [3.4s]: train==[6506.03249=6496.39270 + 1.68082 + 0.00000 + 1.37121 + 6.58779]
Epoch 801 [3.4s]: train==[6195.99276=6186.37901 + 1.67726 + 0.00000 + 1.36933 + 6.56715]
Epoch 802 [3.5s]: train==[6331.90600=6322.21313 + 1.68120 + 0.00000 + 1.37720 + 6.63457]
Epoch 803 [3.4s]: train==[6463.77864=6454.12602 + 1.68152 + 0.00000 + 1.36727 + 6.60380]
Epoch 804 [3.4s]: train==[6056.39609=6046.70424 + 1.68172 + 0.00000 + 1.36753 + 6.64257]
Epoch 805 [3.4s]: train==[6193.67364=6184.08638 + 1.68476 + 0.00000 + 1.36071 + 6.54181]
Epoch 806 [3.4s]: train==[6266.47112=6256.85977 + 1.68410 + 0.00000 + 1.36315 + 6.56414]
Epoch 807 [3.4s]: train==[6438.43320=6428.85063 + 1.68298 + 0.00000 + 1.35735 + 6.54227]
Epoch 808 [3.4s]: train==[6484.39264=6474.85542 + 1.67911 + 0.00000 + 1.35308 + 6.50506]
drop_flag:  True ,	 mess_dropout:  [0.0, 0.0]
rate_batch  torch.Size([1162, 753])
gt_count  8427
candidate_count  874986
ideal candidate count  874986
Epoch 809 [3.4s + 5.9s]: train==[6408.76949=6399.17419 + 1.68409 + 0.00000 + 1.35421 + 6.55688]
 recall=[0.22938, 0.49800], precision=[0.31515, 0.17750],  ndcg=[0.34517, 0.22382], RMRR=[0.10848, 0.15612]
Epoch 810 [3.6s]: train==[6149.75260=6140.17635 + 1.68967 + 0.00000 + 1.35518 + 6.53140]
Epoch 811 [3.4s]: train==[6264.17081=6254.57266 + 1.69145 + 0.00000 + 1.35322 + 6.55347]
Epoch 812 [3.4s]: train==[6251.43486=6241.81660 + 1.69139 + 0.00000 + 1.35201 + 6.57474]
Epoch 813 [3.4s]: train==[6173.37745=6163.76878 + 1.69107 + 0.00000 + 1.35332 + 6.56424]
Epoch 814 [3.4s]: train==[6404.13850=6394.59138 + 1.69285 + 0.00000 + 1.34939 + 6.50484]
Epoch 815 [3.4s]: train==[6242.97684=6233.43265 + 1.69161 + 0.00000 + 1.34388 + 6.50876]
Epoch 816 [3.4s]: train==[6311.81694=6302.25888 + 1.69265 + 0.00000 + 1.34475 + 6.52068]
Epoch 817 [3.4s]: train==[6318.09634=6308.61166 + 1.69338 + 0.00000 + 1.34457 + 6.44677]
Epoch 818 [3.4s]: train==[6155.38346=6145.87206 + 1.69375 + 0.00000 + 1.34476 + 6.47281]
drop_flag:  True ,	 mess_dropout:  [0.0, 0.0]
rate_batch  torch.Size([1162, 753])
gt_count  8427
candidate_count  874986
ideal candidate count  874986
Epoch 819 [3.4s + 5.9s]: train==[6168.62918=6159.11674 + 1.69435 + 0.00000 + 1.34468 + 6.47343]
 recall=[0.22890, 0.49531], precision=[0.31601, 0.17638],  ndcg=[0.34416, 0.22253], RMRR=[0.10783, 0.15284]
Epoch 820 [3.4s]: train==[6195.17388=6185.60728 + 1.69907 + 0.00000 + 1.34591 + 6.52156]
Epoch 821 [3.4s]: train==[6446.92828=6437.44406 + 1.69514 + 0.00000 + 1.34107 + 6.44802]
Epoch 822 [3.4s]: train==[6123.36603=6113.80592 + 1.69651 + 0.00000 + 1.34208 + 6.52152]
Epoch 823 [3.5s]: train==[6381.19510=6371.63464 + 1.70289 + 0.00000 + 1.33703 + 6.52053]
Epoch 824 [3.4s]: train==[6411.61646=6401.99321 + 1.70286 + 0.00000 + 1.33791 + 6.58251]
Epoch 825 [3.4s]: train==[6230.63563=6221.10132 + 1.70144 + 0.00000 + 1.33847 + 6.49443]
Epoch 826 [3.5s]: train==[6192.91346=6183.41328 + 1.70141 + 0.00000 + 1.33709 + 6.46171]
Epoch 827 [3.5s]: train==[6246.34353=6236.83380 + 1.70348 + 0.00000 + 1.33571 + 6.47052]
Epoch 828 [3.5s]: train==[6402.92397=6393.44643 + 1.70534 + 0.00000 + 1.33564 + 6.43657]
drop_flag:  True ,	 mess_dropout:  [0.0, 0.0]
rate_batch  torch.Size([1162, 753])
gt_count  8427
candidate_count  874986
ideal candidate count  874986
Epoch 829 [3.4s + 5.9s]: train==[6179.87606=6170.41115 + 1.70432 + 0.00000 + 1.33160 + 6.42902]
 recall=[0.23123, 0.49629], precision=[0.31824, 0.17629],  ndcg=[0.34794, 0.22364], RMRR=[0.11004, 0.15567]
Epoch 830 [3.4s]: train==[6399.03838=6389.58882 + 1.70808 + 0.00000 + 1.32940 + 6.41211]
Epoch 831 [3.4s]: train==[6174.87894=6165.37614 + 1.70735 + 0.00000 + 1.33050 + 6.46500]
Epoch 832 [3.4s]: train==[6196.00022=6186.46942 + 1.70907 + 0.00000 + 1.32758 + 6.49421]
Epoch 833 [3.4s]: train==[6181.61545=6172.06596 + 1.70664 + 0.00000 + 1.32898 + 6.51388]
Epoch 834 [3.4s]: train==[6338.25448=6328.68906 + 1.71021 + 0.00000 + 1.32724 + 6.52799]
Epoch 835 [3.4s]: train==[6260.64410=6251.15427 + 1.71099 + 0.00000 + 1.32423 + 6.45462]
Epoch 836 [3.4s]: train==[6025.76495=6016.33009 + 1.71147 + 0.00000 + 1.32410 + 6.39934]
Epoch 837 [3.5s]: train==[5916.03745=5906.56853 + 1.70859 + 0.00000 + 1.32172 + 6.43859]
Epoch 838 [3.4s]: train==[6313.68696=6304.23795 + 1.71219 + 0.00000 + 1.31992 + 6.41694]
drop_flag:  True ,	 mess_dropout:  [0.0, 0.0]
rate_batch  torch.Size([1162, 753])
gt_count  8427
candidate_count  874986
ideal candidate count  874986
Epoch 839 [3.4s + 5.8s]: train==[6196.35060=6186.88574 + 1.71671 + 0.00000 + 1.31964 + 6.42846]
 recall=[0.22683, 0.49912], precision=[0.31566, 0.17762],  ndcg=[0.34444, 0.22346], RMRR=[0.11023, 0.15688]
Epoch 840 [3.4s]: train==[6309.91961=6300.47548 + 1.71356 + 0.00000 + 1.31606 + 6.41441]
Epoch 841 [3.4s]: train==[6325.41843=6315.98756 + 1.71671 + 0.00000 + 1.31073 + 6.40343]
Epoch 842 [3.4s]: train==[6247.88101=6238.46794 + 1.71478 + 0.00000 + 1.31252 + 6.38572]
Epoch 843 [3.4s]: train==[6299.62626=6290.18402 + 1.71498 + 0.00000 + 1.30834 + 6.41888]
Epoch 844 [3.4s]: train==[6125.65174=6116.17307 + 1.71490 + 0.00000 + 1.31061 + 6.45319]
Epoch 845 [3.5s]: train==[6400.58880=6391.08740 + 1.72093 + 0.00000 + 1.30943 + 6.47102]
Epoch 846 [3.5s]: train==[6252.10774=6242.64174 + 1.71966 + 0.00000 + 1.30667 + 6.43969]
Epoch 847 [3.4s]: train==[6262.67845=6253.25856 + 1.72109 + 0.00000 + 1.31100 + 6.38781]
Epoch 848 [3.4s]: train==[6051.64942=6042.19560 + 1.72562 + 0.00000 + 1.30689 + 6.42132]
drop_flag:  True ,	 mess_dropout:  [0.0, 0.0]
rate_batch  torch.Size([1162, 753])
gt_count  8427
candidate_count  874986
ideal candidate count  874986
Epoch 849 [3.4s + 5.9s]: train==[6146.21689=6136.83965 + 1.72381 + 0.00000 + 1.30508 + 6.34837]
 recall=[0.23136, 0.50120], precision=[0.31893, 0.17930],  ndcg=[0.34659, 0.22506], RMRR=[0.10921, 0.15529]
Epoch 850 [3.4s]: train==[6442.13606=6432.75395 + 1.72274 + 0.00000 + 1.30382 + 6.35559]
Epoch 851 [3.4s]: train==[6195.92917=6186.50255 + 1.72229 + 0.00000 + 1.30424 + 6.40004]
Epoch 852 [3.4s]: train==[6272.77475=6263.36015 + 1.72375 + 0.00000 + 1.30327 + 6.38755]
Epoch 853 [3.4s]: train==[6039.47661=6030.04413 + 1.72689 + 0.00000 + 1.30147 + 6.40413]
Epoch 854 [3.5s]: train==[6237.00614=6227.55675 + 1.72483 + 0.00000 + 1.30391 + 6.42066]
Epoch 855 [3.5s]: train==[6312.65635=6303.19984 + 1.72620 + 0.00000 + 1.29968 + 6.43061]
Epoch 856 [3.4s]: train==[6213.04587=6203.57188 + 1.73417 + 0.00000 + 1.30133 + 6.43844]
Epoch 857 [3.4s]: train==[6423.10569=6413.67213 + 1.73358 + 0.00000 + 1.30117 + 6.39877]
Epoch 858 [3.4s]: train==[6300.70279=6291.30351 + 1.73398 + 0.00000 + 1.29956 + 6.36579]
drop_flag:  True ,	 mess_dropout:  [0.0, 0.0]
rate_batch  torch.Size([1162, 753])
gt_count  8427
candidate_count  874986
ideal candidate count  874986
Epoch 859 [3.4s + 5.9s]: train==[6073.48228=6064.10873 + 1.73223 + 0.00000 + 1.29558 + 6.34568]
 recall=[0.22997, 0.49452], precision=[0.31670, 0.17840],  ndcg=[0.34564, 0.22455], RMRR=[0.10825, 0.15491]
Epoch 860 [3.4s]: train==[6308.91954=6299.52133 + 1.73236 + 0.00000 + 1.29504 + 6.37086]
Epoch 861 [3.4s]: train==[6158.64790=6149.29472 + 1.73444 + 0.00000 + 1.29039 + 6.32834]
Epoch 862 [3.4s]: train==[6331.09551=6321.69197 + 1.73599 + 0.00000 + 1.29089 + 6.37665]
Epoch 863 [3.5s]: train==[6240.21103=6230.77145 + 1.73871 + 0.00000 + 1.28498 + 6.41586]
Epoch 864 [3.4s]: train==[6320.74820=6311.30649 + 1.73568 + 0.00000 + 1.28862 + 6.41743]
Epoch 865 [3.5s]: train==[6228.16383=6218.74095 + 1.73579 + 0.00000 + 1.28629 + 6.40078]
Epoch 866 [3.5s]: train==[6370.09879=6360.70064 + 1.73885 + 0.00000 + 1.28228 + 6.37704]
Epoch 867 [3.4s]: train==[6100.91884=6091.48111 + 1.73876 + 0.00000 + 1.28311 + 6.41586]
Epoch 868 [3.4s]: train==[6336.66085=6327.29990 + 1.73956 + 0.00000 + 1.28307 + 6.33832]
drop_flag:  True ,	 mess_dropout:  [0.0, 0.0]
rate_batch  torch.Size([1162, 753])
gt_count  8427
candidate_count  874986
ideal candidate count  874986
Epoch 869 [3.4s + 5.9s]: train==[6080.07417=6070.67691 + 1.74169 + 0.00000 + 1.28453 + 6.37101]
 recall=[0.23139, 0.49863], precision=[0.31583, 0.17904],  ndcg=[0.34499, 0.22493], RMRR=[0.11136, 0.15721]
Epoch 870 [3.5s]: train==[6102.98293=6093.60515 + 1.74175 + 0.00000 + 1.28359 + 6.35250]
Epoch 871 [3.5s]: train==[6415.08050=6405.61621 + 1.74263 + 0.00000 + 1.28393 + 6.43773]
Epoch 872 [3.4s]: train==[6275.20355=6265.83679 + 1.74070 + 0.00000 + 1.27812 + 6.34790]
Epoch 873 [3.4s]: train==[6174.91312=6165.52997 + 1.74482 + 0.00000 + 1.28067 + 6.35764]
Epoch 874 [3.4s]: train==[6394.23646=6384.80913 + 1.74231 + 0.00000 + 1.27934 + 6.40566]
Epoch 875 [3.4s]: train==[6069.74016=6060.35381 + 1.74774 + 0.00000 + 1.27299 + 6.36567]
Epoch 876 [3.4s]: train==[6464.62214=6455.27304 + 1.74810 + 0.00000 + 1.27400 + 6.32702]
Epoch 877 [3.4s]: train==[6380.73070=6371.34889 + 1.74408 + 0.00000 + 1.27372 + 6.36404]
Epoch 878 [3.4s]: train==[6108.16799=6098.81003 + 1.74731 + 0.00000 + 1.27188 + 6.33876]
drop_flag:  True ,	 mess_dropout:  [0.0, 0.0]
rate_batch  torch.Size([1162, 753])
gt_count  8427
candidate_count  874986
ideal candidate count  874986
Epoch 879 [3.4s + 5.9s]: train==[6128.75460=6119.38708 + 1.75093 + 0.00000 + 1.27072 + 6.34585]
 recall=[0.23628, 0.49986], precision=[0.32513, 0.17887],  ndcg=[0.35477, 0.22691], RMRR=[0.11469, 0.15974]
Epoch 880 [3.5s]: train==[6092.49704=6083.17375 + 1.74814 + 0.00000 + 1.27063 + 6.30446]
Epoch 881 [3.4s]: train==[6190.03666=6180.73943 + 1.75524 + 0.00000 + 1.26936 + 6.27262]
Epoch 882 [3.4s]: train==[6122.90516=6113.59589 + 1.75652 + 0.00000 + 1.26690 + 6.28582]
Epoch 883 [3.4s]: train==[6092.99090=6083.65121 + 1.75089 + 0.00000 + 1.26718 + 6.32160]
Epoch 884 [3.4s]: train==[6323.00239=6313.67046 + 1.75057 + 0.00000 + 1.26363 + 6.31774]
Epoch 885 [3.4s]: train==[6188.15075=6178.75647 + 1.75428 + 0.00000 + 1.26469 + 6.37527]
Epoch 886 [3.4s]: train==[6194.86862=6185.48843 + 1.75612 + 0.00000 + 1.26743 + 6.35663]
Epoch 887 [3.4s]: train==[6251.61514=6242.23033 + 1.75386 + 0.00000 + 1.26273 + 6.36825]
Epoch 888 [3.4s]: train==[6309.88011=6300.52075 + 1.75760 + 0.00000 + 1.26497 + 6.33678]
drop_flag:  True ,	 mess_dropout:  [0.0, 0.0]
rate_batch  torch.Size([1162, 753])
gt_count  8427
candidate_count  874986
ideal candidate count  874986
Epoch 889 [3.5s + 5.9s]: train==[6134.26238=6124.90204 + 1.76023 + 0.00000 + 1.26238 + 6.33773]
 recall=[0.22950, 0.49730], precision=[0.31738, 0.17827],  ndcg=[0.34820, 0.22551], RMRR=[0.11265, 0.15849]
Epoch 890 [3.4s]: train==[6026.16782=6016.84880 + 1.76063 + 0.00000 + 1.26405 + 6.29435]
Epoch 891 [3.4s]: train==[6231.50537=6222.13298 + 1.76187 + 0.00000 + 1.25830 + 6.35223]
Epoch 892 [3.4s]: train==[6109.91274=6100.57466 + 1.76113 + 0.00000 + 1.25641 + 6.32056]
Epoch 893 [3.4s]: train==[6066.97883=6057.62454 + 1.76238 + 0.00000 + 1.25501 + 6.33694]
Epoch 894 [3.4s]: train==[6119.57440=6110.26308 + 1.76225 + 0.00000 + 1.25453 + 6.29458]
Epoch 895 [3.4s]: train==[6375.73533=6366.42406 + 1.76247 + 0.00000 + 1.25451 + 6.29436]
Epoch 896 [3.4s]: train==[6133.23341=6123.82878 + 1.76585 + 0.00000 + 1.25702 + 6.38178]
Epoch 897 [3.5s]: train==[6096.09530=6086.76985 + 1.76663 + 0.00000 + 1.25731 + 6.30150]
Epoch 898 [3.5s]: train==[6051.63204=6042.34831 + 1.76815 + 0.00000 + 1.25189 + 6.26366]
drop_flag:  True ,	 mess_dropout:  [0.0, 0.0]
rate_batch  torch.Size([1162, 753])
gt_count  8427
candidate_count  874986
ideal candidate count  874986
Epoch 899 [3.4s + 5.8s]: train==[6332.97806=6323.70943 + 1.76580 + 0.00000 + 1.24909 + 6.25371]
 recall=[0.22954, 0.49963], precision=[0.31738, 0.17930],  ndcg=[0.34475, 0.22494], RMRR=[0.11047, 0.15670]
Epoch 900 [3.4s]: train==[6171.23760=6161.94070 + 1.76766 + 0.00000 + 1.25268 + 6.27655]
Epoch 901 [3.4s]: train==[6134.54699=6125.28769 + 1.76977 + 0.00000 + 1.24810 + 6.24138]
Epoch 902 [3.4s]: train==[6136.54776=6127.30661 + 1.76787 + 0.00000 + 1.24865 + 6.22465]
Epoch 903 [3.4s]: train==[6156.09876=6146.79285 + 1.76925 + 0.00000 + 1.24782 + 6.28887]
Epoch 904 [3.4s]: train==[6015.73741=6006.44427 + 1.77206 + 0.00000 + 1.24716 + 6.27395]
Epoch 905 [3.4s]: train==[6115.97812=6106.68169 + 1.77226 + 0.00000 + 1.24539 + 6.27880]
Epoch 906 [3.4s]: train==[6140.67848=6131.39548 + 1.77388 + 0.00000 + 1.24737 + 6.26180]
Epoch 907 [3.5s]: train==[6386.98671=6377.67700 + 1.77414 + 0.00000 + 1.24561 + 6.28996]
Epoch 908 [3.4s]: train==[6085.50360=6076.22247 + 1.77453 + 0.00000 + 1.24229 + 6.26431]
drop_flag:  True ,	 mess_dropout:  [0.0, 0.0]
rate_batch  torch.Size([1162, 753])
gt_count  8427
candidate_count  874986
ideal candidate count  874986
Epoch 909 [3.4s + 5.8s]: train==[6385.38676=6376.10043 + 1.77480 + 0.00000 + 1.24203 + 6.26949]
 recall=[0.22809, 0.50096], precision=[0.31670, 0.17978],  ndcg=[0.34737, 0.22651], RMRR=[0.10971, 0.15704]
Epoch 910 [3.4s]: train==[6250.07339=6240.85744 + 1.77623 + 0.00000 + 1.24045 + 6.19919]
Epoch 911 [3.4s]: train==[5962.61820=5953.33165 + 1.77514 + 0.00000 + 1.23506 + 6.27627]
Epoch 912 [3.4s]: train==[6119.45832=6110.20381 + 1.77819 + 0.00000 + 1.23673 + 6.23958]
Epoch 913 [3.4s]: train==[6300.87346=6291.68848 + 1.77547 + 0.00000 + 1.23483 + 6.17471]
Epoch 914 [3.4s]: train==[6125.46228=6116.22314 + 1.78005 + 0.00000 + 1.23596 + 6.22315]
Epoch 915 [3.4s]: train==[6042.02330=6032.82098 + 1.78109 + 0.00000 + 1.23240 + 6.18882]
Epoch 916 [3.4s]: train==[6293.96080=6284.75700 + 1.78265 + 0.00000 + 1.23331 + 6.18783]
Epoch 917 [3.4s]: train==[6112.41402=6103.24164 + 1.78012 + 0.00000 + 1.23241 + 6.15984]
Epoch 918 [3.4s]: train==[6188.41376=6179.15585 + 1.78451 + 0.00000 + 1.23375 + 6.23961]
drop_flag:  True ,	 mess_dropout:  [0.0, 0.0]
rate_batch  torch.Size([1162, 753])
gt_count  8427
candidate_count  874986
ideal candidate count  874986
Epoch 919 [3.4s + 5.8s]: train==[6105.90849=6096.68269 + 1.78393 + 0.00000 + 1.22807 + 6.21382]
 recall=[0.22662, 0.49748], precision=[0.31411, 0.17754],  ndcg=[0.34115, 0.22246], RMRR=[0.10773, 0.15443]
Epoch 920 [3.4s]: train==[6180.25491=6170.98853 + 1.78300 + 0.00000 + 1.23068 + 6.25273]
Epoch 921 [3.4s]: train==[5985.28350=5976.04439 + 1.78098 + 0.00000 + 1.22799 + 6.23005]
Epoch 922 [3.4s]: train==[6078.71907=6069.47302 + 1.78261 + 0.00000 + 1.23009 + 6.23336]
Epoch 923 [3.4s]: train==[6222.29378=6213.06096 + 1.78564 + 0.00000 + 1.22568 + 6.22149]
Epoch 924 [3.4s]: train==[6160.45847=6151.27789 + 1.78543 + 0.00000 + 1.22307 + 6.17206]
Epoch 925 [3.5s]: train==[6383.77036=6374.54962 + 1.78816 + 0.00000 + 1.22675 + 6.20580]
Epoch 926 [3.5s]: train==[6207.61014=6198.36823 + 1.78683 + 0.00000 + 1.22699 + 6.22812]
Epoch 927 [3.5s]: train==[6168.74372=6159.46930 + 1.78340 + 0.00000 + 1.23051 + 6.26045]
Epoch 928 [3.4s]: train==[6183.68797=6174.36475 + 1.78710 + 0.00000 + 1.22595 + 6.31022]
drop_flag:  True ,	 mess_dropout:  [0.0, 0.0]
rate_batch  torch.Size([1162, 753])
gt_count  8427
candidate_count  874986
ideal candidate count  874986
Epoch 929 [3.4s + 5.8s]: train==[6324.34692=6315.08467 + 1.78855 + 0.00000 + 1.22313 + 6.25055]
 recall=[0.22817, 0.49618], precision=[0.31463, 0.17780],  ndcg=[0.34574, 0.22460], RMRR=[0.10954, 0.15547]
Epoch 930 [3.4s]: train==[6057.35248=6048.05251 + 1.79238 + 0.00000 + 1.22506 + 6.28256]
Epoch 931 [3.4s]: train==[6280.18895=6270.96234 + 1.78967 + 0.00000 + 1.22288 + 6.21401]
Epoch 932 [3.5s]: train==[6129.18915=6119.93266 + 1.78917 + 0.00000 + 1.22122 + 6.24609]
Epoch 933 [3.4s]: train==[6090.57072=6081.36293 + 1.79331 + 0.00000 + 1.21900 + 6.19553]
Epoch 934 [3.4s]: train==[6501.30480=6492.11037 + 1.79643 + 0.00000 + 1.21703 + 6.18094]
Epoch 935 [3.4s]: train==[6338.44408=6329.24127 + 1.78987 + 0.00000 + 1.21481 + 6.19812]
Epoch 936 [3.4s]: train==[6134.71006=6125.53104 + 1.79400 + 0.00000 + 1.21572 + 6.16925]
Epoch 937 [3.4s]: train==[6188.42284=6179.29102 + 1.79487 + 0.00000 + 1.21297 + 6.12396]
Epoch 938 [3.4s]: train==[6233.04054=6223.76616 + 1.79479 + 0.00000 + 1.21684 + 6.26269]
drop_flag:  True ,	 mess_dropout:  [0.0, 0.0]
rate_batch  torch.Size([1162, 753])
gt_count  8427
candidate_count  874986
ideal candidate count  874986
Epoch 939 [3.4s + 5.8s]: train==[6387.11269=6377.78195 + 1.79122 + 0.00000 + 1.21854 + 6.32098]
 recall=[0.22770, 0.49219], precision=[0.31532, 0.17629],  ndcg=[0.34276, 0.22187], RMRR=[0.11120, 0.15791]
Epoch 940 [3.4s]: train==[6063.73483=6054.42575 + 1.79413 + 0.00000 + 1.21620 + 6.29876]
Epoch 941 [3.5s]: train==[6132.49933=6123.14780 + 1.79677 + 0.00000 + 1.21841 + 6.33642]
Epoch 942 [3.5s]: train==[6079.18288=6069.84511 + 1.79434 + 0.00000 + 1.21700 + 6.32645]
Epoch 943 [3.4s]: train==[6404.41363=6395.15042 + 1.79731 + 0.00000 + 1.21168 + 6.25420]
Epoch 944 [3.4s]: train==[6319.01013=6309.74211 + 1.79461 + 0.00000 + 1.21169 + 6.26176]
Epoch 945 [3.4s]: train==[6166.78969=6157.56137 + 1.79818 + 0.00000 + 1.20736 + 6.22285]
Epoch 946 [3.4s]: train==[5941.76388=5932.53380 + 1.80640 + 0.00000 + 1.20974 + 6.21399]
Epoch 947 [3.4s]: train==[6380.20229=6370.95621 + 1.79835 + 0.00000 + 1.20780 + 6.23995]
Epoch 948 [3.4s]: train==[6187.77082=6178.51512 + 1.79979 + 0.00000 + 1.20710 + 6.24875]
drop_flag:  True ,	 mess_dropout:  [0.0, 0.0]
rate_batch  torch.Size([1162, 753])
gt_count  8427
candidate_count  874986
ideal candidate count  874986
Epoch 949 [3.4s + 5.9s]: train==[6423.26490=6414.03015 + 1.79734 + 0.00000 + 1.20511 + 6.23230]
 recall=[0.22761, 0.49378], precision=[0.31033, 0.17603],  ndcg=[0.33832, 0.22102], RMRR=[0.10576, 0.15193]
Epoch 950 [3.5s]: train==[6334.58959=6325.33400 + 1.80298 + 0.00000 + 1.20991 + 6.24264]
Epoch 951 [3.5s]: train==[6092.25139=6082.97644 + 1.80222 + 0.00000 + 1.21158 + 6.26112]
Epoch 952 [3.4s]: train==[6146.96364=6137.72815 + 1.80162 + 0.00000 + 1.21055 + 6.22329]
Epoch 953 [3.4s]: train==[6425.50914=6416.30864 + 1.80618 + 0.00000 + 1.20593 + 6.18842]
Epoch 954 [3.4s]: train==[6161.20974=6152.01561 + 1.80072 + 0.00000 + 1.19954 + 6.19383]
Epoch 955 [3.4s]: train==[6140.14954=6130.90248 + 1.80481 + 0.00000 + 1.20152 + 6.24072]
Epoch 956 [3.4s]: train==[6183.37250=6174.14938 + 1.80397 + 0.00000 + 1.20328 + 6.21589]
Epoch 957 [3.4s]: train==[6449.45569=6440.27312 + 1.80361 + 0.00000 + 1.19991 + 6.17904]
Epoch 958 [3.4s]: train==[6136.72950=6127.45059 + 1.80669 + 0.00000 + 1.20399 + 6.26826]
drop_flag:  True ,	 mess_dropout:  [0.0, 0.0]
rate_batch  torch.Size([1162, 753])
gt_count  8427
candidate_count  874986
ideal candidate count  874986
Epoch 959 [3.4s + 5.9s]: train==[6282.28212=6272.99448 + 1.80868 + 0.00000 + 1.20278 + 6.27616]
 recall=[0.23259, 0.49654], precision=[0.32169, 0.17651],  ndcg=[0.35023, 0.22419], RMRR=[0.11119, 0.15722]
Epoch 960 [3.5s]: train==[6212.52047=6203.27586 + 1.80512 + 0.00000 + 1.19834 + 6.24108]
Epoch 961 [3.4s]: train==[6155.07661=6145.82405 + 1.80650 + 0.00000 + 1.19905 + 6.24705]
Epoch 962 [3.4s]: train==[6112.34220=6103.13036 + 1.81048 + 0.00000 + 1.19608 + 6.20531]
Epoch 963 [3.5s]: train==[6086.33519=6077.08742 + 1.81261 + 0.00000 + 1.19723 + 6.23794]
Epoch 964 [3.4s]: train==[6212.92717=6203.76114 + 1.80920 + 0.00000 + 1.19421 + 6.16264]
Epoch 965 [3.4s]: train==[6106.36379=6097.18709 + 1.80752 + 0.00000 + 1.19518 + 6.17406]
Epoch 966 [3.4s]: train==[6230.46869=6221.25905 + 1.81495 + 0.00000 + 1.19574 + 6.19896]
Epoch 967 [3.4s]: train==[5879.61433=5870.41182 + 1.81392 + 0.00000 + 1.19343 + 6.19519]
Epoch 968 [3.4s]: train==[6000.11144=5990.90146 + 1.81396 + 0.00000 + 1.19418 + 6.20183]
drop_flag:  True ,	 mess_dropout:  [0.0, 0.0]
rate_batch  torch.Size([1162, 753])
gt_count  8427
candidate_count  874986
ideal candidate count  874986
Epoch 969 [3.5s + 5.9s]: train==[6161.95038=6152.69376 + 1.81412 + 0.00000 + 1.19522 + 6.24728]
 recall=[0.23203, 0.50208], precision=[0.31893, 0.17909],  ndcg=[0.34932, 0.22642], RMRR=[0.11059, 0.15784]
Epoch 970 [3.4s]: train==[6165.50201=6156.32556 + 1.80973 + 0.00000 + 1.19225 + 6.17447]
Epoch 971 [3.4s]: train==[6296.42790=6287.24471 + 1.81437 + 0.00000 + 1.19143 + 6.17742]
Epoch 972 [3.4s]: train==[6260.96248=6251.77969 + 1.81176 + 0.00000 + 1.19394 + 6.17707]
Epoch 973 [3.4s]: train==[6184.71000=6175.57486 + 1.81561 + 0.00000 + 1.19321 + 6.12629]
Epoch 974 [3.4s]: train==[6395.64818=6386.44707 + 1.81890 + 0.00000 + 1.19051 + 6.19176]
Epoch 975 [3.4s]: train==[6253.26125=6244.06795 + 1.81911 + 0.00000 + 1.18667 + 6.18752]
Epoch 976 [3.4s]: train==[6305.72579=6296.54446 + 1.81601 + 0.00000 + 1.18747 + 6.17789]
Epoch 977 [3.4s]: train==[6017.35801=6008.12148 + 1.81691 + 0.00000 + 1.18719 + 6.23247]
Epoch 978 [3.5s]: train==[6061.03908=6051.88588 + 1.81748 + 0.00000 + 1.18252 + 6.15318]
drop_flag:  True ,	 mess_dropout:  [0.0, 0.0]
rate_batch  torch.Size([1162, 753])
gt_count  8427
candidate_count  874986
ideal candidate count  874986
Epoch 979 [3.4s + 5.8s]: train==[6239.52075=6230.32993 + 1.81624 + 0.00000 + 1.18603 + 6.18845]
 recall=[0.23720, 0.51008], precision=[0.32272, 0.18184],  ndcg=[0.35237, 0.22871], RMRR=[0.11492, 0.16186]
Epoch 980 [3.4s]: train==[6259.45313=6250.25500 + 1.82151 + 0.00000 + 1.18140 + 6.19519]
Epoch 981 [3.4s]: train==[6334.56939=6325.38879 + 1.81918 + 0.00000 + 1.18214 + 6.17922]
Epoch 982 [3.4s]: train==[6248.84441=6239.63383 + 1.81800 + 0.00000 + 1.18554 + 6.20703]
Epoch 983 [3.4s]: train==[6141.14805=6131.96233 + 1.82279 + 0.00000 + 1.18436 + 6.17858]
Epoch 984 [3.4s]: train==[6215.12624=6206.00352 + 1.82382 + 0.00000 + 1.17927 + 6.11969]
Epoch 985 [3.4s]: train==[6426.85656=6417.71411 + 1.81928 + 0.00000 + 1.17793 + 6.14521]
Epoch 986 [3.5s]: train==[6191.34065=6182.12740 + 1.82439 + 0.00000 + 1.18081 + 6.20810]
Epoch 987 [3.5s]: train==[6204.03510=6194.86288 + 1.82278 + 0.00000 + 1.17894 + 6.17052]
Epoch 988 [3.4s]: train==[6180.61860=6171.46011 + 1.82422 + 0.00000 + 1.17447 + 6.15981]
drop_flag:  True ,	 mess_dropout:  [0.0, 0.0]
rate_batch  torch.Size([1162, 753])
gt_count  8427
candidate_count  874986
ideal candidate count  874986
Epoch 989 [3.4s + 5.9s]: train==[6418.08311=6408.89252 + 1.82538 + 0.00000 + 1.17446 + 6.19072]
 recall=[0.23774, 0.50256], precision=[0.31962, 0.17879],  ndcg=[0.35055, 0.22664], RMRR=[0.11122, 0.15892]
Epoch 990 [3.4s]: train==[6151.75796=6142.66675 + 1.82834 + 0.00000 + 1.17148 + 6.09137]
Epoch 991 [3.4s]: train==[6112.98598=6103.80939 + 1.83297 + 0.00000 + 1.17896 + 6.16467]
Epoch 992 [3.4s]: train==[6155.26334=6146.07523 + 1.83265 + 0.00000 + 1.17606 + 6.17945]
Epoch 993 [3.4s]: train==[6083.00321=6073.89601 + 1.82748 + 0.00000 + 1.17096 + 6.10873]
Epoch 994 [3.4s]: train==[6139.10680=6129.96783 + 1.82546 + 0.00000 + 1.17063 + 6.14291]
Epoch 995 [3.5s]: train==[6254.78014=6245.59299 + 1.82329 + 0.00000 + 1.17417 + 6.18965]
Epoch 996 [3.4s]: train==[6326.58396=6317.40701 + 1.82890 + 0.00000 + 1.16850 + 6.17958]
Epoch 997 [3.4s]: train==[6162.27249=6153.07318 + 1.82874 + 0.00000 + 1.17095 + 6.19964]
Epoch 998 [3.4s]: train==[6099.89479=6090.74321 + 1.83249 + 0.00000 + 1.17191 + 6.14718]
drop_flag:  True ,	 mess_dropout:  [0.0, 0.0]
rate_batch  torch.Size([1162, 753])
gt_count  8427
candidate_count  874986
ideal candidate count  874986
Epoch 999 [3.4s + 5.9s]: train==[6181.65574=6172.46155 + 1.82927 + 0.00000 + 1.17002 + 6.19487]
 recall=[0.23957, 0.50529], precision=[0.32788, 0.17943],  ndcg=[0.35543, 0.22717], RMRR=[0.11365, 0.15974]
Epoch 1000 [3.4s]: train==[6140.19620=6130.98929 + 1.83224 + 0.00000 + 1.16827 + 6.20640]
Epoch 1001 [3.4s]: train==[6187.03064=6177.86632 + 1.83687 + 0.00000 + 1.16858 + 6.15894]
Epoch 1002 [3.4s]: train==[6043.79727=6034.61224 + 1.83526 + 0.00000 + 1.17058 + 6.17915]
Epoch 1003 [3.5s]: train==[6124.77860=6115.63779 + 1.83743 + 0.00000 + 1.16956 + 6.13388]
Epoch 1004 [3.5s]: train==[6050.27025=6041.14537 + 1.83688 + 0.00000 + 1.16807 + 6.11995]
Epoch 1005 [3.4s]: train==[6181.07903=6171.98166 + 1.83401 + 0.00000 + 1.16339 + 6.09992]
Epoch 1006 [3.4s]: train==[6136.38956=6127.25850 + 1.83854 + 0.00000 + 1.16464 + 6.12795]
Epoch 1007 [3.4s]: train==[6028.88773=6019.71570 + 1.83796 + 0.00000 + 1.16314 + 6.17092]
Epoch 1008 [3.4s]: train==[6326.12228=6316.94617 + 1.83424 + 0.00000 + 1.16313 + 6.17875]
drop_flag:  True ,	 mess_dropout:  [0.0, 0.0]
rate_batch  torch.Size([1162, 753])
gt_count  8427
candidate_count  874986
ideal candidate count  874986
Epoch 1009 [3.4s + 5.9s]: train==[5970.71037=5961.60616 + 1.83730 + 0.00000 + 1.15805 + 6.10879]
 recall=[0.23129, 0.50250], precision=[0.31842, 0.17806],  ndcg=[0.34713, 0.22404], RMRR=[0.11212, 0.15778]
Epoch 1010 [3.4s]: train==[6263.48147=6254.33900 + 1.83734 + 0.00000 + 1.15812 + 6.14696]
Epoch 1011 [3.5s]: train==[6181.54968=6172.45502 + 1.83879 + 0.00000 + 1.16093 + 6.09494]
Epoch 1012 [3.5s]: train==[6195.18296=6186.09779 + 1.84051 + 0.00000 + 1.16147 + 6.08323]
Epoch 1013 [3.5s]: train==[6207.48773=6198.32489 + 1.84539 + 0.00000 + 1.16217 + 6.15524]
Epoch 1014 [3.4s]: train==[6122.45745=6113.32523 + 1.84452 + 0.00000 + 1.15829 + 6.12942]
Epoch 1015 [3.4s]: train==[5874.73185=5865.58696 + 1.84269 + 0.00000 + 1.15863 + 6.14358]
Epoch 1016 [3.4s]: train==[6019.29734=6010.14819 + 1.84226 + 0.00000 + 1.15724 + 6.14966]
Epoch 1017 [3.4s]: train==[6176.56904=6167.43793 + 1.84465 + 0.00000 + 1.15547 + 6.13101]
Epoch 1018 [3.4s]: train==[6319.17373=6310.04417 + 1.84580 + 0.00000 + 1.15675 + 6.12698]
drop_flag:  True ,	 mess_dropout:  [0.0, 0.0]
rate_batch  torch.Size([1162, 753])
gt_count  8427
candidate_count  874986
ideal candidate count  874986
Epoch 1019 [3.4s + 5.9s]: train==[6049.47910=6040.34171 + 1.84572 + 0.00000 + 1.15227 + 6.13939]
 recall=[0.23294, 0.50662], precision=[0.32117, 0.18133],  ndcg=[0.34971, 0.22780], RMRR=[0.11062, 0.15852]
Epoch 1020 [3.5s]: train==[6082.92296=6073.78615 + 1.84854 + 0.00000 + 1.15205 + 6.13627]
Epoch 1021 [3.5s]: train==[6074.30301=6065.21355 + 1.84340 + 0.00000 + 1.15176 + 6.09428]
Epoch 1022 [3.5s]: train==[6020.78981=6011.66470 + 1.84620 + 0.00000 + 1.15139 + 6.12753]
Epoch 1023 [3.4s]: train==[6273.41775=6264.29938 + 1.84743 + 0.00000 + 1.15142 + 6.11957]
Epoch 1024 [3.4s]: train==[6290.58979=6281.45897 + 1.84381 + 0.00000 + 1.14913 + 6.13783]
Epoch 1025 [3.4s]: train==[6092.15897=6083.07933 + 1.84504 + 0.00000 + 1.14906 + 6.08557]
Epoch 1026 [3.4s]: train==[6281.23138=6272.07802 + 1.84325 + 0.00000 + 1.15160 + 6.15850]
Epoch 1027 [3.4s]: train==[6135.05399=6125.95242 + 1.84671 + 0.00000 + 1.14737 + 6.10752]
Epoch 1028 [3.4s]: train==[6221.62756=6212.53479 + 1.85076 + 0.00000 + 1.14715 + 6.09482]
drop_flag:  True ,	 mess_dropout:  [0.0, 0.0]
rate_batch  torch.Size([1162, 753])
gt_count  8427
candidate_count  874986
ideal candidate count  874986
Epoch 1029 [3.4s + 5.9s]: train==[6239.26383=6230.15828 + 1.85030 + 0.00000 + 1.14486 + 6.11034]
 recall=[0.23207, 0.49869], precision=[0.31945, 0.17844],  ndcg=[0.34963, 0.22592], RMRR=[0.10789, 0.15521]
Epoch 1030 [3.5s]: train==[6158.08202=6149.00978 + 1.85399 + 0.00000 + 1.14128 + 6.07699]
Epoch 1031 [3.4s]: train==[6153.38551=6144.29736 + 1.85179 + 0.00000 + 1.14656 + 6.08979]
Epoch 1032 [3.4s]: train==[6089.18699=6080.11966 + 1.84809 + 0.00000 + 1.14679 + 6.07248]
Epoch 1033 [3.4s]: train==[6275.47025=6266.40038 + 1.85523 + 0.00000 + 1.14371 + 6.07095]
Epoch 1034 [3.4s]: train==[6089.87060=6080.81145 + 1.85118 + 0.00000 + 1.14237 + 6.06558]
Epoch 1035 [3.4s]: train==[6327.63220=6318.52525 + 1.85287 + 0.00000 + 1.14154 + 6.11252]
Epoch 1036 [3.4s]: train==[6058.86830=6049.83691 + 1.85357 + 0.00000 + 1.13866 + 6.03917]
Epoch 1037 [3.4s]: train==[6186.85941=6177.83253 + 1.85258 + 0.00000 + 1.13604 + 6.03824]
Epoch 1038 [3.4s]: train==[6161.06587=6152.00706 + 1.85579 + 0.00000 + 1.14030 + 6.06275]
drop_flag:  True ,	 mess_dropout:  [0.0, 0.0]
rate_batch  torch.Size([1162, 753])
gt_count  8427
candidate_count  874986
ideal candidate count  874986
Epoch 1039 [3.5s + 5.9s]: train==[6128.77947=6119.72017 + 1.85612 + 0.00000 + 1.14139 + 6.06178]
 recall=[0.23551, 0.50687], precision=[0.32857, 0.18184],  ndcg=[0.35791, 0.23003], RMRR=[0.11414, 0.16055]
Epoch 1040 [3.4s]: train==[5985.91940=5976.87247 + 1.85440 + 0.00000 + 1.13379 + 6.05870]
Epoch 1041 [3.4s]: train==[6073.48570=6064.43877 + 1.85377 + 0.00000 + 1.13407 + 6.05915]
Epoch 1042 [3.4s]: train==[6068.33100=6059.21681 + 1.85683 + 0.00000 + 1.14205 + 6.11537]
Epoch 1043 [3.4s]: train==[5975.07208=5966.01199 + 1.85964 + 0.00000 + 1.13803 + 6.06244]
Epoch 1044 [3.4s]: train==[6151.12787=6142.06558 + 1.85681 + 0.00000 + 1.13393 + 6.07156]
Epoch 1045 [3.4s]: train==[6209.17621=6200.10982 + 1.85792 + 0.00000 + 1.13660 + 6.07184]
Epoch 1046 [3.5s]: train==[6073.15846=6064.08267 + 1.86076 + 0.00000 + 1.13750 + 6.07751]
Epoch 1047 [3.5s]: train==[6039.65627=6030.59323 + 1.85717 + 0.00000 + 1.13165 + 6.07424]
Epoch 1048 [3.5s]: train==[6384.11164=6375.08498 + 1.86359 + 0.00000 + 1.13378 + 6.02926]
drop_flag:  True ,	 mess_dropout:  [0.0, 0.0]
rate_batch  torch.Size([1162, 753])
gt_count  8427
candidate_count  874986
ideal candidate count  874986
Epoch 1049 [3.4s + 5.9s]: train==[6072.82731=6063.76562 + 1.85867 + 0.00000 + 1.13131 + 6.07174]
 recall=[0.23270, 0.49874], precision=[0.31756, 0.17715],  ndcg=[0.34695, 0.22430], RMRR=[0.11255, 0.15889]
Epoch 1050 [3.4s]: train==[6018.81202=6009.73801 + 1.86053 + 0.00000 + 1.13439 + 6.07913]
Epoch 1051 [3.4s]: train==[6220.77618=6211.65675 + 1.85736 + 0.00000 + 1.13266 + 6.12936]
Epoch 1052 [3.4s]: train==[6094.82660=6085.78706 + 1.85852 + 0.00000 + 1.12801 + 6.05299]
Epoch 1053 [3.4s]: train==[6009.22860=6000.12186 + 1.85764 + 0.00000 + 1.12864 + 6.12050]
Epoch 1054 [3.4s]: train==[6106.28661=6097.18240 + 1.86242 + 0.00000 + 1.12837 + 6.11337]
Epoch 1055 [3.4s]: train==[5961.94214=5952.90283 + 1.86610 + 0.00000 + 1.12885 + 6.04437]
Epoch 1056 [3.4s]: train==[6193.03524=6184.02928 + 1.86164 + 0.00000 + 1.12753 + 6.01683]
Epoch 1057 [3.5s]: train==[6267.50230=6258.43446 + 1.86420 + 0.00000 + 1.13247 + 6.07121]
Epoch 1058 [3.5s]: train==[6026.77914=6017.75624 + 1.86387 + 0.00000 + 1.12720 + 6.03185]
drop_flag:  True ,	 mess_dropout:  [0.0, 0.0]
rate_batch  torch.Size([1162, 753])
gt_count  8427
candidate_count  874986
ideal candidate count  874986
Epoch 1059 [3.4s + 5.9s]: train==[6069.05875=6059.99373 + 1.86417 + 0.00000 + 1.12734 + 6.07357]
 recall=[0.23493, 0.50031], precision=[0.32238, 0.18003],  ndcg=[0.35372, 0.22841], RMRR=[0.11330, 0.15994]
Epoch 1060 [3.4s]: train==[6184.42462=6175.41985 + 1.86751 + 0.00000 + 1.12536 + 6.01194]
Epoch 1061 [3.4s]: train==[5926.91373=5917.90221 + 1.86063 + 0.00000 + 1.12521 + 6.02570]
Epoch 1062 [3.4s]: train==[6207.19959=6198.18968 + 1.86509 + 0.00000 + 1.12269 + 6.02209]
Epoch 1063 [3.4s]: train==[6194.89701=6185.85126 + 1.87062 + 0.00000 + 1.12379 + 6.05138]
Epoch 1064 [3.4s]: train==[6093.51949=6084.51962 + 1.86937 + 0.00000 + 1.12098 + 6.00949]
Epoch 1065 [3.5s]: train==[6276.97628=6267.94014 + 1.86864 + 0.00000 + 1.12383 + 6.04366]
Epoch 1066 [3.4s]: train==[6088.90389=6079.89737 + 1.86569 + 0.00000 + 1.12239 + 6.01840]
Epoch 1067 [3.5s]: train==[6113.14301=6104.13416 + 1.86484 + 0.00000 + 1.12237 + 6.02169]
Epoch 1068 [3.4s]: train==[6324.64556=6315.65045 + 1.87185 + 0.00000 + 1.12209 + 6.00120]
drop_flag:  True ,	 mess_dropout:  [0.0, 0.0]
rate_batch  torch.Size([1162, 753])
gt_count  8427
candidate_count  874986
ideal candidate count  874986
Epoch 1069 [3.4s + 5.9s]: train==[6114.08921=6105.07219 + 1.86776 + 0.00000 + 1.11651 + 6.03269]
 recall=[0.24092, 0.50938], precision=[0.32840, 0.18145],  ndcg=[0.35755, 0.22935], RMRR=[0.11524, 0.16113]
Epoch 1070 [3.4s]: train==[6139.40252=6130.38976 + 1.86962 + 0.00000 + 1.11524 + 6.02785]
Epoch 1071 [3.4s]: train==[6059.06641=6050.05452 + 1.87158 + 0.00000 + 1.11897 + 6.02137]
Epoch 1072 [3.4s]: train==[5992.58618=5983.55534 + 1.87131 + 0.00000 + 1.11934 + 6.04022]
Epoch 1073 [3.4s]: train==[6124.93587=6115.91449 + 1.87324 + 0.00000 + 1.11633 + 6.03174]
Epoch 1074 [3.5s]: train==[6136.24870=6127.22105 + 1.87845 + 0.00000 + 1.11604 + 6.03316]
Epoch 1075 [3.4s]: train==[6064.84251=6055.78061 + 1.87518 + 0.00000 + 1.11612 + 6.07063]
Epoch 1076 [3.4s]: train==[5987.32943=5978.27789 + 1.87121 + 0.00000 + 1.11839 + 6.06192]
Epoch 1077 [3.4s]: train==[6063.11185=6054.06636 + 1.87789 + 0.00000 + 1.11852 + 6.04906]
Epoch 1078 [3.5s]: train==[5982.24407=5973.21980 + 1.87661 + 0.00000 + 1.11815 + 6.02952]
drop_flag:  True ,	 mess_dropout:  [0.0, 0.0]
rate_batch  torch.Size([1162, 753])
gt_count  8427
candidate_count  874986
ideal candidate count  874986
Epoch 1079 [3.4s + 5.9s]: train==[6069.77718=6060.76692 + 1.87139 + 0.00000 + 1.11689 + 6.02205]
 recall=[0.22930, 0.49921], precision=[0.31704, 0.17879],  ndcg=[0.34726, 0.22591], RMRR=[0.11076, 0.15787]
Epoch 1080 [3.4s]: train==[6290.73514=6281.74516 + 1.87926 + 0.00000 + 1.11351 + 5.99723]
Epoch 1081 [3.4s]: train==[6104.82605=6095.83662 + 1.88012 + 0.00000 + 1.11315 + 5.99619]
Epoch 1082 [3.5s]: train==[6204.31185=6195.32204 + 1.87628 + 0.00000 + 1.11088 + 6.00263]
Epoch 1083 [3.5s]: train==[6133.72754=6124.70988 + 1.87758 + 0.00000 + 1.11116 + 6.02887]
Epoch 1084 [3.4s]: train==[6046.72506=6037.74049 + 1.87922 + 0.00000 + 1.11133 + 5.99398]
Epoch 1085 [3.4s]: train==[5912.96942=5903.98233 + 1.87962 + 0.00000 + 1.11024 + 5.99719]
Epoch 1086 [3.4s]: train==[5949.68421=5940.69006 + 1.87951 + 0.00000 + 1.10793 + 6.00670]
Epoch 1087 [3.4s]: train==[5882.09523=5873.12279 + 1.88064 + 0.00000 + 1.10734 + 5.98445]
Epoch 1088 [3.4s]: train==[6006.40630=5997.41502 + 1.88284 + 0.00000 + 1.10846 + 5.99995]
drop_flag:  True ,	 mess_dropout:  [0.0, 0.0]
rate_batch  torch.Size([1162, 753])
gt_count  8427
candidate_count  874986
ideal candidate count  874986
Epoch 1089 [3.4s + 5.9s]: train==[5928.14544=5919.19122 + 1.88093 + 0.00000 + 1.10601 + 5.96730]
 recall=[0.23795, 0.50500], precision=[0.32358, 0.17965],  ndcg=[0.35517, 0.22811], RMRR=[0.11400, 0.15944]
Epoch 1090 [3.5s]: train==[5883.11918=5874.17862 + 1.88296 + 0.00000 + 1.10382 + 5.95376]
Epoch 1091 [3.5s]: train==[6093.43383=6084.46223 + 1.88015 + 0.00000 + 1.10819 + 5.98330]
Epoch 1092 [3.5s]: train==[6253.24151=6244.25354 + 1.88325 + 0.00000 + 1.10526 + 5.99955]
Epoch 1093 [3.4s]: train==[6099.62407=6090.68130 + 1.88682 + 0.00000 + 1.09919 + 5.95675]
Epoch 1094 [3.4s]: train==[6233.91526=6224.97002 + 1.88511 + 0.00000 + 1.10197 + 5.95812]
Epoch 1095 [3.5s]: train==[6046.57323=6037.69438 + 1.88160 + 0.00000 + 1.09968 + 5.89760]
Epoch 1096 [3.4s]: train==[6176.10688=6167.18184 + 1.88571 + 0.00000 + 1.10140 + 5.93796]
Epoch 1097 [3.4s]: train==[6012.12815=6003.17422 + 1.88354 + 0.00000 + 1.10317 + 5.96721]
Epoch 1098 [3.4s]: train==[6052.10067=6043.18475 + 1.88507 + 0.00000 + 1.10440 + 5.92642]
drop_flag:  True ,	 mess_dropout:  [0.0, 0.0]
rate_batch  torch.Size([1162, 753])
gt_count  8427
candidate_count  874986
ideal candidate count  874986
Epoch 1099 [3.5s + 5.9s]: train==[6154.98886=6146.03932 + 1.88500 + 0.00000 + 1.10041 + 5.96416]
 recall=[0.23806, 0.50660], precision=[0.32633, 0.18021],  ndcg=[0.35536, 0.22849], RMRR=[0.11186, 0.15857]
Epoch 1100 [3.5s]: train==[6065.64915=6056.73422 + 1.88775 + 0.00000 + 1.09757 + 5.92956]
Epoch 1101 [3.4s]: train==[6134.63748=6125.66562 + 1.89198 + 0.00000 + 1.10075 + 5.97911]
Epoch 1102 [3.4s]: train==[6009.79298=6000.90421 + 1.88778 + 0.00000 + 1.09485 + 5.90612]
Epoch 1103 [3.4s]: train==[6091.01855=6082.03038 + 1.88921 + 0.00000 + 1.10177 + 5.99720]
Epoch 1104 [3.4s]: train==[6208.80915=6199.90294 + 1.89144 + 0.00000 + 1.09281 + 5.92199]
Epoch 1105 [3.4s]: train==[6007.32091=5998.44118 + 1.89599 + 0.00000 + 1.09397 + 5.88970]
Epoch 1106 [3.4s]: train==[5948.65337=5939.75702 + 1.89756 + 0.00000 + 1.09441 + 5.90438]
Epoch 1107 [3.4s]: train==[6050.78286=6041.85446 + 1.89508 + 0.00000 + 1.09728 + 5.93602]
Epoch 1108 [3.4s]: train==[6147.99358=6139.12558 + 1.89378 + 0.00000 + 1.09012 + 5.88409]
drop_flag:  True ,	 mess_dropout:  [0.0, 0.0]
rate_batch  torch.Size([1162, 753])
gt_count  8427
candidate_count  874986
ideal candidate count  874986
Epoch 1109 [3.4s + 5.9s]: train==[6168.63124=6159.72473 + 1.89428 + 0.00000 + 1.09411 + 5.91807]
 recall=[0.23921, 0.51016], precision=[0.32496, 0.18068],  ndcg=[0.35445, 0.22824], RMRR=[0.11308, 0.15798]
Epoch 1110 [3.4s]: train==[6095.83205=6086.92392 + 1.89584 + 0.00000 + 1.09363 + 5.91872]
Epoch 1111 [3.4s]: train==[6096.69682=6087.85504 + 1.89279 + 0.00000 + 1.09006 + 5.85886]
Epoch 1112 [3.4s]: train==[6006.30868=5997.45889 + 1.89493 + 0.00000 + 1.09277 + 5.86216]
Epoch 1113 [3.4s]: train==[6029.68246=6020.84422 + 1.89844 + 0.00000 + 1.09027 + 5.84960]
Epoch 1114 [3.4s]: train==[6014.78322=6005.91438 + 1.89841 + 0.00000 + 1.09032 + 5.88016]
Epoch 1115 [3.4s]: train==[6027.59316=6018.76328 + 1.90011 + 0.00000 + 1.08764 + 5.84214]
Epoch 1116 [3.4s]: train==[6256.89341=6248.00101 + 1.89604 + 0.00000 + 1.08708 + 5.90925]
Epoch 1117 [3.4s]: train==[6059.77714=6050.91103 + 1.89616 + 0.00000 + 1.08576 + 5.88425]
Epoch 1118 [3.5s]: train==[6017.02550=6008.16167 + 1.89893 + 0.00000 + 1.08830 + 5.87659]
drop_flag:  True ,	 mess_dropout:  [0.0, 0.0]
rate_batch  torch.Size([1162, 753])
gt_count  8427
candidate_count  874986
ideal candidate count  874986
Epoch 1119 [3.4s + 5.8s]: train==[5950.40475=5941.53743 + 1.90238 + 0.00000 + 1.08503 + 5.87994]
 recall=[0.23315, 0.50586], precision=[0.31876, 0.18008],  ndcg=[0.34942, 0.22737], RMRR=[0.11391, 0.16084]
Epoch 1120 [3.4s]: train==[5825.34877=5816.48911 + 1.89803 + 0.00000 + 1.08478 + 5.87686]
Epoch 1121 [3.4s]: train==[6255.96276=6247.09654 + 1.89982 + 0.00000 + 1.08504 + 5.88141]
Epoch 1122 [3.4s]: train==[6241.80097=6232.88220 + 1.90400 + 0.00000 + 1.08841 + 5.92642]
Epoch 1123 [3.4s]: train==[6064.46236=6055.52437 + 1.90135 + 0.00000 + 1.08922 + 5.94743]
Epoch 1124 [3.4s]: train==[6178.91897=6170.04514 + 1.89799 + 0.00000 + 1.08646 + 5.88940]
Epoch 1125 [3.4s]: train==[6106.47322=6097.60237 + 1.89716 + 0.00000 + 1.08269 + 5.89098]
Epoch 1126 [3.5s]: train==[6197.75537=6188.87186 + 1.90162 + 0.00000 + 1.08502 + 5.89686]
Epoch 1127 [3.5s]: train==[6261.00969=6252.13371 + 1.89882 + 0.00000 + 1.08287 + 5.89424]
Epoch 1128 [3.5s]: train==[6179.51429=6170.61884 + 1.89980 + 0.00000 + 1.08442 + 5.91119]
drop_flag:  True ,	 mess_dropout:  [0.0, 0.0]
rate_batch  torch.Size([1162, 753])
gt_count  8427
candidate_count  874986
ideal candidate count  874986
Epoch 1129 [3.4s + 5.9s]: train==[5977.43956=5968.50917 + 1.90057 + 0.00000 + 1.08582 + 5.94399]
 recall=[0.23388, 0.50749], precision=[0.32427, 0.18055],  ndcg=[0.35324, 0.22829], RMRR=[0.11225, 0.16000]
Epoch 1130 [3.4s]: train==[6249.76832=6240.81613 + 1.90264 + 0.00000 + 1.08716 + 5.96243]
Epoch 1131 [3.4s]: train==[6051.60507=6042.71130 + 1.90585 + 0.00000 + 1.08149 + 5.90647]
Epoch 1132 [3.4s]: train==[5941.48084=5932.62396 + 1.90543 + 0.00000 + 1.08072 + 5.87072]
Epoch 1133 [3.4s]: train==[5973.81061=5964.93370 + 1.90225 + 0.00000 + 1.08222 + 5.89245]
Epoch 1134 [3.4s]: train==[6133.10480=6124.22469 + 1.90553 + 0.00000 + 1.08042 + 5.89417]
Epoch 1135 [3.5s]: train==[5885.77491=5876.89658 + 1.90642 + 0.00000 + 1.07702 + 5.89491]
Epoch 1136 [3.5s]: train==[6197.97129=6189.07094 + 1.91077 + 0.00000 + 1.08045 + 5.90907]
Epoch 1137 [3.4s]: train==[5885.83075=5876.94659 + 1.91452 + 0.00000 + 1.08123 + 5.88842]
Epoch 1138 [3.4s]: train==[6035.65346=6026.75459 + 1.91149 + 0.00000 + 1.08061 + 5.90677]
drop_flag:  True ,	 mess_dropout:  [0.0, 0.0]
rate_batch  torch.Size([1162, 753])
gt_count  8427
candidate_count  874986
ideal candidate count  874986
Epoch 1139 [3.4s + 5.9s]: train==[6040.77701=6031.92171 + 1.91132 + 0.00000 + 1.07754 + 5.86650]
 recall=[0.23771, 0.50483], precision=[0.32737, 0.17969],  ndcg=[0.35682, 0.22826], RMRR=[0.11461, 0.16119]
Epoch 1140 [3.4s]: train==[6102.32677=6093.46130 + 1.90721 + 0.00000 + 1.07834 + 5.87994]
Epoch 1141 [3.4s]: train==[6072.37481=6063.49484 + 1.90817 + 0.00000 + 1.08032 + 5.89147]
Epoch 1142 [3.4s]: train==[6066.89672=6057.98477 + 1.91009 + 0.00000 + 1.08017 + 5.92167]
Epoch 1143 [3.4s]: train==[6352.23652=6343.35410 + 1.90907 + 0.00000 + 1.07763 + 5.89573]
Epoch 1144 [3.5s]: train==[6098.11796=6089.19820 + 1.91171 + 0.00000 + 1.07915 + 5.92895]
Epoch 1145 [3.4s]: train==[6205.40747=6196.52072 + 1.90964 + 0.00000 + 1.07724 + 5.89982]
Epoch 1146 [3.4s]: train==[6138.41497=6129.53311 + 1.91286 + 0.00000 + 1.07650 + 5.89246]
Epoch 1147 [3.4s]: train==[5917.32879=5908.46123 + 1.90983 + 0.00000 + 1.07520 + 5.88249]
Epoch 1148 [3.4s]: train==[5939.84877=5930.97765 + 1.90684 + 0.00000 + 1.07605 + 5.88823]
drop_flag:  True ,	 mess_dropout:  [0.0, 0.0]
rate_batch  torch.Size([1162, 753])
gt_count  8427
candidate_count  874986
ideal candidate count  874986
Epoch 1149 [3.4s + 5.9s]: train==[6208.95808=6200.12589 + 1.91114 + 0.00000 + 1.07416 + 5.84678]
 recall=[0.23977, 0.50496], precision=[0.32341, 0.17939],  ndcg=[0.35126, 0.22618], RMRR=[0.11217, 0.15863]
Epoch 1150 [3.4s]: train==[5935.91467=5926.96765 + 1.90991 + 0.00000 + 1.07698 + 5.96021]
Epoch 1151 [3.4s]: train==[6108.90809=6099.99979 + 1.91340 + 0.00000 + 1.07445 + 5.92034]
Epoch 1152 [3.5s]: train==[6108.81413=6099.89645 + 1.90860 + 0.00000 + 1.07306 + 5.93601]
Epoch 1153 [3.5s]: train==[6174.10873=6165.19470 + 1.91467 + 0.00000 + 1.07727 + 5.92211]
Epoch 1154 [3.4s]: train==[6146.21666=6137.27194 + 1.91626 + 0.00000 + 1.07376 + 5.95465]
Epoch 1155 [3.4s]: train==[6002.27301=5993.27580 + 1.91701 + 0.00000 + 1.07396 + 6.00626]
Epoch 1156 [3.4s]: train==[6036.50444=6027.60138 + 1.91510 + 0.00000 + 1.07063 + 5.91734]
Epoch 1157 [3.4s]: train==[6176.35850=6167.44821 + 1.91656 + 0.00000 + 1.07011 + 5.92358]
Epoch 1158 [3.4s]: train==[5950.47791=5941.55791 + 1.91484 + 0.00000 + 1.07412 + 5.93105]
drop_flag:  True ,	 mess_dropout:  [0.0, 0.0]
rate_batch  torch.Size([1162, 753])
gt_count  8427
candidate_count  874986
ideal candidate count  874986
Epoch 1159 [3.4s + 5.9s]: train==[6137.28479=6128.37100 + 1.91420 + 0.00000 + 1.07216 + 5.92747]
 recall=[0.23796, 0.50388], precision=[0.32702, 0.18098],  ndcg=[0.35836, 0.22989], RMRR=[0.11212, 0.15782]
Epoch 1160 [3.5s]: train==[6038.70895=6029.78751 + 1.91567 + 0.00000 + 1.06847 + 5.93722]
Epoch 1161 [3.5s]: train==[6281.56807=6272.69101 + 1.91832 + 0.00000 + 1.06858 + 5.89010]
Epoch 1162 [3.4s]: train==[6303.36551=6294.52925 + 1.91084 + 0.00000 + 1.06642 + 5.85898]
Epoch 1163 [3.4s]: train==[6164.48945=6155.61214 + 1.91609 + 0.00000 + 1.06653 + 5.89471]
Epoch 1164 [3.4s]: train==[5996.11948=5987.23767 + 1.91970 + 0.00000 + 1.06907 + 5.89304]
Epoch 1165 [3.4s]: train==[6026.88938=6018.02390 + 1.91627 + 0.00000 + 1.06733 + 5.88183]
Epoch 1166 [3.4s]: train==[6207.51776=6198.66620 + 1.91786 + 0.00000 + 1.06574 + 5.86791]
Epoch 1167 [3.4s]: train==[6083.02957=6074.17189 + 1.92088 + 0.00000 + 1.06519 + 5.87163]
Epoch 1168 [3.4s]: train==[5930.02871=5921.11172 + 1.92103 + 0.00000 + 1.06784 + 5.92818]
drop_flag:  True ,	 mess_dropout:  [0.0, 0.0]
rate_batch  torch.Size([1162, 753])
gt_count  8427
candidate_count  874986
ideal candidate count  874986
Epoch 1169 [3.4s + 5.9s]: train==[5949.71611=5940.82233 + 1.91908 + 0.00000 + 1.06575 + 5.90901]
 recall=[0.23726, 0.51169], precision=[0.32272, 0.18137],  ndcg=[0.35280, 0.22894], RMRR=[0.11219, 0.16011]
Epoch 1170 [3.5s]: train==[6094.70544=6085.84479 + 1.92075 + 0.00000 + 1.06363 + 5.87633]
Epoch 1171 [3.4s]: train==[5970.90267=5962.03482 + 1.92176 + 0.00000 + 1.06163 + 5.88450]
Epoch 1172 [3.4s]: train==[6144.42095=6135.58308 + 1.92234 + 0.00000 + 1.05942 + 5.85614]
Epoch 1173 [3.4s]: train==[5927.67660=5918.81647 + 1.91887 + 0.00000 + 1.05954 + 5.88172]
Epoch 1174 [3.4s]: train==[6095.89398=6087.05479 + 1.91886 + 0.00000 + 1.05884 + 5.86149]
Epoch 1175 [3.4s]: train==[6011.77849=6002.91881 + 1.91778 + 0.00000 + 1.05944 + 5.88253]
Epoch 1176 [3.4s]: train==[6065.44585=6056.60822 + 1.92232 + 0.00000 + 1.05828 + 5.85713]
Epoch 1177 [3.4s]: train==[5974.40625=5965.61929 + 1.92465 + 0.00000 + 1.05323 + 5.80912]
Epoch 1178 [3.4s]: train==[6036.68309=6027.85378 + 1.92460 + 0.00000 + 1.05542 + 5.84927]
drop_flag:  True ,	 mess_dropout:  [0.0, 0.0]
rate_batch  torch.Size([1162, 753])
gt_count  8427
candidate_count  874986
ideal candidate count  874986
Epoch 1179 [3.4s + 5.9s]: train==[6211.84662=6203.01889 + 1.92454 + 0.00000 + 1.05235 + 5.85083]
 recall=[0.24283, 0.50962], precision=[0.32754, 0.18098],  ndcg=[0.35749, 0.22956], RMRR=[0.11264, 0.15971]
Epoch 1180 [3.4s]: train==[6133.20896=6124.34756 + 1.92101 + 0.00000 + 1.05796 + 5.88243]
Epoch 1181 [3.4s]: train==[6129.59619=6120.70566 + 1.92802 + 0.00000 + 1.05905 + 5.90341]
Epoch 1182 [3.4s]: train==[6093.56840=6084.79799 + 1.92744 + 0.00000 + 1.05168 + 5.79121]
Epoch 1183 [3.5s]: train==[5903.86328=5895.06372 + 1.92801 + 0.00000 + 1.05677 + 5.81481]
Epoch 1184 [3.4s]: train==[5916.91695=5908.13834 + 1.92246 + 0.00000 + 1.05144 + 5.80471]
Epoch 1185 [3.4s]: train==[6064.73220=6055.88994 + 1.92930 + 0.00000 + 1.05470 + 5.85827]
Epoch 1186 [3.4s]: train==[5918.52253=5909.63167 + 1.93188 + 0.00000 + 1.05870 + 5.90027]
Epoch 1187 [3.4s]: train==[6098.26191=6089.47136 + 1.93119 + 0.00000 + 1.05071 + 5.80864]
Epoch 1188 [3.5s]: train==[6104.01141=6095.19023 + 1.92743 + 0.00000 + 1.05153 + 5.84223]
drop_flag:  True ,	 mess_dropout:  [0.0, 0.0]
rate_batch  torch.Size([1162, 753])
gt_count  8427
candidate_count  874986
ideal candidate count  874986
Epoch 1189 [3.5s + 5.9s]: train==[5980.94387=5972.12971 + 1.92932 + 0.00000 + 1.05017 + 5.83461]
 recall=[0.23936, 0.50677], precision=[0.33012, 0.18171],  ndcg=[0.36071, 0.23098], RMRR=[0.11222, 0.15949]
Epoch 1190 [3.4s]: train==[6041.03860=6032.20236 + 1.92964 + 0.00000 + 1.05373 + 5.85288]
Epoch 1191 [3.4s]: train==[6173.30500=6164.49765 + 1.92877 + 0.00000 + 1.05065 + 5.82793]
Epoch 1192 [3.4s]: train==[5985.06463=5976.27286 + 1.92760 + 0.00000 + 1.05040 + 5.81374]
Epoch 1193 [3.4s]: train==[6137.35543=6128.52101 + 1.92635 + 0.00000 + 1.04998 + 5.85808]
Epoch 1194 [3.4s]: train==[6106.27903=6097.47981 + 1.92875 + 0.00000 + 1.05205 + 5.81841]
Epoch 1195 [3.5s]: train==[5898.97219=5890.18910 + 1.93055 + 0.00000 + 1.05177 + 5.80078]
Epoch 1196 [3.4s]: train==[5910.41569=5901.61214 + 1.93025 + 0.00000 + 1.05029 + 5.82304]
Epoch 1197 [3.5s]: train==[6163.02735=6154.22009 + 1.93349 + 0.00000 + 1.04906 + 5.82471]
Epoch 1198 [3.5s]: train==[6156.35696=6147.52841 + 1.93140 + 0.00000 + 1.04931 + 5.84783]
drop_flag:  True ,	 mess_dropout:  [0.0, 0.0]
rate_batch  torch.Size([1162, 753])
gt_count  8427
candidate_count  874986
ideal candidate count  874986
Epoch 1199 [3.4s + 5.9s]: train==[6108.79581=6099.98720 + 1.93072 + 0.00000 + 1.05019 + 5.82772]
 recall=[0.24138, 0.51523], precision=[0.32978, 0.18318],  ndcg=[0.35982, 0.23182], RMRR=[0.11607, 0.16363]
Epoch 1200 [3.5s]: train==[6049.51021=6040.68259 + 1.93212 + 0.00000 + 1.04752 + 5.84797]
Epoch 1201 [3.4s]: train==[6146.18783=6137.38754 + 1.93385 + 0.00000 + 1.04682 + 5.81966]
Epoch 1202 [3.4s]: train==[6086.86337=6078.04570 + 1.93250 + 0.00000 + 1.04939 + 5.83578]
Epoch 1203 [3.4s]: train==[6189.06114=6180.25015 + 1.93930 + 0.00000 + 1.04589 + 5.82583]
Epoch 1204 [3.4s]: train==[6003.97842=5995.14125 + 1.93155 + 0.00000 + 1.04713 + 5.85846]
Epoch 1205 [3.4s]: train==[6246.72113=6237.91920 + 1.93266 + 0.00000 + 1.04431 + 5.82495]
Epoch 1206 [3.4s]: train==[6105.90548=6097.05040 + 1.93428 + 0.00000 + 1.04575 + 5.87497]
Epoch 1207 [3.4s]: train==[6200.83731=6192.01045 + 1.93521 + 0.00000 + 1.04438 + 5.84731]
Epoch 1208 [3.4s]: train==[5920.54008=5911.73146 + 1.93691 + 0.00000 + 1.04709 + 5.82464]
drop_flag:  True ,	 mess_dropout:  [0.0, 0.0]
rate_batch  torch.Size([1162, 753])
gt_count  8427
candidate_count  874986
ideal candidate count  874986
Epoch 1209 [3.4s + 5.8s]: train==[6108.35148=6099.53107 + 1.93400 + 0.00000 + 1.04574 + 5.84063]
 recall=[0.23872, 0.51117], precision=[0.33046, 0.18188],  ndcg=[0.35939, 0.23061], RMRR=[0.11454, 0.16220]
Epoch 1210 [3.4s]: train==[5912.58581=5903.80475 + 1.93832 + 0.00000 + 1.04581 + 5.79697]
Epoch 1211 [3.4s]: train==[6062.34240=6053.55319 + 1.93438 + 0.00000 + 1.04300 + 5.81193]
Epoch 1212 [3.4s]: train==[6025.60236=6016.82019 + 1.93661 + 0.00000 + 1.04346 + 5.80210]
Epoch 1213 [3.4s]: train==[5960.69076=5951.91374 + 1.93843 + 0.00000 + 1.04521 + 5.79341]
Epoch 1214 [3.5s]: train==[6181.58567=6172.82887 + 1.93558 + 0.00000 + 1.04032 + 5.78091]
Epoch 1215 [3.5s]: train==[5985.93160=5977.11449 + 1.93629 + 0.00000 + 1.04113 + 5.83966]
Epoch 1216 [3.4s]: train==[6006.75017=5997.91853 + 1.94032 + 0.00000 + 1.04151 + 5.84982]
Epoch 1217 [3.4s]: train==[6253.07536=6244.30750 + 1.94305 + 0.00000 + 1.03983 + 5.78500]
Epoch 1218 [3.4s]: train==[6183.20201=6174.38034 + 1.94055 + 0.00000 + 1.04086 + 5.84026]
drop_flag:  True ,	 mess_dropout:  [0.0, 0.0]
rate_batch  torch.Size([1162, 753])
gt_count  8427
candidate_count  874986
ideal candidate count  874986
Epoch 1219 [3.4s + 5.8s]: train==[6132.45142=6123.60133 + 1.94286 + 0.00000 + 1.04251 + 5.86465]
 recall=[0.23939, 0.50618], precision=[0.32857, 0.18081],  ndcg=[0.35636, 0.22898], RMRR=[0.11405, 0.16237]
Epoch 1220 [3.4s]: train==[6083.82895=6075.03996 + 1.93964 + 0.00000 + 1.04159 + 5.80776]
Epoch 1221 [3.4s]: train==[6101.56664=6092.79355 + 1.93906 + 0.00000 + 1.03934 + 5.79470]
Epoch 1222 [3.4s]: train==[6017.63753=6008.80775 + 1.94151 + 0.00000 + 1.03973 + 5.84849]
Epoch 1223 [3.5s]: train==[6060.47095=6051.66174 + 1.94438 + 0.00000 + 1.04007 + 5.82480]
Epoch 1224 [3.4s]: train==[6115.98374=6107.22716 + 1.94397 + 0.00000 + 1.03507 + 5.77753]
Epoch 1225 [3.4s]: train==[5937.67734=5928.85216 + 1.94445 + 0.00000 + 1.04109 + 5.83970]
Epoch 1226 [3.4s]: train==[6145.23921=6136.45949 + 1.94092 + 0.00000 + 1.03935 + 5.79944]
Epoch 1227 [3.4s]: train==[6114.67370=6105.88252 + 1.94145 + 0.00000 + 1.03777 + 5.81190]
Epoch 1228 [3.4s]: train==[6287.27089=6278.51425 + 1.94028 + 0.00000 + 1.03444 + 5.78198]
drop_flag:  True ,	 mess_dropout:  [0.0, 0.0]
rate_batch  torch.Size([1162, 753])
gt_count  8427
candidate_count  874986
ideal candidate count  874986
Epoch 1229 [3.4s + 5.9s]: train==[6248.53066=6239.73413 + 1.94383 + 0.00000 + 1.03448 + 5.81828]
 recall=[0.23558, 0.50526], precision=[0.31893, 0.17935],  ndcg=[0.34975, 0.22661], RMRR=[0.11358, 0.15915]
Epoch 1230 [3.4s]: train==[6162.49249=6153.70808 + 1.94348 + 0.00000 + 1.03722 + 5.80370]
Epoch 1231 [3.5s]: train==[6070.97884=6062.25214 + 1.94302 + 0.00000 + 1.03267 + 5.75100]
Epoch 1232 [3.4s]: train==[5940.30183=5931.53798 + 1.94302 + 0.00000 + 1.03587 + 5.78501]
Epoch 1233 [3.4s]: train==[6026.69343=6017.91940 + 1.94417 + 0.00000 + 1.03576 + 5.79416]
Epoch 1234 [3.4s]: train==[6218.11841=6209.27814 + 1.94220 + 0.00000 + 1.03610 + 5.86197]
Epoch 1235 [3.4s]: train==[6110.18756=6101.38803 + 1.94277 + 0.00000 + 1.03352 + 5.82322]
Epoch 1236 [3.4s]: train==[6195.05312=6186.28622 + 1.94720 + 0.00000 + 1.03210 + 5.78754]
Epoch 1237 [3.4s]: train==[6204.15751=6195.42552 + 1.94831 + 0.00000 + 1.03080 + 5.75285]
Epoch 1238 [3.4s]: train==[6075.84041=6067.08105 + 1.94448 + 0.00000 + 1.03266 + 5.78224]
drop_flag:  True ,	 mess_dropout:  [0.0, 0.0]
rate_batch  torch.Size([1162, 753])
gt_count  8427
candidate_count  874986
ideal candidate count  874986
Epoch 1239 [3.5s + 5.9s]: train==[5887.61234=5878.85458 + 1.94961 + 0.00000 + 1.03504 + 5.77314]
 recall=[0.24178, 0.51694], precision=[0.32892, 0.18330],  ndcg=[0.35788, 0.23139], RMRR=[0.11667, 0.16409]
Epoch 1240 [3.5s]: train==[5862.71941=5853.98695 + 1.95020 + 0.00000 + 1.03204 + 5.75022]
Epoch 1241 [3.5s]: train==[5830.95155=5822.23940 + 1.94861 + 0.00000 + 1.02905 + 5.73445]
Epoch 1242 [3.4s]: train==[6036.59113=6027.92764 + 1.94513 + 0.00000 + 1.02700 + 5.69141]
Epoch 1243 [3.4s]: train==[6088.51909=6079.81706 + 1.94782 + 0.00000 + 1.02824 + 5.72591]
Epoch 1244 [3.4s]: train==[5966.34409=5957.63541 + 1.95096 + 0.00000 + 1.02787 + 5.72984]
Epoch 1245 [3.4s]: train==[6056.83122=6048.05380 + 1.94885 + 0.00000 + 1.03328 + 5.79527]
Epoch 1246 [3.4s]: train==[6045.63281=6036.86911 + 1.95033 + 0.00000 + 1.03090 + 5.78247]
Epoch 1247 [3.4s]: train==[6061.97892=6053.20718 + 1.94608 + 0.00000 + 1.03077 + 5.79492]
Epoch 1248 [3.4s]: train==[6167.85815=6159.07158 + 1.94562 + 0.00000 + 1.03112 + 5.80987]
drop_flag:  True ,	 mess_dropout:  [0.0, 0.0]
rate_batch  torch.Size([1162, 753])
gt_count  8427
candidate_count  874986
ideal candidate count  874986
Epoch 1249 [3.4s + 5.9s]: train==[6013.55266=6004.76660 + 1.94718 + 0.00000 + 1.03017 + 5.80867]
 recall=[0.23627, 0.50838], precision=[0.32565, 0.18184],  ndcg=[0.35698, 0.23044], RMRR=[0.11353, 0.16077]
Epoch 1250 [3.5s]: train==[6215.93469=6207.18568 + 1.95295 + 0.00000 + 1.02721 + 5.76889]
Epoch 1251 [3.4s]: train==[6016.14278=6007.41476 + 1.94896 + 0.00000 + 1.02559 + 5.75345]
Epoch 1252 [3.4s]: train==[6088.31483=6079.61523 + 1.95365 + 0.00000 + 1.02179 + 5.72415]
Epoch 1253 [3.4s]: train==[5998.48973=5989.74266 + 1.95126 + 0.00000 + 1.02726 + 5.76858]
Epoch 1254 [3.4s]: train==[5999.28062=5990.53859 + 1.94538 + 0.00000 + 1.02544 + 5.77120]
Epoch 1255 [3.4s]: train==[6302.47316=6293.70135 + 1.95221 + 0.00000 + 1.02936 + 5.79022]
Epoch 1256 [3.4s]: train==[5939.60177=5930.81572 + 1.95069 + 0.00000 + 1.03097 + 5.80439]
Epoch 1257 [3.4s]: train==[6029.85099=6021.09631 + 1.94808 + 0.00000 + 1.02607 + 5.78053]
Epoch 1258 [3.4s]: train==[6193.89058=6185.14938 + 1.95426 + 0.00000 + 1.02524 + 5.76174]
drop_flag:  True ,	 mess_dropout:  [0.0, 0.0]
rate_batch  torch.Size([1162, 753])
gt_count  8427
candidate_count  874986
ideal candidate count  874986
Epoch 1259 [3.5s + 5.9s]: train==[6267.96249=6259.19730 + 1.95561 + 0.00000 + 1.02637 + 5.78321]
 recall=[0.23323, 0.50743], precision=[0.32169, 0.18077],  ndcg=[0.35084, 0.22808], RMRR=[0.11271, 0.16101]
Epoch 1260 [3.4s]: train==[5891.15476=5882.39264 + 1.95522 + 0.00000 + 1.02395 + 5.78297]
Epoch 1261 [3.4s]: train==[5918.04487=5909.34213 + 1.95714 + 0.00000 + 1.02259 + 5.72300]
Epoch 1262 [3.4s]: train==[6044.43687=6035.66148 + 1.95728 + 0.00000 + 1.02584 + 5.79230]
Epoch 1263 [3.4s]: train==[6032.58466=6023.77132 + 1.95411 + 0.00000 + 1.02378 + 5.83548]
Epoch 1264 [3.4s]: train==[6280.99789=6272.27162 + 1.95414 + 0.00000 + 1.02127 + 5.75095]
Epoch 1265 [3.4s]: train==[5916.47420=5907.72897 + 1.95664 + 0.00000 + 1.02124 + 5.76734]
Epoch 1266 [3.4s]: train==[5881.41181=5872.64268 + 1.95425 + 0.00000 + 1.02093 + 5.79397]
Epoch 1267 [3.4s]: train==[6094.33875=6085.61548 + 1.95304 + 0.00000 + 1.02328 + 5.74691]
Epoch 1268 [3.5s]: train==[6076.99316=6068.23201 + 1.96082 + 0.00000 + 1.01988 + 5.78043]
drop_flag:  True ,	 mess_dropout:  [0.0, 0.0]
rate_batch  torch.Size([1162, 753])
gt_count  8427
candidate_count  874986
ideal candidate count  874986
Epoch 1269 [3.4s + 5.9s]: train==[5959.59805=5950.82164 + 1.95787 + 0.00000 + 1.02043 + 5.79816]
 recall=[0.23642, 0.51346], precision=[0.32427, 0.18171],  ndcg=[0.35423, 0.22974], RMRR=[0.11137, 0.16066]
Epoch 1270 [3.4s]: train==[6123.72546=6114.96709 + 1.95828 + 0.00000 + 1.02050 + 5.77959]
Epoch 1271 [3.4s]: train==[6138.74518=6130.02715 + 1.95940 + 0.00000 + 1.01933 + 5.73937]
Epoch 1272 [3.4s]: train==[6014.60837=6005.90866 + 1.95894 + 0.00000 + 1.01726 + 5.72351]
Epoch 1273 [3.4s]: train==[6205.22051=6196.51749 + 1.95835 + 0.00000 + 1.01837 + 5.72631]
Epoch 1274 [3.5s]: train==[6266.07286=6257.34453 + 1.96146 + 0.00000 + 1.01924 + 5.74762]
Epoch 1275 [3.4s]: train==[6109.26202=6100.53477 + 1.96259 + 0.00000 + 1.01662 + 5.74803]
Epoch 1276 [3.5s]: train==[6120.79122=6112.05232 + 1.96056 + 0.00000 + 1.01561 + 5.76269]
Epoch 1277 [3.4s]: train==[5948.13679=5939.38806 + 1.96332 + 0.00000 + 1.01507 + 5.77033]
Epoch 1278 [3.4s]: train==[6103.19476=6094.47307 + 1.96305 + 0.00000 + 1.01794 + 5.74066]
drop_flag:  True ,	 mess_dropout:  [0.0, 0.0]
rate_batch  torch.Size([1162, 753])
gt_count  8427
candidate_count  874986
ideal candidate count  874986
Epoch 1279 [3.4s + 5.9s]: train==[6115.73121=6107.01366 + 1.96446 + 0.00000 + 1.01847 + 5.73462]
 recall=[0.23898, 0.50585], precision=[0.32547, 0.18133],  ndcg=[0.35430, 0.22921], RMRR=[0.11308, 0.16007]
Epoch 1280 [3.4s]: train==[5931.95157=5923.23785 + 1.96662 + 0.00000 + 1.01724 + 5.72982]
Epoch 1281 [3.4s]: train==[5935.88397=5927.17726 + 1.97032 + 0.00000 + 1.01926 + 5.71711]
Epoch 1282 [3.4s]: train==[5944.13991=5935.37566 + 1.96488 + 0.00000 + 1.01840 + 5.78097]
Epoch 1283 [3.4s]: train==[6001.57841=5992.86084 + 1.96660 + 0.00000 + 1.01363 + 5.73735]
Epoch 1284 [3.4s]: train==[5992.44282=5983.74780 + 1.96315 + 0.00000 + 1.01648 + 5.71536]
Epoch 1285 [3.5s]: train==[5749.88878=5741.18375 + 1.96472 + 0.00000 + 1.01464 + 5.72568]
Epoch 1286 [3.4s]: train==[6251.42556=6242.70738 + 1.96150 + 0.00000 + 1.01379 + 5.74287]
Epoch 1287 [3.4s]: train==[6071.52238=6062.84491 + 1.96018 + 0.00000 + 1.01289 + 5.70438]
Epoch 1288 [3.4s]: train==[6149.66326=6140.97414 + 1.96352 + 0.00000 + 1.01160 + 5.71402]
drop_flag:  True ,	 mess_dropout:  [0.0, 0.0]
rate_batch  torch.Size([1162, 753])
gt_count  8427
candidate_count  874986
ideal candidate count  874986
Epoch 1289 [3.4s + 5.8s]: train==[6250.73800=6242.06035 + 1.96596 + 0.00000 + 1.01125 + 5.70049]
 recall=[0.24044, 0.51511], precision=[0.32909, 0.18318],  ndcg=[0.35898, 0.23160], RMRR=[0.11410, 0.16328]
Epoch 1290 [3.4s]: train==[6059.59887=6050.86984 + 1.96322 + 0.00000 + 1.01673 + 5.74906]
Epoch 1291 [3.4s]: train==[6093.34493=6084.64487 + 1.96915 + 0.00000 + 1.01474 + 5.71626]
Epoch 1292 [3.4s]: train==[6221.93720=6213.19937 + 1.96449 + 0.00000 + 1.01288 + 5.76059]
Epoch 1293 [3.5s]: train==[6163.51306=6154.80446 + 1.96321 + 0.00000 + 1.00907 + 5.73635]
Epoch 1294 [3.4s]: train==[6053.41711=6044.68484 + 1.96872 + 0.00000 + 1.01249 + 5.75101]
Epoch 1295 [3.4s]: train==[6061.93167=6053.23030 + 1.96539 + 0.00000 + 1.01197 + 5.72402]
Epoch 1296 [3.4s]: train==[5840.36802=5831.67691 + 1.96865 + 0.00000 + 1.01177 + 5.71068]
Epoch 1297 [3.4s]: train==[5975.24455=5966.54369 + 1.96833 + 0.00000 + 1.01154 + 5.72093]
Epoch 1298 [3.4s]: train==[6135.74216=6127.03883 + 1.96944 + 0.00000 + 1.00957 + 5.72427]
drop_flag:  True ,	 mess_dropout:  [0.0, 0.0]
rate_batch  torch.Size([1162, 753])
gt_count  8427
candidate_count  874986
ideal candidate count  874986
Epoch 1299 [3.4s + 5.8s]: train==[6196.82613=6188.15918 + 1.96973 + 0.00000 + 1.00952 + 5.68776]
 recall=[0.24103, 0.51201], precision=[0.33064, 0.18206],  ndcg=[0.36135, 0.23138], RMRR=[0.11780, 0.16418]
Epoch 1300 [3.4s]: train==[5978.23604=5969.50854 + 1.96855 + 0.00000 + 1.00939 + 5.74957]
Epoch 1301 [3.4s]: train==[6054.75697=6046.04300 + 1.96615 + 0.00000 + 1.00910 + 5.73871]
Epoch 1302 [3.4s]: train==[6221.43631=6212.77692 + 1.96703 + 0.00000 + 1.00642 + 5.68589]
Epoch 1303 [3.4s]: train==[6064.56455=6055.88495 + 1.96983 + 0.00000 + 1.00841 + 5.70136]
Epoch 1304 [3.4s]: train==[6118.86542=6110.21753 + 1.96872 + 0.00000 + 1.00567 + 5.67358]
Epoch 1305 [3.4s]: train==[5940.12951=5931.46082 + 1.96990 + 0.00000 + 1.00744 + 5.69140]
Epoch 1306 [3.4s]: train==[5922.01481=5913.35297 + 1.96581 + 0.00000 + 1.00593 + 5.69009]
Epoch 1307 [3.4s]: train==[6099.18610=6090.51346 + 1.97137 + 0.00000 + 1.00709 + 5.69413]
Epoch 1308 [3.4s]: train==[6308.08917=6299.44644 + 1.96950 + 0.00000 + 1.00580 + 5.66739]
drop_flag:  True ,	 mess_dropout:  [0.0, 0.0]
rate_batch  torch.Size([1162, 753])
gt_count  8427
candidate_count  874986
ideal candidate count  874986
Epoch 1309 [3.4s + 5.9s]: train==[6032.14655=6023.50290 + 1.96886 + 0.00000 + 1.00776 + 5.66699]
 recall=[0.23938, 0.50713], precision=[0.32685, 0.18120],  ndcg=[0.35566, 0.22924], RMRR=[0.11197, 0.15920]
Epoch 1310 [3.4s]: train==[6142.08529=6133.43311 + 1.96773 + 0.00000 + 1.00659 + 5.67786]
Epoch 1311 [3.4s]: train==[6360.48819=6351.83566 + 1.97213 + 0.00000 + 1.00314 + 5.67728]
Epoch 1312 [3.4s]: train==[5882.93504=5874.21988 + 1.97247 + 0.00000 + 1.00605 + 5.73667]
Epoch 1313 [3.4s]: train==[5970.69275=5961.99625 + 1.97303 + 0.00000 + 1.00180 + 5.72162]
Epoch 1314 [3.4s]: train==[6077.90618=6069.23138 + 1.97117 + 0.00000 + 1.00427 + 5.69942]
Epoch 1315 [3.4s]: train==[6077.31625=6068.65010 + 1.96994 + 0.00000 + 1.00241 + 5.69384]
Epoch 1316 [3.4s]: train==[6167.35771=6158.63060 + 1.97192 + 0.00000 + 1.00411 + 5.75112]
Epoch 1317 [3.4s]: train==[5940.10724=5931.27892 + 1.97582 + 0.00000 + 1.00873 + 5.84386]
Epoch 1318 [3.4s]: train==[6295.17010=6286.32930 + 1.97741 + 0.00000 + 1.01287 + 5.85058]
drop_flag:  True ,	 mess_dropout:  [0.0, 0.0]
rate_batch  torch.Size([1162, 753])
gt_count  8427
candidate_count  874986
ideal candidate count  874986
Epoch 1319 [3.4s + 5.9s]: train==[5983.90325=5975.14754 + 1.97496 + 0.00000 + 1.00854 + 5.77227]
 recall=[0.23512, 0.51191], precision=[0.32358, 0.18253],  ndcg=[0.35374, 0.23006], RMRR=[0.11240, 0.16241]
Epoch 1320 [3.4s]: train==[5858.63507=5849.90477 + 1.97577 + 0.00000 + 1.00605 + 5.74843]
Epoch 1321 [3.4s]: train==[5968.95011=5960.20015 + 1.97815 + 0.00000 + 1.00710 + 5.76465]
Epoch 1322 [3.4s]: train==[5957.59389=5948.81558 + 1.98356 + 0.00000 + 1.00604 + 5.78868]
Epoch 1323 [3.4s]: train==[6038.78500=6030.00310 + 1.97743 + 0.00000 + 1.00421 + 5.80026]
Epoch 1324 [3.4s]: train==[6049.97937=6041.28041 + 1.97806 + 0.00000 + 0.99921 + 5.72167]
Epoch 1325 [3.4s]: train==[5978.47276=5969.75699 + 1.98055 + 0.00000 + 1.00256 + 5.73265]
Epoch 1326 [3.4s]: train==[6055.21084=6046.50250 + 1.97833 + 0.00000 + 1.00050 + 5.72952]
Epoch 1327 [3.4s]: train==[6006.51335=5997.83286 + 1.97914 + 0.00000 + 0.99871 + 5.70265]
Epoch 1328 [3.4s]: train==[6132.83145=6124.13939 + 1.97892 + 0.00000 + 1.00031 + 5.71286]
drop_flag:  True ,	 mess_dropout:  [0.0, 0.0]
rate_batch  torch.Size([1162, 753])
gt_count  8427
candidate_count  874986
ideal candidate count  874986
Epoch 1329 [3.5s + 5.9s]: train==[6214.86967=6206.17448 + 1.97407 + 0.00000 + 0.99843 + 5.72265]
 recall=[0.23644, 0.50952], precision=[0.32341, 0.18137],  ndcg=[0.35092, 0.22799], RMRR=[0.11454, 0.16146]
Epoch 1330 [3.4s]: train==[6004.20588=5995.45129 + 1.97540 + 0.00000 + 1.00146 + 5.77772]
Epoch 1331 [3.4s]: train==[6174.23916=6165.49506 + 1.97264 + 0.00000 + 1.00326 + 5.76823]
Epoch 1332 [3.4s]: train==[6413.99182=6405.22797 + 1.97916 + 0.00000 + 1.00559 + 5.77916]
Epoch 1333 [3.4s]: train==[5888.92029=5880.20982 + 1.97780 + 0.00000 + 1.00040 + 5.73225]
Epoch 1334 [3.4s]: train==[6238.46180=6229.74486 + 1.98263 + 0.00000 + 1.00159 + 5.73274]
Epoch 1335 [3.4s]: train==[6187.31733=6178.58517 + 1.97756 + 0.00000 + 1.00073 + 5.75386]
Epoch 1336 [3.4s]: train==[6045.93248=6037.22211 + 1.97975 + 0.00000 + 1.00301 + 5.72767]
Epoch 1337 [3.4s]: train==[5949.54168=5940.86734 + 1.97864 + 0.00000 + 1.00143 + 5.69424]
Epoch 1338 [3.5s]: train==[5982.94800=5974.27913 + 1.97617 + 0.00000 + 0.99726 + 5.69543]
drop_flag:  True ,	 mess_dropout:  [0.0, 0.0]
rate_batch  torch.Size([1162, 753])
gt_count  8427
candidate_count  874986
ideal candidate count  874986
Epoch 1339 [3.4s + 5.8s]: train==[6172.86823=6164.19717 + 1.98337 + 0.00000 + 0.99821 + 5.68947]
 recall=[0.24370, 0.51101], precision=[0.33219, 0.18369],  ndcg=[0.36362, 0.23340], RMRR=[0.11115, 0.15901]
Epoch 1340 [3.4s]: train==[6141.82214=6133.15791 + 1.97794 + 0.00000 + 0.99696 + 5.68930]
Epoch 1341 [3.4s]: train==[6147.39543=6138.71838 + 1.98076 + 0.00000 + 0.99655 + 5.69971]
Epoch 1342 [3.4s]: train==[6150.91997=6142.24280 + 1.97968 + 0.00000 + 0.99660 + 5.70084]
Epoch 1343 [3.4s]: train==[6149.83395=6141.14522 + 1.97952 + 0.00000 + 0.99576 + 5.71350]
Epoch 1344 [3.4s]: train==[6061.33067=6052.65256 + 1.98244 + 0.00000 + 0.99530 + 5.70038]
Epoch 1345 [3.4s]: train==[6008.12270=5999.43645 + 1.98507 + 0.00000 + 0.99582 + 5.70528]
Epoch 1346 [3.5s]: train==[5996.17663=5987.52054 + 1.98471 + 0.00000 + 0.99395 + 5.67747]
Epoch 1347 [3.5s]: train==[5911.62476=5902.95320 + 1.98763 + 0.00000 + 0.99570 + 5.68824]
Epoch 1348 [3.4s]: train==[5908.18170=5899.49931 + 1.98836 + 0.00000 + 0.99482 + 5.69925]
drop_flag:  True ,	 mess_dropout:  [0.0, 0.0]
rate_batch  torch.Size([1162, 753])
gt_count  8427
candidate_count  874986
ideal candidate count  874986
Epoch 1349 [3.4s + 5.8s]: train==[6212.38312=6203.78432 + 1.98624 + 0.00000 + 0.99099 + 5.62157]
 recall=[0.24149, 0.51340], precision=[0.32909, 0.18266],  ndcg=[0.35849, 0.23130], RMRR=[0.11362, 0.16076]
Epoch 1350 [3.4s]: train==[6059.89862=6051.24896 + 1.98776 + 0.00000 + 0.99361 + 5.66827]
Epoch 1351 [3.4s]: train==[5799.31119=5790.63501 + 1.99044 + 0.00000 + 0.99446 + 5.69128]
Epoch 1352 [3.4s]: train==[5986.93887=5978.27448 + 1.98957 + 0.00000 + 0.99283 + 5.68203]
Epoch 1353 [3.4s]: train==[6062.27564=6053.60025 + 1.99319 + 0.00000 + 0.99483 + 5.68733]
Epoch 1354 [3.4s]: train==[5980.27477=5971.62384 + 1.98881 + 0.00000 + 0.99168 + 5.67047]
Epoch 1355 [3.5s]: train==[6300.38555=6291.76674 + 1.98676 + 0.00000 + 0.99000 + 5.64208]
Epoch 1356 [3.4s]: train==[6106.94201=6098.29085 + 1.98848 + 0.00000 + 0.99150 + 5.67120]
Epoch 1357 [3.4s]: train==[6012.00864=6003.39539 + 1.99012 + 0.00000 + 0.98858 + 5.63453]
Epoch 1358 [3.4s]: train==[6137.21286=6128.59595 + 1.98536 + 0.00000 + 0.99013 + 5.64147]
drop_flag:  True ,	 mess_dropout:  [0.0, 0.0]
rate_batch  torch.Size([1162, 753])
gt_count  8427
candidate_count  874986
ideal candidate count  874986
Epoch 1359 [3.4s + 5.8s]: train==[6007.13050=5998.48677 + 1.99312 + 0.00000 + 0.99052 + 5.66011]
 recall=[0.23984, 0.51110], precision=[0.32926, 0.18313],  ndcg=[0.35800, 0.23101], RMRR=[0.11309, 0.15895]
Epoch 1360 [3.4s]: train==[6071.50968=6062.87468 + 1.99201 + 0.00000 + 0.99094 + 5.65206]
Epoch 1361 [3.4s]: train==[5984.08945=5975.44604 + 1.99024 + 0.00000 + 0.99170 + 5.66149]
Epoch 1362 [3.4s]: train==[6118.14187=6109.53539 + 1.99335 + 0.00000 + 0.99117 + 5.62199]
Epoch 1363 [3.4s]: train==[6123.40319=6114.76941 + 1.99534 + 0.00000 + 0.99037 + 5.64811]
Epoch 1364 [3.5s]: train==[6044.21641=6035.60371 + 1.99296 + 0.00000 + 0.98639 + 5.63337]
Epoch 1365 [3.4s]: train==[6045.78523=6037.21558 + 1.99356 + 0.00000 + 0.98666 + 5.58940]
Epoch 1366 [3.4s]: train==[6020.18423=6011.56819 + 2.00091 + 0.00000 + 0.98808 + 5.62709]
Epoch 1367 [3.4s]: train==[6181.07378=6172.46957 + 1.99577 + 0.00000 + 0.98740 + 5.62115]
Epoch 1368 [3.4s]: train==[6012.31371=6003.71355 + 1.99587 + 0.00000 + 0.98839 + 5.61595]
drop_flag:  True ,	 mess_dropout:  [0.0, 0.0]
rate_batch  torch.Size([1162, 753])
gt_count  8427
candidate_count  874986
ideal candidate count  874986
Epoch 1369 [3.4s + 5.8s]: train==[6011.43815=6002.84805 + 1.99242 + 0.00000 + 0.98661 + 5.61101]
 recall=[0.23856, 0.50588], precision=[0.32685, 0.18266],  ndcg=[0.35745, 0.23126], RMRR=[0.11498, 0.16295]
Epoch 1370 [3.4s]: train==[5947.01217=5938.43402 + 1.99054 + 0.00000 + 0.98693 + 5.60063]
Epoch 1371 [3.4s]: train==[6005.89818=5997.32272 + 1.99503 + 0.00000 + 0.98555 + 5.59487]
Epoch 1372 [3.4s]: train==[6081.82717=6073.23524 + 1.99571 + 0.00000 + 0.98696 + 5.60924]
Epoch 1373 [3.4s]: train==[6103.44084=6094.87231 + 1.98735 + 0.00000 + 0.98390 + 5.59728]
Epoch 1374 [3.4s]: train==[6167.22739=6158.60947 + 1.99202 + 0.00000 + 0.98710 + 5.63879]
Epoch 1375 [3.4s]: train==[6029.14883=6020.55399 + 1.99609 + 0.00000 + 0.98365 + 5.61512]
Epoch 1376 [3.4s]: train==[6103.22952=6094.67694 + 1.99562 + 0.00000 + 0.98267 + 5.57431]
Epoch 1377 [3.4s]: train==[6142.62044=6134.05290 + 1.98961 + 0.00000 + 0.98349 + 5.59450]
Epoch 1378 [3.4s]: train==[6155.74152=6147.16431 + 1.99066 + 0.00000 + 0.98471 + 5.60185]
drop_flag:  True ,	 mess_dropout:  [0.0, 0.0]
rate_batch  torch.Size([1162, 753])
gt_count  8427
candidate_count  874986
ideal candidate count  874986
Epoch 1379 [3.4s + 5.9s]: train==[6032.21120=6023.60272 + 1.99426 + 0.00000 + 0.98372 + 5.63050]
 recall=[0.23874, 0.50404], precision=[0.32547, 0.18077],  ndcg=[0.35518, 0.22869], RMRR=[0.11147, 0.15739]
Epoch 1380 [3.5s]: train==[6188.52505=6179.90370 + 1.99614 + 0.00000 + 0.98587 + 5.63928]
Epoch 1381 [3.5s]: train==[5958.12491=5949.51125 + 1.99686 + 0.00000 + 0.98459 + 5.63225]
Epoch 1382 [3.4s]: train==[6084.25581=6075.65411 + 1.99579 + 0.00000 + 0.98418 + 5.62170]
Epoch 1383 [3.4s]: train==[6011.17560=6002.56705 + 1.99920 + 0.00000 + 0.98332 + 5.62603]
Epoch 1384 [3.4s]: train==[5996.61898=5988.03958 + 1.99476 + 0.00000 + 0.98255 + 5.60208]
Epoch 1385 [3.4s]: train==[5921.30418=5912.72238 + 1.99532 + 0.00000 + 0.98230 + 5.60415]
Epoch 1386 [3.4s]: train==[6138.00452=6129.44225 + 1.99838 + 0.00000 + 0.98168 + 5.58224]
Epoch 1387 [3.4s]: train==[6034.97575=6026.40620 + 1.99820 + 0.00000 + 0.98246 + 5.58882]
Epoch 1388 [3.4s]: train==[6133.63535=6125.09195 + 1.99773 + 0.00000 + 0.98290 + 5.56276]
drop_flag:  True ,	 mess_dropout:  [0.0, 0.0]
rate_batch  torch.Size([1162, 753])
gt_count  8427
candidate_count  874986
ideal candidate count  874986
Epoch 1389 [3.4s + 5.9s]: train==[6119.73924=6111.15308 + 1.99890 + 0.00000 + 0.98347 + 5.60384]
 recall=[0.24552, 0.50744], precision=[0.33184, 0.18214],  ndcg=[0.36017, 0.23101], RMRR=[0.11617, 0.16260]
Epoch 1390 [3.5s]: train==[6097.25983=6088.69568 + 2.00030 + 0.00000 + 0.98019 + 5.58368]
Epoch 1391 [3.5s]: train==[5960.84814=5952.25055 + 1.99363 + 0.00000 + 0.98091 + 5.62303]
Epoch 1392 [3.4s]: train==[5711.46981=5702.87126 + 1.99995 + 0.00000 + 0.97865 + 5.61995]
Epoch 1393 [3.4s]: train==[6122.03626=6113.45148 + 1.99955 + 0.00000 + 0.97973 + 5.60550]
Epoch 1394 [3.4s]: train==[6178.43921=6169.83234 + 2.00066 + 0.00000 + 0.98081 + 5.62544]
Epoch 1395 [3.4s]: train==[6030.30618=6021.74570 + 1.99790 + 0.00000 + 0.97878 + 5.58382]
Epoch 1396 [3.4s]: train==[5961.29415=5952.74033 + 1.99697 + 0.00000 + 0.97897 + 5.57787]
Epoch 1397 [3.4s]: train==[6149.51093=6140.96140 + 1.99988 + 0.00000 + 0.97407 + 5.57556]
Epoch 1398 [3.4s]: train==[5956.02319=5947.45865 + 2.00044 + 0.00000 + 0.97698 + 5.58715]
drop_flag:  True ,	 mess_dropout:  [0.0, 0.0]
rate_batch  torch.Size([1162, 753])
gt_count  8427
candidate_count  874986
ideal candidate count  874986
Epoch 1399 [3.4s + 5.9s]: train==[6034.09252=6025.46773 + 2.00078 + 0.00000 + 0.97960 + 5.64438]
 recall=[0.24233, 0.50558], precision=[0.33133, 0.18150],  ndcg=[0.36111, 0.23071], RMRR=[0.11463, 0.16094]
Epoch 1400 [3.5s]: train==[5787.39062=5778.74272 + 2.00368 + 0.00000 + 0.98158 + 5.66266]
Epoch 1401 [3.4s]: train==[6126.98944=6118.40231 + 2.00388 + 0.00000 + 0.97848 + 5.60472]
Epoch 1402 [3.4s]: train==[6018.30836=6009.68074 + 2.00398 + 0.00000 + 0.97812 + 5.64549]
Epoch 1403 [3.4s]: train==[5943.35640=5934.77080 + 2.00168 + 0.00000 + 0.97580 + 5.60812]
Epoch 1404 [3.4s]: train==[6027.90970=6019.33566 + 2.00259 + 0.00000 + 0.97789 + 5.59355]
Epoch 1405 [3.4s]: train==[5979.67417=5971.08255 + 2.00074 + 0.00000 + 0.97819 + 5.61266]
Epoch 1406 [3.4s]: train==[6244.56753=6235.99103 + 2.00122 + 0.00000 + 0.97777 + 5.59755]
Epoch 1407 [3.4s]: train==[6080.13301=6071.52998 + 2.00194 + 0.00000 + 0.97582 + 5.62521]
Epoch 1408 [3.4s]: train==[6025.60085=6016.97443 + 2.00163 + 0.00000 + 0.97558 + 5.64919]
drop_flag:  True ,	 mess_dropout:  [0.0, 0.0]
rate_batch  torch.Size([1162, 753])
gt_count  8427
candidate_count  874986
ideal candidate count  874986
Epoch 1409 [3.5s + 5.9s]: train==[5924.26601=5915.68808 + 1.99921 + 0.00000 + 0.97483 + 5.60387]
 recall=[0.24084, 0.51110], precision=[0.32995, 0.18386],  ndcg=[0.35928, 0.23215], RMRR=[0.11415, 0.16178]
Epoch 1410 [3.4s]: train==[6081.26973=6072.67976 + 2.00143 + 0.00000 + 0.97576 + 5.61278]
Epoch 1411 [3.4s]: train==[6121.85412=6113.27898 + 1.99624 + 0.00000 + 0.97487 + 5.60407]
Epoch 1412 [3.4s]: train==[6233.40232=6224.81119 + 2.00594 + 0.00000 + 0.97631 + 5.60888]
Epoch 1413 [3.4s]: train==[6011.37581=6002.82220 + 2.00343 + 0.00000 + 0.97336 + 5.57680]
Epoch 1414 [3.4s]: train==[5900.76882=5892.21350 + 1.99860 + 0.00000 + 0.97263 + 5.58419]
Epoch 1415 [3.5s]: train==[6024.69598=6016.14629 + 2.00000 + 0.00000 + 0.97296 + 5.57667]
Epoch 1416 [3.4s]: train==[5962.43408=5953.91092 + 2.00391 + 0.00000 + 0.97169 + 5.54751]
Epoch 1417 [3.5s]: train==[6068.82010=6060.27528 + 2.00114 + 0.00000 + 0.97217 + 5.57150]
Epoch 1418 [3.5s]: train==[6046.65405=6038.13225 + 2.00434 + 0.00000 + 0.97251 + 5.54496]
drop_flag:  True ,	 mess_dropout:  [0.0, 0.0]
rate_batch  torch.Size([1162, 753])
gt_count  8427
candidate_count  874986
ideal candidate count  874986
Epoch 1419 [3.4s + 5.8s]: train==[5951.30186=5942.78719 + 2.00254 + 0.00000 + 0.97190 + 5.54022]
 recall=[0.24175, 0.50939], precision=[0.32892, 0.18197],  ndcg=[0.35890, 0.23047], RMRR=[0.11366, 0.15888]
Epoch 1420 [3.4s]: train==[6047.93982=6039.40871 + 2.00010 + 0.00000 + 0.97208 + 5.55892]
Epoch 1421 [3.4s]: train==[6082.83981=6074.28064 + 2.00212 + 0.00000 + 0.97200 + 5.58504]
Epoch 1422 [3.4s]: train==[6159.41277=6150.83537 + 2.00757 + 0.00000 + 0.97364 + 5.59621]
Epoch 1423 [3.4s]: train==[5988.87428=5980.30856 + 2.00671 + 0.00000 + 0.97122 + 5.58782]
Epoch 1424 [3.4s]: train==[5874.72814=5866.18608 + 2.00512 + 0.00000 + 0.97340 + 5.56353]
Epoch 1425 [3.4s]: train==[5890.77326=5882.22549 + 2.00776 + 0.00000 + 0.96936 + 5.57068]
Epoch 1426 [3.5s]: train==[6078.25839=6069.70924 + 2.00778 + 0.00000 + 0.97088 + 5.57049]
Epoch 1427 [3.5s]: train==[6117.91265=6109.38548 + 2.00743 + 0.00000 + 0.97183 + 5.54792]
Epoch 1428 [3.4s]: train==[6123.61506=6115.11305 + 2.00620 + 0.00000 + 0.96822 + 5.52764]
drop_flag:  True ,	 mess_dropout:  [0.0, 0.0]
rate_batch  torch.Size([1162, 753])
gt_count  8427
candidate_count  874986
ideal candidate count  874986
Epoch 1429 [3.4s + 5.8s]: train==[5876.08062=5867.52956 + 2.00369 + 0.00000 + 0.96810 + 5.57932]
 recall=[0.24239, 0.50954], precision=[0.32995, 0.18236],  ndcg=[0.35929, 0.23112], RMRR=[0.11417, 0.16220]
Epoch 1430 [3.4s]: train==[5972.28625=5963.75224 + 2.00894 + 0.00000 + 0.96766 + 5.55742]
Epoch 1431 [3.4s]: train==[6028.19283=6019.67821 + 2.00662 + 0.00000 + 0.96648 + 5.54151]
Epoch 1432 [3.4s]: train==[5988.94721=5980.38927 + 2.00846 + 0.00000 + 0.97128 + 5.57818]
Epoch 1433 [3.4s]: train==[6102.28884=6093.76086 + 2.00960 + 0.00000 + 0.96826 + 5.55004]
Epoch 1434 [3.4s]: train==[6100.61151=6092.10077 + 2.00283 + 0.00000 + 0.96552 + 5.54232]
Epoch 1435 [3.5s]: train==[6006.89722=5998.35185 + 2.00576 + 0.00000 + 0.96787 + 5.57175]
Epoch 1436 [3.4s]: train==[5862.92090=5854.35684 + 2.01321 + 0.00000 + 0.96940 + 5.58146]
Epoch 1437 [3.4s]: train==[5917.53854=5909.01547 + 2.01142 + 0.00000 + 0.96653 + 5.54517]
Epoch 1438 [3.4s]: train==[6033.52065=6024.97784 + 2.00680 + 0.00000 + 0.96843 + 5.56758]
drop_flag:  True ,	 mess_dropout:  [0.0, 0.0]
rate_batch  torch.Size([1162, 753])
gt_count  8427
candidate_count  874986
ideal candidate count  874986
Epoch 1439 [3.4s + 5.9s]: train==[5955.51321=5946.93550 + 2.01283 + 0.00000 + 0.96843 + 5.59645]
 recall=[0.23915, 0.50720], precision=[0.32651, 0.18154],  ndcg=[0.35415, 0.22877], RMRR=[0.11257, 0.15859]
Epoch 1440 [3.4s]: train==[5862.19767=5853.60957 + 2.01615 + 0.00000 + 0.96829 + 5.60366]
Epoch 1441 [3.4s]: train==[6123.27865=6114.69331 + 2.01357 + 0.00000 + 0.96726 + 5.60447]
Epoch 1442 [3.4s]: train==[5991.20896=5982.60063 + 2.01026 + 0.00000 + 0.96613 + 5.63191]
Epoch 1443 [3.5s]: train==[5883.03289=5874.52571 + 2.01238 + 0.00000 + 0.96231 + 5.53252]
Epoch 1444 [3.5s]: train==[6034.88066=6026.33986 + 2.00907 + 0.00000 + 0.96602 + 5.56568]
Epoch 1445 [3.4s]: train==[6073.22232=6064.67609 + 2.01165 + 0.00000 + 0.96419 + 5.57043]
Epoch 1446 [3.4s]: train==[6347.32618=6338.78404 + 2.00693 + 0.00000 + 0.96230 + 5.57287]
Epoch 1447 [3.4s]: train==[6277.43674=6268.87000 + 2.00799 + 0.00000 + 0.96217 + 5.59652]
Epoch 1448 [3.4s]: train==[5934.27316=5925.73672 + 2.01297 + 0.00000 + 0.96376 + 5.55965]
drop_flag:  True ,	 mess_dropout:  [0.0, 0.0]
rate_batch  torch.Size([1162, 753])
gt_count  8427
candidate_count  874986
ideal candidate count  874986
Epoch 1449 [3.4s + 5.9s]: train==[6069.64986=6061.08701 + 2.01219 + 0.00000 + 0.96065 + 5.59003]
 recall=[0.23720, 0.51323], precision=[0.32513, 0.18326],  ndcg=[0.35537, 0.23114], RMRR=[0.10988, 0.15846]
Epoch 1450 [3.4s]: train==[5855.39168=5846.82527 + 2.01016 + 0.00000 + 0.96205 + 5.59418]
Epoch 1451 [3.4s]: train==[5975.04264=5966.51118 + 2.01746 + 0.00000 + 0.96055 + 5.55347]
Epoch 1452 [3.5s]: train==[6037.58303=6029.08043 + 2.01031 + 0.00000 + 0.95901 + 5.53328]
Epoch 1453 [3.4s]: train==[6188.41780=6179.88496 + 2.01420 + 0.00000 + 0.96159 + 5.55702]
Epoch 1454 [3.4s]: train==[6200.69814=6192.17574 + 2.01959 + 0.00000 + 0.96091 + 5.54190]
Epoch 1455 [3.4s]: train==[6002.00592=5993.50497 + 2.01142 + 0.00000 + 0.95798 + 5.53160]
Epoch 1456 [3.5s]: train==[6155.03809=6146.56255 + 2.01715 + 0.00000 + 0.95792 + 5.50044]
Epoch 1457 [3.4s]: train==[6166.52514=6158.01463 + 2.01680 + 0.00000 + 0.95789 + 5.53588]
Epoch 1458 [3.4s]: train==[6096.88406=6088.36284 + 2.01034 + 0.00000 + 0.95808 + 5.55283]
drop_flag:  True ,	 mess_dropout:  [0.0, 0.0]
rate_batch  torch.Size([1162, 753])
gt_count  8427
candidate_count  874986
ideal candidate count  874986
Epoch 1459 [3.4s + 5.9s]: train==[6233.68365=6225.20355 + 2.01778 + 0.00000 + 0.95994 + 5.50236]
 recall=[0.24072, 0.51422], precision=[0.32806, 0.18309],  ndcg=[0.35802, 0.23171], RMRR=[0.11083, 0.15898]
Epoch 1460 [3.5s]: train==[5887.24376=5878.78047 + 2.01257 + 0.00000 + 0.95710 + 5.49364]
Epoch 1461 [3.4s]: train==[5915.59729=5907.07379 + 2.01694 + 0.00000 + 0.95945 + 5.54714]
Epoch 1462 [3.4s]: train==[5869.57647=5861.05200 + 2.01605 + 0.00000 + 0.95791 + 5.55057]
Epoch 1463 [3.4s]: train==[6173.87003=6165.31660 + 2.01601 + 0.00000 + 0.96128 + 5.57616]
Epoch 1464 [3.4s]: train==[5896.01223=5887.47444 + 2.01860 + 0.00000 + 0.95815 + 5.56107]
Epoch 1465 [3.5s]: train==[5929.14520=5920.58562 + 2.01795 + 0.00000 + 0.95667 + 5.58497]
Epoch 1466 [3.4s]: train==[5933.05020=5924.53152 + 2.01543 + 0.00000 + 0.95700 + 5.54619]
Epoch 1467 [3.4s]: train==[6095.20804=6086.70474 + 2.01497 + 0.00000 + 0.95371 + 5.53468]
Epoch 1468 [3.4s]: train==[5945.54050=5937.06741 + 2.01457 + 0.00000 + 0.95416 + 5.50437]
drop_flag:  True ,	 mess_dropout:  [0.0, 0.0]
rate_batch  torch.Size([1162, 753])
gt_count  8427
candidate_count  874986
ideal candidate count  874986
Epoch 1469 [3.4s + 5.9s]: train==[5987.11062=5978.60217 + 2.01947 + 0.00000 + 0.95881 + 5.53019]
 recall=[0.24020, 0.51241], precision=[0.33046, 0.18279],  ndcg=[0.36073, 0.23167], RMRR=[0.11567, 0.16236]
Epoch 1470 [3.4s]: train==[6068.07746=6059.56079 + 2.01861 + 0.00000 + 0.95561 + 5.54249]
Epoch 1471 [3.4s]: train==[6093.70293=6085.16557 + 2.02521 + 0.00000 + 0.95221 + 5.55993]
Epoch 1472 [3.4s]: train==[5942.26652=5933.73206 + 2.02066 + 0.00000 + 0.95421 + 5.55964]
Epoch 1473 [3.4s]: train==[6218.18068=6209.64543 + 2.02336 + 0.00000 + 0.95531 + 5.55659]
Epoch 1474 [3.5s]: train==[6066.27081=6057.79568 + 2.01821 + 0.00000 + 0.95375 + 5.50321]
Epoch 1475 [3.4s]: train==[6157.52968=6149.02917 + 2.02071 + 0.00000 + 0.95567 + 5.52416]
Epoch 1476 [3.4s]: train==[6167.69030=6159.19168 + 2.01922 + 0.00000 + 0.95596 + 5.52342]
Epoch 1477 [3.4s]: train==[6161.07533=6152.56555 + 2.02409 + 0.00000 + 0.95182 + 5.53388]
Epoch 1478 [3.5s]: train==[5819.02953=5810.48814 + 2.01990 + 0.00000 + 0.95349 + 5.56799]
drop_flag:  True ,	 mess_dropout:  [0.0, 0.0]
rate_batch  torch.Size([1162, 753])
gt_count  8427
candidate_count  874986
ideal candidate count  874986
Epoch 1479 [3.5s + 5.9s]: train==[5783.74787=5775.24832 + 2.02274 + 0.00000 + 0.95152 + 5.52530]
 recall=[0.24060, 0.50960], precision=[0.33046, 0.18197],  ndcg=[0.35961, 0.23081], RMRR=[0.11588, 0.16326]
Epoch 1480 [3.4s]: train==[6080.34650=6071.81410 + 2.02528 + 0.00000 + 0.95326 + 5.55391]
Epoch 1481 [3.4s]: train==[6019.50959=6011.00285 + 2.02051 + 0.00000 + 0.95078 + 5.53553]
Epoch 1482 [3.4s]: train==[6042.09789=6033.60172 + 2.02148 + 0.00000 + 0.95033 + 5.52437]
Epoch 1483 [3.4s]: train==[6118.63987=6110.15092 + 2.01819 + 0.00000 + 0.95052 + 5.52028]
Epoch 1484 [3.4s]: train==[6152.42727=6143.94086 + 2.02605 + 0.00000 + 0.94841 + 5.51190]
Epoch 1485 [3.4s]: train==[6081.55755=6073.05649 + 2.02216 + 0.00000 + 0.95140 + 5.52748]
Epoch 1486 [3.4s]: train==[5790.94899=5782.47862 + 2.02455 + 0.00000 + 0.95065 + 5.49522]
Epoch 1487 [3.5s]: train==[5931.32184=5922.81859 + 2.02281 + 0.00000 + 0.94823 + 5.53218]
Epoch 1488 [3.5s]: train==[5859.55332=5851.05569 + 2.02467 + 0.00000 + 0.94835 + 5.52459]
drop_flag:  True ,	 mess_dropout:  [0.0, 0.0]
rate_batch  torch.Size([1162, 753])
gt_count  8427
candidate_count  874986
ideal candidate count  874986
Epoch 1489 [3.4s + 5.9s]: train==[6064.98451=6056.46033 + 2.02479 + 0.00000 + 0.94733 + 5.55208]
 recall=[0.24072, 0.51261], precision=[0.33064, 0.18356],  ndcg=[0.35942, 0.23202], RMRR=[0.11482, 0.16291]
Epoch 1490 [3.4s]: train==[6152.65519=6144.18996 + 2.02712 + 0.00000 + 0.94466 + 5.49349]
Epoch 1491 [3.4s]: train==[6175.01119=6166.52336 + 2.02513 + 0.00000 + 0.94776 + 5.51496]
Epoch 1492 [3.4s]: train==[6056.17538=6047.66963 + 2.02798 + 0.00000 + 0.94916 + 5.52861]
Epoch 1493 [3.4s]: train==[5913.87130=5905.37604 + 2.02794 + 0.00000 + 0.95045 + 5.51691]
Epoch 1494 [3.4s]: train==[6107.60507=6099.11295 + 2.02818 + 0.00000 + 0.94922 + 5.51469]
Epoch 1495 [3.5s]: train==[6073.95607=6065.47153 + 2.03454 + 0.00000 + 0.94657 + 5.50342]
Epoch 1496 [3.5s]: train==[6100.74719=6092.26259 + 2.02822 + 0.00000 + 0.94691 + 5.50953]
Epoch 1497 [3.4s]: train==[6054.12739=6045.65620 + 2.02646 + 0.00000 + 0.94723 + 5.49753]
Epoch 1498 [3.4s]: train==[5985.96463=5977.42773 + 2.02750 + 0.00000 + 0.95209 + 5.55734]
drop_flag:  True ,	 mess_dropout:  [0.0, 0.0]
rate_batch  torch.Size([1162, 753])
gt_count  8427
candidate_count  874986
ideal candidate count  874986
Epoch 1499 [3.4s + 5.9s]: train==[5950.32446=5941.80536 + 2.03425 + 0.00000 + 0.95014 + 5.53474]
 recall=[0.24159, 0.51495], precision=[0.33046, 0.18472],  ndcg=[0.35987, 0.23307], RMRR=[0.11397, 0.16177]
Epoch 1500 [3.4s]: train==[5869.53767=5861.04878 + 2.03043 + 0.00000 + 0.94621 + 5.51221]
Epoch 1501 [3.4s]: train==[6092.21520=6083.69208 + 2.03424 + 0.00000 + 0.94854 + 5.54033]
Epoch 1502 [3.4s]: train==[5989.88041=5981.42114 + 2.02808 + 0.00000 + 0.94549 + 5.48570]
Epoch 1503 [3.4s]: train==[5958.36765=5949.88750 + 2.02659 + 0.00000 + 0.94533 + 5.50823]
Epoch 1504 [3.5s]: train==[6017.41803=6008.96135 + 2.02878 + 0.00000 + 0.94428 + 5.48367]
Epoch 1505 [3.5s]: train==[6270.09816=6261.69791 + 2.02512 + 0.00000 + 0.94403 + 5.43101]
Epoch 1506 [3.4s]: train==[6155.79118=6147.32176 + 2.02691 + 0.00000 + 0.94256 + 5.49990]
Epoch 1507 [3.4s]: train==[6197.71165=6189.27225 + 2.02983 + 0.00000 + 0.94491 + 5.46464]
Epoch 1508 [3.4s]: train==[5774.97175=5766.48193 + 2.03408 + 0.00000 + 0.94658 + 5.50915]
drop_flag:  True ,	 mess_dropout:  [0.0, 0.0]
rate_batch  torch.Size([1162, 753])
gt_count  8427
candidate_count  874986
ideal candidate count  874986
Epoch 1509 [3.4s + 5.8s]: train==[5964.16628=5955.65143 + 2.03276 + 0.00000 + 0.94521 + 5.53693]
 recall=[0.24405, 0.51314], precision=[0.33546, 0.18464],  ndcg=[0.36541, 0.23431], RMRR=[0.11625, 0.16384]
Epoch 1510 [3.4s]: train==[6184.74899=6176.27242 + 2.03119 + 0.00000 + 0.94384 + 5.50157]
Epoch 1511 [3.4s]: train==[5902.88915=5894.41823 + 2.03491 + 0.00000 + 0.94428 + 5.49167]
Epoch 1512 [3.4s]: train==[6002.76221=5994.28571 + 2.02894 + 0.00000 + 0.94227 + 5.50532]
Epoch 1513 [3.5s]: train==[5927.81155=5919.29753 + 2.03236 + 0.00000 + 0.94406 + 5.53765]
Epoch 1514 [3.5s]: train==[6079.89885=6071.38156 + 2.03391 + 0.00000 + 0.94192 + 5.54149]
Epoch 1515 [3.4s]: train==[6060.47056=6051.94080 + 2.03426 + 0.00000 + 0.94319 + 5.55229]
Epoch 1516 [3.4s]: train==[6100.72634=6092.18175 + 2.03275 + 0.00000 + 0.94472 + 5.56716]
Epoch 1517 [3.4s]: train==[6048.01860=6039.56735 + 2.03455 + 0.00000 + 0.94126 + 5.47542]
Epoch 1518 [3.4s]: train==[5986.73878=5978.26486 + 2.03098 + 0.00000 + 0.94301 + 5.49993]
drop_flag:  True ,	 mess_dropout:  [0.0, 0.0]
rate_batch  torch.Size([1162, 753])
gt_count  8427
candidate_count  874986
ideal candidate count  874986
Epoch 1519 [3.4s + 5.9s]: train==[6098.52897=6090.00984 + 2.03287 + 0.00000 + 0.94639 + 5.53989]
 recall=[0.23941, 0.50966], precision=[0.32823, 0.18322],  ndcg=[0.35969, 0.23257], RMRR=[0.11319, 0.16136]
Epoch 1520 [3.4s]: train==[6052.96006=6044.44136 + 2.03473 + 0.00000 + 0.94276 + 5.54112]
Epoch 1521 [3.4s]: train==[6001.32058=5992.80511 + 2.03402 + 0.00000 + 0.94189 + 5.53960]
Epoch 1522 [3.4s]: train==[5854.66176=5846.16035 + 2.03617 + 0.00000 + 0.94111 + 5.52410]
Epoch 1523 [3.4s]: train==[6199.62362=6191.17438 + 2.03102 + 0.00000 + 0.93760 + 5.48062]
Epoch 1524 [3.4s]: train==[6256.70951=6248.18832 + 2.03488 + 0.00000 + 0.94270 + 5.54366]
Epoch 1525 [3.4s]: train==[5933.61540=5925.16290 + 2.03849 + 0.00000 + 0.94053 + 5.47349]
Epoch 1526 [3.4s]: train==[6101.28441=6092.81853 + 2.03558 + 0.00000 + 0.93956 + 5.49074]
Epoch 1527 [3.4s]: train==[5934.38640=5925.93900 + 2.03585 + 0.00000 + 0.93802 + 5.47351]
Epoch 1528 [3.4s]: train==[5792.84183=5784.42105 + 2.03546 + 0.00000 + 0.93522 + 5.45009]
drop_flag:  True ,	 mess_dropout:  [0.0, 0.0]
rate_batch  torch.Size([1162, 753])
gt_count  8427
candidate_count  874986
ideal candidate count  874986
Epoch 1529 [3.4s + 5.9s]: train==[6029.52116=6021.06700 + 2.02932 + 0.00000 + 0.93520 + 5.48963]
 recall=[0.24119, 0.50938], precision=[0.32806, 0.18429],  ndcg=[0.35961, 0.23291], RMRR=[0.11524, 0.16178]
Epoch 1530 [3.5s]: train==[5837.16621=5828.70726 + 2.03488 + 0.00000 + 0.93647 + 5.48760]
Epoch 1531 [3.5s]: train==[5935.25433=5926.76276 + 2.03666 + 0.00000 + 0.94074 + 5.51414]
Epoch 1532 [3.4s]: train==[5999.88349=5991.38766 + 2.03637 + 0.00000 + 0.93917 + 5.52032]
Epoch 1533 [3.4s]: train==[6028.71223=6020.23737 + 2.03621 + 0.00000 + 0.93963 + 5.49904]
Epoch 1534 [3.4s]: train==[6086.96927=6078.49561 + 2.03345 + 0.00000 + 0.93586 + 5.50442]
Epoch 1535 [3.4s]: train==[6099.18045=6090.67673 + 2.03837 + 0.00000 + 0.93908 + 5.52625]
Epoch 1536 [3.4s]: train==[6075.00183=6066.52435 + 2.03533 + 0.00000 + 0.93661 + 5.50552]
Epoch 1537 [3.5s]: train==[6000.27274=5991.80806 + 2.03685 + 0.00000 + 0.93500 + 5.49275]
Epoch 1538 [3.4s]: train==[6073.78300=6065.31824 + 2.03680 + 0.00000 + 0.93494 + 5.49302]
drop_flag:  True ,	 mess_dropout:  [0.0, 0.0]
rate_batch  torch.Size([1162, 753])
gt_count  8427
candidate_count  874986
ideal candidate count  874986
Epoch 1539 [3.4s + 5.9s]: train==[5984.57942=5976.10289 + 2.03568 + 0.00000 + 0.93632 + 5.50456]
 recall=[0.24328, 0.51590], precision=[0.33391, 0.18546],  ndcg=[0.36497, 0.23503], RMRR=[0.11788, 0.16416]
Epoch 1540 [3.5s]: train==[6083.76584=6075.32983 + 2.03622 + 0.00000 + 0.93245 + 5.46732]
Epoch 1541 [3.4s]: train==[6030.18844=6021.72913 + 2.03733 + 0.00000 + 0.93326 + 5.48871]
Epoch 1542 [3.4s]: train==[6015.78194=6007.32137 + 2.03606 + 0.00000 + 0.93478 + 5.48974]
Epoch 1543 [3.4s]: train==[6113.60659=6105.12064 + 2.03913 + 0.00000 + 0.93108 + 5.51572]
Epoch 1544 [3.4s]: train==[6158.64515=6150.17476 + 2.03908 + 0.00000 + 0.93381 + 5.49743]
Epoch 1545 [3.4s]: train==[6058.71061=6050.29250 + 2.04270 + 0.00000 + 0.93087 + 5.44457]
Epoch 1546 [3.4s]: train==[6070.21493=6061.75943 + 2.03880 + 0.00000 + 0.93246 + 5.48418]
Epoch 1547 [3.5s]: train==[5998.90434=5990.43428 + 2.04002 + 0.00000 + 0.93376 + 5.49627]
Epoch 1548 [3.4s]: train==[6127.09730=6118.62779 + 2.04197 + 0.00000 + 0.93333 + 5.49425]
drop_flag:  True ,	 mess_dropout:  [0.0, 0.0]
rate_batch  torch.Size([1162, 753])
gt_count  8427
candidate_count  874986
ideal candidate count  874986
Epoch 1549 [3.4s + 5.9s]: train==[5897.78343=5889.23444 + 2.04062 + 0.00000 + 0.93718 + 5.57114]
 recall=[0.23518, 0.50777], precision=[0.32289, 0.18210],  ndcg=[0.35470, 0.23036], RMRR=[0.11380, 0.16261]
Epoch 1550 [3.4s]: train==[5935.70761=5927.20236 + 2.04336 + 0.00000 + 0.93687 + 5.52504]
Epoch 1551 [3.4s]: train==[5988.38636=5979.91098 + 2.04568 + 0.00000 + 0.93452 + 5.49518]
Epoch 1552 [3.5s]: train==[5782.27679=5773.77837 + 2.04104 + 0.00000 + 0.93603 + 5.52140]
Epoch 1553 [3.4s]: train==[5949.43150=5940.97961 + 2.04256 + 0.00000 + 0.93180 + 5.47754]
Epoch 1554 [3.4s]: train==[6046.66908=6038.21370 + 2.04198 + 0.00000 + 0.93338 + 5.47997]
Epoch 1555 [3.4s]: train==[6000.12819=5991.68564 + 2.04458 + 0.00000 + 0.93106 + 5.46691]
Epoch 1556 [3.5s]: train==[6081.59416=6073.14323 + 2.04330 + 0.00000 + 0.93026 + 5.47734]
Epoch 1557 [3.4s]: train==[6046.58716=6038.13545 + 2.04437 + 0.00000 + 0.93092 + 5.47642]
Epoch 1558 [3.5s]: train==[5948.06940=5939.61282 + 2.04821 + 0.00000 + 0.92992 + 5.47847]
drop_flag:  True ,	 mess_dropout:  [0.0, 0.0]
rate_batch  torch.Size([1162, 753])
gt_count  8427
candidate_count  874986
ideal candidate count  874986
Epoch 1559 [3.5s + 5.9s]: train==[5929.15357=5920.71165 + 2.04501 + 0.00000 + 0.92803 + 5.46889]
 recall=[0.24386, 0.51055], precision=[0.33236, 0.18266],  ndcg=[0.36145, 0.23186], RMRR=[0.11575, 0.16264]
Epoch 1560 [3.4s]: train==[5976.57652=5968.14508 + 2.04455 + 0.00000 + 0.92910 + 5.45778]
Epoch 1561 [3.4s]: train==[5920.30214=5911.84175 + 2.04797 + 0.00000 + 0.92911 + 5.48335]
Epoch 1562 [3.4s]: train==[5899.34391=5890.88348 + 2.04647 + 0.00000 + 0.93022 + 5.48374]
Epoch 1563 [3.4s]: train==[6018.08074=6009.61761 + 2.04214 + 0.00000 + 0.92951 + 5.49151]
Epoch 1564 [3.4s]: train==[6246.18212=6237.74017 + 2.04410 + 0.00000 + 0.92801 + 5.46980]
Epoch 1565 [3.4s]: train==[5761.81192=5753.34361 + 2.04385 + 0.00000 + 0.92869 + 5.49578]
Epoch 1566 [3.4s]: train==[5982.46171=5973.97945 + 2.04963 + 0.00000 + 0.92886 + 5.50378]
Epoch 1567 [3.4s]: train==[6074.06584=6065.66681 + 2.04101 + 0.00000 + 0.92712 + 5.43088]
Epoch 1568 [3.4s]: train==[6103.94792=6095.51224 + 2.04769 + 0.00000 + 0.92640 + 5.46161]
drop_flag:  True ,	 mess_dropout:  [0.0, 0.0]
rate_batch  torch.Size([1162, 753])
gt_count  8427
candidate_count  874986
ideal candidate count  874986
Epoch 1569 [3.4s + 5.9s]: train==[5980.65206=5972.22217 + 2.04457 + 0.00000 + 0.92652 + 5.45878]
 recall=[0.24131, 0.51241], precision=[0.33253, 0.18335],  ndcg=[0.36071, 0.23220], RMRR=[0.11420, 0.16297]
Epoch 1570 [3.4s]: train==[6019.86410=6011.43402 + 2.04932 + 0.00000 + 0.92452 + 5.45624]
Epoch 1571 [3.4s]: train==[6040.85964=6032.43053 + 2.04525 + 0.00000 + 0.92418 + 5.45969]
Epoch 1572 [3.4s]: train==[5875.30749=5866.89619 + 2.05114 + 0.00000 + 0.92378 + 5.43633]
Epoch 1573 [3.4s]: train==[6001.72867=5993.25644 + 2.04731 + 0.00000 + 0.92701 + 5.49793]
Epoch 1574 [3.4s]: train==[6016.83722=6008.41336 + 2.04574 + 0.00000 + 0.92420 + 5.45393]
Epoch 1575 [3.5s]: train==[6184.33460=6175.87686 + 2.03781 + 0.00000 + 0.92615 + 5.49382]
Epoch 1576 [3.5s]: train==[6102.35927=6093.87204 + 2.04169 + 0.00000 + 0.92769 + 5.51786]
Epoch 1577 [3.4s]: train==[6071.89892=6063.38249 + 2.04860 + 0.00000 + 0.92789 + 5.53994]
Epoch 1578 [3.4s]: train==[5919.02160=5910.53723 + 2.04480 + 0.00000 + 0.92533 + 5.51427]
drop_flag:  True ,	 mess_dropout:  [0.0, 0.0]
rate_batch  torch.Size([1162, 753])
gt_count  8427
candidate_count  874986
ideal candidate count  874986
Epoch 1579 [3.4s + 5.8s]: train==[6002.54863=5994.12480 + 2.04532 + 0.00000 + 0.92641 + 5.45213]
 recall=[0.24220, 0.51574], precision=[0.33133, 0.18494],  ndcg=[0.36071, 0.23373], RMRR=[0.11605, 0.16539]
Epoch 1580 [3.4s]: train==[6107.95131=6099.50659 + 2.04549 + 0.00000 + 0.92433 + 5.47489]
Epoch 1581 [3.4s]: train==[5968.48207=5960.03514 + 2.05077 + 0.00000 + 0.92432 + 5.47181]
Epoch 1582 [3.4s]: train==[6006.94218=5998.51170 + 2.04701 + 0.00000 + 0.92333 + 5.46010]
Epoch 1583 [3.4s]: train==[6087.82014=6079.36871 + 2.05309 + 0.00000 + 0.92253 + 5.47586]
Epoch 1584 [3.5s]: train==[6100.73436=6092.30762 + 2.04906 + 0.00000 + 0.92138 + 5.45629]
Epoch 1585 [3.5s]: train==[5952.11858=5943.66594 + 2.05032 + 0.00000 + 0.92304 + 5.47928]
Epoch 1586 [3.4s]: train==[6118.37307=6109.95839 + 2.05072 + 0.00000 + 0.92134 + 5.44267]
Epoch 1587 [3.4s]: train==[6042.74702=6034.27431 + 2.05004 + 0.00000 + 0.92342 + 5.49924]
Epoch 1588 [3.4s]: train==[5906.05026=5897.59816 + 2.04946 + 0.00000 + 0.92228 + 5.48036]
drop_flag:  True ,	 mess_dropout:  [0.0, 0.0]
rate_batch  torch.Size([1162, 753])
gt_count  8427
candidate_count  874986
ideal candidate count  874986
Epoch 1589 [3.4s + 5.8s]: train==[6008.51662=6000.05028 + 2.05003 + 0.00000 + 0.92314 + 5.49313]
 recall=[0.24130, 0.51281], precision=[0.32926, 0.18348],  ndcg=[0.35862, 0.23212], RMRR=[0.11352, 0.16120]
Epoch 1590 [3.4s]: train==[5934.22796=5925.76230 + 2.04873 + 0.00000 + 0.92100 + 5.49592]
Epoch 1591 [3.4s]: train==[6014.26214=6005.84639 + 2.05480 + 0.00000 + 0.92037 + 5.44065]
Epoch 1592 [3.4s]: train==[5930.73676=5922.31123 + 2.04801 + 0.00000 + 0.91953 + 5.45799]
Epoch 1593 [3.5s]: train==[6017.38301=6008.97803 + 2.04834 + 0.00000 + 0.91827 + 5.43837]
Epoch 1594 [3.4s]: train==[6013.42197=6005.00404 + 2.05436 + 0.00000 + 0.91826 + 5.44536]
Epoch 1595 [3.4s]: train==[5987.58564=5979.17534 + 2.05466 + 0.00000 + 0.91832 + 5.43728]
Epoch 1596 [3.4s]: train==[6173.66014=6165.23831 + 2.05660 + 0.00000 + 0.91968 + 5.44552]
Epoch 1597 [3.4s]: train==[5912.26809=5903.89474 + 2.05152 + 0.00000 + 0.91867 + 5.40315]
Epoch 1598 [3.4s]: train==[6031.73980=6023.32648 + 2.04745 + 0.00000 + 0.91843 + 5.44739]
drop_flag:  True ,	 mess_dropout:  [0.0, 0.0]
rate_batch  torch.Size([1162, 753])
gt_count  8427
candidate_count  874986
ideal candidate count  874986
Epoch 1599 [3.4s + 5.8s]: train==[5875.89065=5867.48424 + 2.05052 + 0.00000 + 0.91660 + 5.43927]
 recall=[0.23592, 0.51020], precision=[0.32306, 0.18318],  ndcg=[0.35307, 0.23088], RMRR=[0.11177, 0.16047]
Epoch 1600 [3.5s]: train==[5955.68538=5947.32307 + 2.05291 + 0.00000 + 0.91496 + 5.39440]
Epoch 1601 [3.5s]: train==[5966.95031=5958.57986 + 2.05071 + 0.00000 + 0.91863 + 5.40113]
Epoch 1602 [3.4s]: train==[6040.40640=6032.00667 + 2.05455 + 0.00000 + 0.91885 + 5.42633]
Epoch 1603 [3.4s]: train==[5901.77521=5893.39581 + 2.04820 + 0.00000 + 0.91701 + 5.41419]
Epoch 1604 [3.4s]: train==[6100.77507=6092.37437 + 2.05149 + 0.00000 + 0.91363 + 5.43563]
Epoch 1605 [3.4s]: train==[6021.82445=6013.41177 + 2.05218 + 0.00000 + 0.91570 + 5.44485]
Epoch 1606 [3.4s]: train==[6025.95403=6017.55772 + 2.05426 + 0.00000 + 0.91358 + 5.42851]
Epoch 1607 [3.5s]: train==[6075.48037=6067.08289 + 2.05625 + 0.00000 + 0.91321 + 5.42803]
Epoch 1608 [3.4s]: train==[5879.95132=5871.55356 + 2.05470 + 0.00000 + 0.91236 + 5.43069]
drop_flag:  True ,	 mess_dropout:  [0.0, 0.0]
rate_batch  torch.Size([1162, 753])
gt_count  8427
candidate_count  874986
ideal candidate count  874986
Epoch 1609 [3.4s + 5.9s]: train==[6184.46642=6176.07968 + 2.05382 + 0.00000 + 0.91160 + 5.42133]
 recall=[0.24449, 0.51035], precision=[0.33287, 0.18412],  ndcg=[0.36330, 0.23383], RMRR=[0.11640, 0.16378]
Epoch 1610 [3.5s]: train==[6076.52774=6068.13109 + 2.05510 + 0.00000 + 0.91557 + 5.42599]
Epoch 1611 [3.4s]: train==[6090.64985=6082.24367 + 2.05448 + 0.00000 + 0.91281 + 5.43890]
Epoch 1612 [3.4s]: train==[5930.06721=5921.67477 + 2.05387 + 0.00000 + 0.91540 + 5.42313]
Epoch 1613 [3.4s]: train==[6073.23697=6064.81810 + 2.05369 + 0.00000 + 0.91409 + 5.45111]
Epoch 1614 [3.4s]: train==[5962.82921=5954.39021 + 2.05015 + 0.00000 + 0.91678 + 5.47206]
Epoch 1615 [3.4s]: train==[6110.30749=6101.89351 + 2.05280 + 0.00000 + 0.91239 + 5.44880]
Epoch 1616 [3.4s]: train==[6139.69401=6131.28368 + 2.05346 + 0.00000 + 0.91491 + 5.44191]
Epoch 1617 [3.4s]: train==[6068.69126=6060.30177 + 2.05388 + 0.00000 + 0.91240 + 5.42316]
Epoch 1618 [3.4s]: train==[5994.56659=5986.11734 + 2.05556 + 0.00000 + 0.91523 + 5.47849]
drop_flag:  True ,	 mess_dropout:  [0.0, 0.0]
rate_batch  torch.Size([1162, 753])
gt_count  8427
candidate_count  874986
ideal candidate count  874986
Epoch 1619 [3.4s + 5.9s]: train==[6265.76783=6257.38560 + 2.05166 + 0.00000 + 0.91293 + 5.41763]
 recall=[0.24784, 0.51102], precision=[0.33614, 0.18322],  ndcg=[0.36673, 0.23401], RMRR=[0.11908, 0.16640]
Epoch 1620 [3.4s]: train==[6029.64409=6021.23405 + 2.05328 + 0.00000 + 0.91064 + 5.44608]
Epoch 1621 [3.4s]: train==[5902.07957=5893.66475 + 2.06079 + 0.00000 + 0.91267 + 5.44133]
Epoch 1622 [3.4s]: train==[6017.75795=6009.37323 + 2.06317 + 0.00000 + 0.91270 + 5.40885]
Epoch 1623 [3.4s]: train==[6037.56639=6029.17067 + 2.05170 + 0.00000 + 0.91176 + 5.43223]
Epoch 1624 [3.4s]: train==[5919.74131=5911.31776 + 2.05786 + 0.00000 + 0.91267 + 5.45300]
Epoch 1625 [3.4s]: train==[5940.14412=5931.73207 + 2.06025 + 0.00000 + 0.91300 + 5.43877]
Epoch 1626 [3.4s]: train==[6046.69814=6038.31001 + 2.05538 + 0.00000 + 0.90877 + 5.42391]
Epoch 1627 [3.4s]: train==[5972.71602=5964.30646 + 2.05938 + 0.00000 + 0.91234 + 5.43783]
Epoch 1628 [3.5s]: train==[6172.04218=6163.58031 + 2.06021 + 0.00000 + 0.91154 + 5.49010]
drop_flag:  True ,	 mess_dropout:  [0.0, 0.0]
rate_batch  torch.Size([1162, 753])
gt_count  8427
candidate_count  874986
ideal candidate count  874986
Epoch 1629 [3.5s + 5.8s]: train==[5817.51786=5809.08092 + 2.06314 + 0.00000 + 0.91641 + 5.45736]
 recall=[0.24161, 0.51107], precision=[0.32995, 0.18287],  ndcg=[0.36004, 0.23180], RMRR=[0.11278, 0.16028]
Epoch 1630 [3.4s]: train==[5968.11050=5959.70399 + 2.05743 + 0.00000 + 0.91491 + 5.43418]
Epoch 1631 [3.4s]: train==[6099.68791=6091.32860 + 2.05382 + 0.00000 + 0.91069 + 5.39486]
Epoch 1632 [3.4s]: train==[6128.78581=6120.42842 + 2.06051 + 0.00000 + 0.91173 + 5.38514]
Epoch 1633 [3.4s]: train==[5868.85631=5860.47093 + 2.05844 + 0.00000 + 0.91167 + 5.41526]
Epoch 1634 [3.4s]: train==[5914.02105=5905.63701 + 2.05935 + 0.00000 + 0.90944 + 5.41523]
Epoch 1635 [3.4s]: train==[6036.83432=6028.45114 + 2.06221 + 0.00000 + 0.90784 + 5.41314]
Epoch 1636 [3.4s]: train==[5949.34052=5940.95767 + 2.06320 + 0.00000 + 0.90955 + 5.41008]
Epoch 1637 [3.5s]: train==[6003.85815=5995.46729 + 2.05659 + 0.00000 + 0.90870 + 5.42559]
Epoch 1638 [3.4s]: train==[5751.63943=5743.26210 + 2.05727 + 0.00000 + 0.90764 + 5.41241]
drop_flag:  True ,	 mess_dropout:  [0.0, 0.0]
rate_batch  torch.Size([1162, 753])
gt_count  8427
candidate_count  874986
ideal candidate count  874986
Epoch 1639 [3.4s + 5.9s]: train==[6044.53457=6036.12723 + 2.06136 + 0.00000 + 0.90785 + 5.43815]
 recall=[0.23789, 0.51217], precision=[0.32530, 0.18365],  ndcg=[0.35583, 0.23168], RMRR=[0.11435, 0.16153]
Epoch 1640 [3.4s]: train==[5990.20480=5981.78160 + 2.06115 + 0.00000 + 0.90770 + 5.45436]
Epoch 1641 [3.4s]: train==[6003.30995=5994.88460 + 2.05855 + 0.00000 + 0.91108 + 5.45576]
Epoch 1642 [3.4s]: train==[6161.13298=6152.72928 + 2.06313 + 0.00000 + 0.90790 + 5.43269]
Epoch 1643 [3.4s]: train==[5724.65200=5716.25989 + 2.06423 + 0.00000 + 0.90947 + 5.41842]
Epoch 1644 [3.4s]: train==[6069.88082=6061.50877 + 2.06201 + 0.00000 + 0.90850 + 5.40159]
Epoch 1645 [3.5s]: train==[5847.35201=5838.97020 + 2.06484 + 0.00000 + 0.90760 + 5.40938]
Epoch 1646 [3.4s]: train==[5967.77963=5959.34639 + 2.06425 + 0.00000 + 0.90982 + 5.45918]
Epoch 1647 [3.4s]: train==[6124.05398=6115.68661 + 2.06210 + 0.00000 + 0.90666 + 5.39862]
Epoch 1648 [3.4s]: train==[6021.99750=6013.62941 + 2.05807 + 0.00000 + 0.90662 + 5.40333]
drop_flag:  True ,	 mess_dropout:  [0.0, 0.0]
rate_batch  torch.Size([1162, 753])
gt_count  8427
candidate_count  874986
ideal candidate count  874986
Epoch 1649 [3.4s + 5.8s]: train==[5894.76533=5886.37509 + 2.06298 + 0.00000 + 0.90718 + 5.42005]
 recall=[0.24218, 0.51257], precision=[0.32960, 0.18399],  ndcg=[0.35909, 0.23242], RMRR=[0.11547, 0.16290]
Epoch 1650 [3.4s]: train==[6194.41992=6186.03854 + 2.06754 + 0.00000 + 0.90663 + 5.40720]
Epoch 1651 [3.4s]: train==[6006.49805=5998.10521 + 2.06178 + 0.00000 + 0.90870 + 5.42238]
Epoch 1652 [3.4s]: train==[6174.29089=6165.89891 + 2.06456 + 0.00000 + 0.90711 + 5.42021]
Epoch 1653 [3.4s]: train==[6122.91258=6114.50699 + 2.06734 + 0.00000 + 0.90958 + 5.42868]
Epoch 1654 [3.5s]: train==[6097.08662=6088.68875 + 2.06601 + 0.00000 + 0.90646 + 5.42539]
Epoch 1655 [3.4s]: train==[6136.81076=6128.43996 + 2.06325 + 0.00000 + 0.90636 + 5.40115]
Epoch 1656 [3.4s]: train==[5941.93457=5933.59470 + 2.06493 + 0.00000 + 0.90388 + 5.37109]
Epoch 1657 [3.4s]: train==[6265.73149=6257.39510 + 2.06436 + 0.00000 + 0.90240 + 5.36962]
Epoch 1658 [3.4s]: train==[5849.77118=5841.39549 + 2.06307 + 0.00000 + 0.90704 + 5.40560]
drop_flag:  True ,	 mess_dropout:  [0.0, 0.0]
rate_batch  torch.Size([1162, 753])
gt_count  8427
candidate_count  874986
ideal candidate count  874986
Epoch 1659 [3.4s + 5.8s]: train==[5856.02978=5847.63873 + 2.06946 + 0.00000 + 0.90491 + 5.41671]
 recall=[0.24166, 0.50652], precision=[0.33133, 0.18296],  ndcg=[0.35842, 0.23110], RMRR=[0.11522, 0.16151]
Epoch 1660 [3.5s]: train==[6120.29457=6111.92044 + 2.06433 + 0.00000 + 0.90260 + 5.40722]
Epoch 1661 [3.4s]: train==[6118.64614=6110.24245 + 2.06352 + 0.00000 + 0.90541 + 5.43475]
Epoch 1662 [3.5s]: train==[6086.32559=6077.94051 + 2.06874 + 0.00000 + 0.90701 + 5.40935]
Epoch 1663 [3.4s]: train==[6220.87170=6212.47343 + 2.06165 + 0.00000 + 0.90686 + 5.42973]
Epoch 1664 [3.4s]: train==[5896.69645=5888.32262 + 2.06123 + 0.00000 + 0.90163 + 5.41096]
Epoch 1665 [3.4s]: train==[5910.33734=5901.96965 + 2.06636 + 0.00000 + 0.90249 + 5.39885]
Epoch 1666 [3.4s]: train==[6308.69434=6300.32156 + 2.06247 + 0.00000 + 0.90223 + 5.40807]
Epoch 1667 [3.4s]: train==[6165.33671=6156.98752 + 2.06402 + 0.00000 + 0.90393 + 5.38127]
Epoch 1668 [3.4s]: train==[6174.72247=6166.35942 + 2.06326 + 0.00000 + 0.90164 + 5.39813]
drop_flag:  True ,	 mess_dropout:  [0.0, 0.0]
rate_batch  torch.Size([1162, 753])
gt_count  8427
candidate_count  874986
ideal candidate count  874986
Epoch 1669 [3.4s + 5.9s]: train==[6179.72012=6171.32443 + 2.06047 + 0.00000 + 0.90147 + 5.43371]
 recall=[0.24385, 0.51477], precision=[0.33253, 0.18417],  ndcg=[0.36236, 0.23345], RMRR=[0.11600, 0.16427]
Epoch 1670 [3.4s]: train==[5908.67980=5900.30139 + 2.06561 + 0.00000 + 0.90096 + 5.41190]
Epoch 1671 [3.4s]: train==[6002.98409=5994.62874 + 2.06555 + 0.00000 + 0.90172 + 5.38809]
Epoch 1672 [3.4s]: train==[5780.36037=5771.98024 + 2.07189 + 0.00000 + 0.90024 + 5.40799]
Epoch 1673 [3.4s]: train==[5993.78482=5985.42973 + 2.07093 + 0.00000 + 0.90067 + 5.38354]
Epoch 1674 [3.4s]: train==[6078.99380=6070.61189 + 2.06812 + 0.00000 + 0.90139 + 5.41239]
Epoch 1675 [3.4s]: train==[6020.94231=6012.52939 + 2.07046 + 0.00000 + 0.90079 + 5.44174]
Epoch 1676 [3.4s]: train==[6361.23478=6352.83192 + 2.06648 + 0.00000 + 0.90242 + 5.43397]
Epoch 1677 [3.4s]: train==[6000.24576=5991.87521 + 2.06533 + 0.00000 + 0.89995 + 5.40523]
Epoch 1678 [3.4s]: train==[5940.62378=5932.24060 + 2.06918 + 0.00000 + 0.90120 + 5.41283]
drop_flag:  True ,	 mess_dropout:  [0.0, 0.0]
rate_batch  torch.Size([1162, 753])
gt_count  8427
candidate_count  874986
ideal candidate count  874986
Epoch 1679 [3.4s + 5.9s]: train==[5843.77056=5835.38503 + 2.07211 + 0.00000 + 0.90052 + 5.41295]
 recall=[0.24204, 0.51000], precision=[0.33580, 0.18382],  ndcg=[0.36352, 0.23277], RMRR=[0.11251, 0.15895]
Epoch 1680 [3.5s]: train==[6212.18454=6203.81833 + 2.07250 + 0.00000 + 0.90234 + 5.39139]
Epoch 1681 [3.4s]: train==[5951.50315=5943.12558 + 2.07007 + 0.00000 + 0.89956 + 5.40798]
Epoch 1682 [3.4s]: train==[6033.49455=6025.15028 + 2.06948 + 0.00000 + 0.89643 + 5.37837]
Epoch 1683 [3.4s]: train==[6099.57345=6091.23726 + 2.07074 + 0.00000 + 0.90125 + 5.36420]
Epoch 1684 [3.4s]: train==[6055.63264=6047.28435 + 2.06851 + 0.00000 + 0.90063 + 5.37910]
Epoch 1685 [3.4s]: train==[5958.39276=5950.04759 + 2.07131 + 0.00000 + 0.89785 + 5.37601]
Epoch 1686 [3.4s]: train==[5905.60635=5897.21378 + 2.06905 + 0.00000 + 0.89933 + 5.42417]
Epoch 1687 [3.4s]: train==[6091.39623=6083.00090 + 2.07592 + 0.00000 + 0.90068 + 5.41877]
Epoch 1688 [3.4s]: train==[5921.10684=5912.73479 + 2.07355 + 0.00000 + 0.89999 + 5.39849]
drop_flag:  True ,	 mess_dropout:  [0.0, 0.0]
rate_batch  torch.Size([1162, 753])
gt_count  8427
candidate_count  874986
ideal candidate count  874986
Epoch 1689 [3.4s + 5.9s]: train==[6000.91578=5992.54636 + 2.07121 + 0.00000 + 0.89969 + 5.39851]
 recall=[0.24226, 0.51329], precision=[0.33184, 0.18580],  ndcg=[0.36173, 0.23431], RMRR=[0.11306, 0.16066]
Epoch 1690 [3.5s]: train==[5802.18386=5793.83693 + 2.07423 + 0.00000 + 0.89795 + 5.37473]
Epoch 1691 [3.4s]: train==[6217.66027=6209.27560 + 2.06968 + 0.00000 + 0.90034 + 5.41461]
Epoch 1692 [3.4s]: train==[6107.63523=6099.27312 + 2.07262 + 0.00000 + 0.89959 + 5.38994]
Epoch 1693 [3.4s]: train==[6167.44890=6159.07809 + 2.07446 + 0.00000 + 0.89921 + 5.39712]
Epoch 1694 [3.4s]: train==[6062.26904=6053.90584 + 2.07405 + 0.00000 + 0.89686 + 5.39230]
Epoch 1695 [3.4s]: train==[6067.03354=6058.67766 + 2.07124 + 0.00000 + 0.89362 + 5.39107]
Epoch 1696 [3.4s]: train==[6069.51553=6061.16125 + 2.07579 + 0.00000 + 0.89564 + 5.38279]
Epoch 1697 [3.4s]: train==[5919.78569=5911.44249 + 2.07544 + 0.00000 + 0.89515 + 5.37262]
Epoch 1698 [3.4s]: train==[6133.12472=6124.74896 + 2.06870 + 0.00000 + 0.89208 + 5.41498]
drop_flag:  True ,	 mess_dropout:  [0.0, 0.0]
rate_batch  torch.Size([1162, 753])
gt_count  8427
candidate_count  874986
ideal candidate count  874986
Epoch 1699 [3.5s + 5.9s]: train==[6122.75566=6114.40182 + 2.07856 + 0.00000 + 0.89442 + 5.38088]
 recall=[0.24404, 0.50716], precision=[0.33408, 0.18335],  ndcg=[0.36346, 0.23279], RMRR=[0.11604, 0.16278]
Epoch 1700 [3.4s]: train==[5794.09308=5785.69167 + 2.07703 + 0.00000 + 0.89792 + 5.42642]
Epoch 1701 [3.4s]: train==[6140.08418=6131.67656 + 2.07457 + 0.00000 + 0.89537 + 5.43765]
Epoch 1702 [3.4s]: train==[5772.52889=5764.12433 + 2.07324 + 0.00000 + 0.89519 + 5.43610]
Epoch 1703 [3.4s]: train==[6047.98864=6039.59013 + 2.07752 + 0.00000 + 0.89743 + 5.42356]
Epoch 1704 [3.4s]: train==[5822.23973=5813.87117 + 2.07762 + 0.00000 + 0.89539 + 5.39553]
Epoch 1705 [3.4s]: train==[6054.81992=6046.45120 + 2.07704 + 0.00000 + 0.89644 + 5.39527]
Epoch 1706 [3.4s]: train==[6106.90467=6098.55380 + 2.07699 + 0.00000 + 0.89260 + 5.38125]
Epoch 1707 [3.4s]: train==[6112.27938=6103.93291 + 2.08262 + 0.00000 + 0.89616 + 5.36771]
Epoch 1708 [3.5s]: train==[5838.73752=5830.38213 + 2.08281 + 0.00000 + 0.89515 + 5.37743]
drop_flag:  True ,	 mess_dropout:  [0.0, 0.0]
rate_batch  torch.Size([1162, 753])
gt_count  8427
candidate_count  874986
ideal candidate count  874986
Epoch 1709 [3.5s + 5.8s]: train==[5789.66183=5781.35371 + 2.08145 + 0.00000 + 0.89317 + 5.33348]
 recall=[0.24201, 0.51582], precision=[0.33253, 0.18373],  ndcg=[0.36244, 0.23317], RMRR=[0.11375, 0.16207]
Epoch 1710 [3.4s]: train==[5838.79481=5830.44406 + 2.07579 + 0.00000 + 0.89349 + 5.38150]
Epoch 1711 [3.4s]: train==[5958.85700=5950.47214 + 2.07934 + 0.00000 + 0.89735 + 5.40819]
Epoch 1712 [3.4s]: train==[5959.48843=5951.13962 + 2.07867 + 0.00000 + 0.89456 + 5.37557]
Epoch 1713 [3.4s]: train==[5953.50921=5945.17381 + 2.07311 + 0.00000 + 0.89449 + 5.36782]
Epoch 1714 [3.4s]: train==[6244.23054=6235.84488 + 2.07411 + 0.00000 + 0.89368 + 5.41790]
Epoch 1715 [3.4s]: train==[6130.40016=6122.01627 + 2.07101 + 0.00000 + 0.89269 + 5.42018]
Epoch 1716 [3.5s]: train==[5953.44132=5945.00154 + 2.07807 + 0.00000 + 0.89750 + 5.46420]
Epoch 1717 [3.5s]: train==[5880.34563=5871.97441 + 2.07744 + 0.00000 + 0.89310 + 5.40066]
Epoch 1718 [3.4s]: train==[5959.23147=5950.81798 + 2.07366 + 0.00000 + 0.89309 + 5.44672]
drop_flag:  True ,	 mess_dropout:  [0.0, 0.0]
rate_batch  torch.Size([1162, 753])
gt_count  8427
candidate_count  874986
ideal candidate count  874986
Epoch 1719 [3.4s + 5.8s]: train==[5855.11672=5846.75189 + 2.07685 + 0.00000 + 0.88856 + 5.39943]
 recall=[0.24526, 0.51477], precision=[0.33528, 0.18537],  ndcg=[0.36225, 0.23387], RMRR=[0.11520, 0.16348]
Epoch 1720 [3.4s]: train==[6025.44378=6017.08125 + 2.07246 + 0.00000 + 0.88877 + 5.40140]
Epoch 1721 [3.4s]: train==[6114.37519=6105.99133 + 2.07615 + 0.00000 + 0.89030 + 5.41742]
Epoch 1722 [3.4s]: train==[6027.71892=6019.33336 + 2.07902 + 0.00000 + 0.88887 + 5.41762]
Epoch 1723 [3.4s]: train==[5865.22701=5856.87947 + 2.07777 + 0.00000 + 0.88935 + 5.38045]
Epoch 1724 [3.4s]: train==[6024.26103=6015.93262 + 2.07358 + 0.00000 + 0.89141 + 5.36344]
Epoch 1725 [3.4s]: train==[6243.87806=6235.52020 + 2.07458 + 0.00000 + 0.88749 + 5.39571]
Epoch 1726 [3.4s]: train==[5934.08004=5925.75577 + 2.07973 + 0.00000 + 0.88646 + 5.35802]
Epoch 1727 [3.4s]: train==[5930.21896=5921.86980 + 2.07961 + 0.00000 + 0.89166 + 5.37790]
Epoch 1728 [3.4s]: train==[5961.88227=5953.50845 + 2.07793 + 0.00000 + 0.89139 + 5.40443]
drop_flag:  True ,	 mess_dropout:  [0.0, 0.0]
rate_batch  torch.Size([1162, 753])
gt_count  8427
candidate_count  874986
ideal candidate count  874986
Epoch 1729 [3.5s + 5.9s]: train==[6175.41367=6167.08005 + 2.07757 + 0.00000 + 0.88769 + 5.36837]
 recall=[0.24141, 0.51542], precision=[0.33305, 0.18571],  ndcg=[0.36256, 0.23439], RMRR=[0.11531, 0.16349]
Epoch 1730 [3.4s]: train==[6000.27976=5991.96356 + 2.07783 + 0.00000 + 0.88574 + 5.35264]
Epoch 1731 [3.4s]: train==[5857.28606=5848.99887 + 2.07403 + 0.00000 + 0.88521 + 5.32793]
Epoch 1732 [3.4s]: train==[5889.67754=5881.30211 + 2.08023 + 0.00000 + 0.88798 + 5.40722]
Epoch 1733 [3.5s]: train==[5955.52423=5947.20641 + 2.08154 + 0.00000 + 0.88927 + 5.34698]
Epoch 1734 [3.5s]: train==[5904.03136=5895.70219 + 2.07731 + 0.00000 + 0.88746 + 5.36440]
Epoch 1735 [3.4s]: train==[6116.47683=6108.15659 + 2.07985 + 0.00000 + 0.88524 + 5.35517]
Epoch 1736 [3.4s]: train==[6204.70545=6196.36450 + 2.08168 + 0.00000 + 0.88557 + 5.37374]
Epoch 1737 [3.4s]: train==[5877.82338=5869.50284 + 2.08218 + 0.00000 + 0.88467 + 5.35371]
Epoch 1738 [3.4s]: train==[5902.33248=5894.00555 + 2.07764 + 0.00000 + 0.88509 + 5.36423]
drop_flag:  True ,	 mess_dropout:  [0.0, 0.0]
rate_batch  torch.Size([1162, 753])
gt_count  8427
candidate_count  874986
ideal candidate count  874986
Epoch 1739 [3.4s + 5.8s]: train==[6083.24072=6074.91537 + 2.08138 + 0.00000 + 0.88516 + 5.35876]
 recall=[0.24414, 0.51392], precision=[0.33287, 0.18356],  ndcg=[0.36315, 0.23307], RMRR=[0.11848, 0.16561]
Epoch 1740 [3.4s]: train==[6119.94098=6111.63004 + 2.08051 + 0.00000 + 0.88494 + 5.34552]
Epoch 1741 [3.4s]: train==[6038.02677=6029.67740 + 2.07940 + 0.00000 + 0.88376 + 5.38621]
Epoch 1742 [3.5s]: train==[6054.94261=6046.61848 + 2.08157 + 0.00000 + 0.88398 + 5.35859]
Epoch 1743 [3.4s]: train==[5861.69630=5853.35568 + 2.08125 + 0.00000 + 0.88382 + 5.37556]
Epoch 1744 [3.4s]: train==[5958.80672=5950.44293 + 2.08029 + 0.00000 + 0.88918 + 5.39429]
Epoch 1745 [3.4s]: train==[5915.88740=5907.53175 + 2.07478 + 0.00000 + 0.88701 + 5.39385]
Epoch 1746 [3.4s]: train==[5954.21382=5945.88654 + 2.07862 + 0.00000 + 0.88335 + 5.36533]
Epoch 1747 [3.4s]: train==[6043.01708=6034.71503 + 2.07976 + 0.00000 + 0.88341 + 5.33888]
Epoch 1748 [3.4s]: train==[6042.46436=6034.15236 + 2.07800 + 0.00000 + 0.88570 + 5.34833]
drop_flag:  True ,	 mess_dropout:  [0.0, 0.0]
rate_batch  torch.Size([1162, 753])
gt_count  8427
candidate_count  874986
ideal candidate count  874986
Epoch 1749 [3.4s + 5.8s]: train==[5969.10833=5960.80965 + 2.08216 + 0.00000 + 0.88297 + 5.33356]
 recall=[0.24217, 0.51207], precision=[0.33305, 0.18537],  ndcg=[0.36289, 0.23455], RMRR=[0.11663, 0.16442]
Epoch 1750 [3.5s]: train==[5951.30027=5943.01282 + 2.08504 + 0.00000 + 0.88318 + 5.31917]
Epoch 1751 [3.5s]: train==[5912.96412=5904.65538 + 2.07960 + 0.00000 + 0.88436 + 5.34476]
Epoch 1752 [3.4s]: train==[5837.27763=5828.94643 + 2.08201 + 0.00000 + 0.88406 + 5.36508]
Epoch 1753 [3.4s]: train==[5755.62101=5747.30257 + 2.08062 + 0.00000 + 0.88489 + 5.35288]
Epoch 1754 [3.4s]: train==[6161.53564=6153.21753 + 2.08382 + 0.00000 + 0.88340 + 5.35090]
Epoch 1755 [3.4s]: train==[5935.65717=5927.32678 + 2.08449 + 0.00000 + 0.88391 + 5.36204]
Epoch 1756 [3.4s]: train==[6003.44112=5995.14548 + 2.08761 + 0.00000 + 0.88265 + 5.32539]
Epoch 1757 [3.4s]: train==[5990.58228=5982.29045 + 2.08018 + 0.00000 + 0.87979 + 5.33185]
Epoch 1758 [3.4s]: train==[5991.54709=5983.24443 + 2.08151 + 0.00000 + 0.88274 + 5.33840]
drop_flag:  True ,	 mess_dropout:  [0.0, 0.0]
rate_batch  torch.Size([1162, 753])
gt_count  8427
candidate_count  874986
ideal candidate count  874986
Epoch 1759 [3.4s + 5.9s]: train==[5856.45497=5848.16331 + 2.08702 + 0.00000 + 0.88029 + 5.32428]
 recall=[0.24165, 0.51378], precision=[0.33184, 0.18451],  ndcg=[0.36125, 0.23336], RMRR=[0.11594, 0.16465]
Epoch 1760 [3.4s]: train==[5962.56133=5954.24060 + 2.08432 + 0.00000 + 0.88257 + 5.35384]
Epoch 1761 [3.4s]: train==[5943.84287=5935.50336 + 2.08464 + 0.00000 + 0.88329 + 5.37158]
Epoch 1762 [3.4s]: train==[6037.43038=6029.15425 + 2.08042 + 0.00000 + 0.88100 + 5.31473]
Epoch 1763 [3.4s]: train==[6040.14293=6031.83202 + 2.08541 + 0.00000 + 0.88249 + 5.34299]
Epoch 1764 [3.5s]: train==[6138.82496=6130.51907 + 2.08162 + 0.00000 + 0.88161 + 5.34269]
Epoch 1765 [3.4s]: train==[5964.39771=5956.07903 + 2.08532 + 0.00000 + 0.88372 + 5.34959]
Epoch 1766 [3.4s]: train==[5986.52790=5978.24571 + 2.08208 + 0.00000 + 0.88062 + 5.31948]
Epoch 1767 [3.5s]: train==[5922.52836=5914.17949 + 2.08389 + 0.00000 + 0.88596 + 5.37901]
Epoch 1768 [3.5s]: train==[6063.61408=6055.28235 + 2.08497 + 0.00000 + 0.88305 + 5.36371]
drop_flag:  True ,	 mess_dropout:  [0.0, 0.0]
rate_batch  torch.Size([1162, 753])
gt_count  8427
candidate_count  874986
ideal candidate count  874986
Epoch 1769 [3.5s + 5.9s]: train==[5850.63589=5842.30145 + 2.08546 + 0.00000 + 0.88103 + 5.36795]
 recall=[0.24700, 0.51004], precision=[0.33855, 0.18322],  ndcg=[0.36459, 0.23264], RMRR=[0.11929, 0.16588]
Epoch 1770 [3.4s]: train==[6225.11145=6216.80067 + 2.08288 + 0.00000 + 0.88225 + 5.34567]
Epoch 1771 [3.4s]: train==[5788.42591=5780.12276 + 2.08479 + 0.00000 + 0.88139 + 5.33700]
Epoch 1772 [3.4s]: train==[6008.38863=6000.07492 + 2.08672 + 0.00000 + 0.88190 + 5.34509]
Epoch 1773 [3.4s]: train==[5934.09469=5925.79570 + 2.08421 + 0.00000 + 0.88154 + 5.33327]
Epoch 1774 [3.4s]: train==[5977.73056=5969.43259 + 2.08688 + 0.00000 + 0.87840 + 5.33267]
Epoch 1775 [3.4s]: train==[5945.39896=5937.04436 + 2.08559 + 0.00000 + 0.88166 + 5.38732]
Epoch 1776 [3.4s]: train==[5889.43493=5881.07797 + 2.08597 + 0.00000 + 0.88298 + 5.38801]
Epoch 1777 [3.4s]: train==[6309.57354=6301.23750 + 2.08361 + 0.00000 + 0.88042 + 5.37199]
Epoch 1778 [3.5s]: train==[6043.87379=6035.54543 + 2.08378 + 0.00000 + 0.87778 + 5.36680]
drop_flag:  True ,	 mess_dropout:  [0.0, 0.0]
rate_batch  torch.Size([1162, 753])
gt_count  8427
candidate_count  874986
ideal candidate count  874986
Epoch 1779 [3.4s + 5.8s]: train==[5816.91340=5808.56844 + 2.08790 + 0.00000 + 0.87900 + 5.37808]
 recall=[0.24558, 0.51747], precision=[0.33683, 0.18533],  ndcg=[0.36602, 0.23492], RMRR=[0.11619, 0.16456]
Epoch 1780 [3.4s]: train==[6127.07761=6118.76768 + 2.08849 + 0.00000 + 0.87665 + 5.34477]
Epoch 1781 [3.4s]: train==[6050.90618=6042.60065 + 2.08550 + 0.00000 + 0.87935 + 5.34074]
Epoch 1782 [3.4s]: train==[5899.03374=5890.70869 + 2.08703 + 0.00000 + 0.88064 + 5.35734]
Epoch 1783 [3.4s]: train==[6208.98608=6200.68211 + 2.08872 + 0.00000 + 0.87847 + 5.33684]
Epoch 1784 [3.4s]: train==[6162.75070=6154.42921 + 2.08883 + 0.00000 + 0.87859 + 5.35409]
Epoch 1785 [3.4s]: train==[5932.26161=5923.91391 + 2.09038 + 0.00000 + 0.88239 + 5.37499]
Epoch 1786 [3.5s]: train==[6062.05985=6053.75113 + 2.08864 + 0.00000 + 0.88111 + 5.33891]
Epoch 1787 [3.5s]: train==[6123.33178=6115.04530 + 2.08651 + 0.00000 + 0.87994 + 5.31998]
Epoch 1788 [3.4s]: train==[5893.99256=5885.66330 + 2.08832 + 0.00000 + 0.88013 + 5.36079]
drop_flag:  True ,	 mess_dropout:  [0.0, 0.0]
rate_batch  torch.Size([1162, 753])
gt_count  8427
candidate_count  874986
ideal candidate count  874986
Epoch 1789 [3.4s + 5.8s]: train==[6029.49489=6021.18790 + 2.09172 + 0.00000 + 0.87879 + 5.33650]
 recall=[0.24483, 0.50992], precision=[0.33580, 0.18356],  ndcg=[0.36337, 0.23252], RMRR=[0.11597, 0.16296]
Epoch 1790 [3.4s]: train==[5758.19983=5749.88820 + 2.08650 + 0.00000 + 0.88147 + 5.34371]
Epoch 1791 [3.4s]: train==[5948.03685=5939.72809 + 2.08823 + 0.00000 + 0.87982 + 5.34074]
Epoch 1792 [3.4s]: train==[5978.87149=5970.59729 + 2.08938 + 0.00000 + 0.87664 + 5.30819]
Epoch 1793 [3.5s]: train==[6244.65407=6236.36937 + 2.08523 + 0.00000 + 0.87701 + 5.32241]
Epoch 1794 [3.4s]: train==[6038.24564=6029.95569 + 2.08930 + 0.00000 + 0.87576 + 5.32493]
Epoch 1795 [3.5s]: train==[5915.05583=5906.75842 + 2.08850 + 0.00000 + 0.87647 + 5.33245]
Epoch 1796 [3.4s]: train==[6101.58215=6093.28377 + 2.08769 + 0.00000 + 0.87657 + 5.33412]
Epoch 1797 [3.4s]: train==[6034.90743=6026.60841 + 2.08554 + 0.00000 + 0.87677 + 5.33667]
Epoch 1798 [3.5s]: train==[5996.44973=5988.15831 + 2.08841 + 0.00000 + 0.87717 + 5.32581]
drop_flag:  True ,	 mess_dropout:  [0.0, 0.0]
rate_batch  torch.Size([1162, 753])
gt_count  8427
candidate_count  874986
ideal candidate count  874986
Epoch 1799 [3.4s + 5.9s]: train==[5829.16875=5820.90720 + 2.08478 + 0.00000 + 0.87514 + 5.30166]
 recall=[0.24856, 0.51523], precision=[0.33614, 0.18429],  ndcg=[0.36541, 0.23416], RMRR=[0.11961, 0.16666]
Epoch 1800 [3.4s]: train==[5966.56889=5958.30325 + 2.09049 + 0.00000 + 0.87549 + 5.29959]
Epoch 1801 [3.4s]: train==[5879.24444=5870.99467 + 2.09044 + 0.00000 + 0.87493 + 5.28442]
Epoch 1802 [3.4s]: train==[5871.66400=5863.38695 + 2.09251 + 0.00000 + 0.87688 + 5.30769]
Epoch 1803 [3.4s]: train==[6112.61158=6104.35896 + 2.08874 + 0.00000 + 0.87675 + 5.28707]
Epoch 1804 [3.5s]: train==[5953.60187=5945.34052 + 2.09445 + 0.00000 + 0.87769 + 5.28924]
Epoch 1805 [3.4s]: train==[6162.64512=6154.39185 + 2.08387 + 0.00000 + 0.87649 + 5.29293]
Epoch 1806 [3.4s]: train==[5797.13197=5788.85419 + 2.09240 + 0.00000 + 0.87632 + 5.30905]
Epoch 1807 [3.4s]: train==[6256.28556=6247.99985 + 2.08976 + 0.00000 + 0.87594 + 5.32003]
Epoch 1808 [3.4s]: train==[5858.64813=5850.41182 + 2.08965 + 0.00000 + 0.87460 + 5.27209]
drop_flag:  True ,	 mess_dropout:  [0.0, 0.0]
rate_batch  torch.Size([1162, 753])
gt_count  8427
candidate_count  874986
ideal candidate count  874986
Epoch 1809 [3.4s + 5.9s]: train==[6100.86855=6092.61061 + 2.08770 + 0.00000 + 0.87624 + 5.29401]
 recall=[0.23880, 0.51384], precision=[0.32771, 0.18434],  ndcg=[0.35886, 0.23313], RMRR=[0.11585, 0.16410]
Epoch 1810 [3.4s]: train==[5895.55523=5887.26678 + 2.08705 + 0.00000 + 0.87561 + 5.32581]
Epoch 1811 [3.4s]: train==[6021.34447=6013.07129 + 2.09173 + 0.00000 + 0.87543 + 5.30601]
Epoch 1812 [3.5s]: train==[5842.52281=5834.24847 + 2.08898 + 0.00000 + 0.87586 + 5.30951]
Epoch 1813 [3.5s]: train==[6067.80086=6059.48248 + 2.09185 + 0.00000 + 0.87580 + 5.35075]
Epoch 1814 [3.4s]: train==[6122.80446=6114.51747 + 2.09003 + 0.00000 + 0.87501 + 5.32196]
Epoch 1815 [3.4s]: train==[5991.52615=5983.25383 + 2.08953 + 0.00000 + 0.87279 + 5.31001]
Epoch 1816 [3.4s]: train==[6096.78857=6088.51813 + 2.08790 + 0.00000 + 0.87356 + 5.30899]
Epoch 1817 [3.5s]: train==[6037.28681=6028.99515 + 2.09205 + 0.00000 + 0.87148 + 5.32811]
Epoch 1818 [3.4s]: train==[6060.01725=6051.77594 + 2.09270 + 0.00000 + 0.87277 + 5.27591]
drop_flag:  True ,	 mess_dropout:  [0.0, 0.0]
rate_batch  torch.Size([1162, 753])
gt_count  8427
candidate_count  874986
ideal candidate count  874986
Epoch 1819 [3.4s + 12049.5s]: train==[6180.72066=6172.46352 + 2.09192 + 0.00000 + 0.87048 + 5.29476]
 recall=[0.24732, 0.51862], precision=[0.33580, 0.18472],  ndcg=[0.36577, 0.23471], RMRR=[0.11622, 0.16414]
Epoch 1820 [3.5s]: train==[5807.92171=5799.63141 + 2.08752 + 0.00000 + 0.87084 + 5.33192]
Epoch 1821 [3.5s]: train==[6090.36346=6082.06931 + 2.08817 + 0.00000 + 0.87334 + 5.33266]
Epoch 1822 [3.4s]: train==[6047.15904=6038.89279 + 2.08825 + 0.00000 + 0.87041 + 5.30764]
Epoch 1823 [3.4s]: train==[6161.98357=6153.72653 + 2.09048 + 0.00000 + 0.87173 + 5.29482]
Epoch 1824 [3.5s]: train==[6230.08886=6221.80093 + 2.08883 + 0.00000 + 0.87101 + 5.32806]
Epoch 1825 [3.5s]: train==[6000.54138=5992.27422 + 2.09398 + 0.00000 + 0.87364 + 5.29955]
Epoch 1826 [3.4s]: train==[5809.58137=5801.30403 + 2.09954 + 0.00000 + 0.87347 + 5.30434]
Epoch 1827 [3.4s]: train==[5976.34669=5968.06659 + 2.09571 + 0.00000 + 0.87021 + 5.31419]
Epoch 1828 [3.4s]: train==[5984.94018=5976.64758 + 2.09277 + 0.00000 + 0.87129 + 5.32851]
drop_flag:  True ,	 mess_dropout:  [0.0, 0.0]
rate_batch  torch.Size([1162, 753])
gt_count  8427
candidate_count  874986
ideal candidate count  874986
Epoch 1829 [3.4s + 5.9s]: train==[5999.70884=5991.44521 + 2.09519 + 0.00000 + 0.87143 + 5.29702]
 recall=[0.24466, 0.51617], precision=[0.33460, 0.18571],  ndcg=[0.36321, 0.23443], RMRR=[0.11702, 0.16453]
Epoch 1830 [3.5s]: train==[5950.87758=5942.59207 + 2.09510 + 0.00000 + 0.87338 + 5.31703]
Epoch 1831 [3.4s]: train==[5806.41962=5798.15707 + 2.09178 + 0.00000 + 0.87145 + 5.29937]
Epoch 1832 [3.4s]: train==[5986.06527=5977.82690 + 2.09574 + 0.00000 + 0.86882 + 5.27381]
Epoch 1833 [3.4s]: train==[5931.12862=5922.85483 + 2.09376 + 0.00000 + 0.87260 + 5.30747]
Epoch 1834 [3.4s]: train==[5961.09436=5952.79819 + 2.09220 + 0.00000 + 0.87236 + 5.33162]
Epoch 1835 [3.4s]: train==[6048.58382=6040.24213 + 2.09551 + 0.00000 + 0.87125 + 5.37499]
Epoch 1836 [3.4s]: train==[5889.58218=5881.28580 + 2.09762 + 0.00000 + 0.86834 + 5.33043]
Epoch 1837 [3.4s]: train==[5737.55088=5729.25941 + 2.09641 + 0.00000 + 0.87096 + 5.32411]
Epoch 1838 [3.4s]: train==[6002.73349=5994.44283 + 2.09892 + 0.00000 + 0.87139 + 5.32035]
drop_flag:  True ,	 mess_dropout:  [0.0, 0.0]
rate_batch  torch.Size([1162, 753])
gt_count  8427
candidate_count  874986
ideal candidate count  874986
Epoch 1839 [3.5s + 5.9s]: train==[6061.64664=6053.38263 + 2.09944 + 0.00000 + 0.86982 + 5.29479]
 recall=[0.24806, 0.51918], precision=[0.33528, 0.18503],  ndcg=[0.36603, 0.23494], RMRR=[0.11485, 0.16233]
Epoch 1840 [3.4s]: train==[6133.39296=6125.18246 + 2.09601 + 0.00000 + 0.86797 + 5.24645]
Epoch 1841 [3.4s]: train==[5685.30902=5677.06053 + 2.09524 + 0.00000 + 0.86827 + 5.28498]
Epoch 1842 [3.4s]: train==[5948.67508=5940.42343 + 2.09774 + 0.00000 + 0.86822 + 5.28571]
Epoch 1843 [3.4s]: train==[5926.71262=5918.44679 + 2.09955 + 0.00000 + 0.87085 + 5.29543]
Epoch 1844 [3.4s]: train==[6088.21022=6079.97179 + 2.09789 + 0.00000 + 0.86910 + 5.27137]
Epoch 1845 [3.4s]: train==[5931.48076=5923.23044 + 2.10039 + 0.00000 + 0.86661 + 5.28329]
Epoch 1846 [3.4s]: train==[5804.04267=5795.77519 + 2.09631 + 0.00000 + 0.86997 + 5.30120]
Epoch 1847 [3.5s]: train==[5889.99890=5881.76196 + 2.09400 + 0.00000 + 0.86587 + 5.27709]
Epoch 1848 [3.5s]: train==[5901.13914=5892.88101 + 2.09945 + 0.00000 + 0.86967 + 5.28899]
drop_flag:  True ,	 mess_dropout:  [0.0, 0.0]
rate_batch  torch.Size([1162, 753])
gt_count  8427
candidate_count  874986
ideal candidate count  874986
Epoch 1849 [3.5s + 5.9s]: train==[6096.98485=6088.73607 + 2.09511 + 0.00000 + 0.86632 + 5.28737]
 recall=[0.24491, 0.51573], precision=[0.33391, 0.18464],  ndcg=[0.36500, 0.23447], RMRR=[0.11772, 0.16523]
Epoch 1850 [3.5s]: train==[6047.06607=6038.81198 + 2.09517 + 0.00000 + 0.86674 + 5.29220]
Epoch 1851 [3.5s]: train==[5846.42255=5838.18390 + 2.09668 + 0.00000 + 0.86676 + 5.27518]
Epoch 1852 [3.4s]: train==[5970.72665=5962.50021 + 2.09730 + 0.00000 + 0.86672 + 5.26240]
Epoch 1853 [3.5s]: train==[6114.70412=6106.49771 + 2.09513 + 0.00000 + 0.86512 + 5.24626]
Epoch 1854 [3.4s]: train==[6029.55300=6021.27696 + 2.09916 + 0.00000 + 0.86732 + 5.30952]
Epoch 1855 [3.4s]: train==[6190.22540=6181.94318 + 2.09848 + 0.00000 + 0.86508 + 5.31871]
Epoch 1856 [3.5s]: train==[6061.88791=6053.64389 + 2.10108 + 0.00000 + 0.86478 + 5.27821]
Epoch 1857 [3.5s]: train==[6228.92366=6220.64848 + 2.09640 + 0.00000 + 0.86586 + 5.31291]
Epoch 1858 [3.4s]: train==[6024.05905=6015.83122 + 2.09855 + 0.00000 + 0.86339 + 5.26591]
drop_flag:  True ,	 mess_dropout:  [0.0, 0.0]
rate_batch  torch.Size([1162, 753])
gt_count  8427
candidate_count  874986
ideal candidate count  874986
Epoch 1859 [3.4s + 5.8s]: train==[5914.75448=5906.45181 + 2.09595 + 0.00000 + 0.86679 + 5.33990]
 recall=[0.24181, 0.51452], precision=[0.33115, 0.18503],  ndcg=[0.36269, 0.23459], RMRR=[0.11470, 0.16367]
Epoch 1860 [3.4s]: train==[5913.67257=5905.43082 + 2.09754 + 0.00000 + 0.86791 + 5.27628]
Epoch 1861 [3.4s]: train==[6028.79496=6020.55333 + 2.09990 + 0.00000 + 0.86707 + 5.27462]
Epoch 1862 [3.4s]: train==[5940.42409=5932.16714 + 2.10163 + 0.00000 + 0.86674 + 5.28854]
Epoch 1863 [3.4s]: train==[5841.32996=5833.11267 + 2.09955 + 0.00000 + 0.86278 + 5.25497]
Epoch 1864 [3.5s]: train==[6107.84013=6099.60785 + 2.10341 + 0.00000 + 0.86243 + 5.26648]
Epoch 1865 [3.5s]: train==[5817.01388=5808.77214 + 2.09885 + 0.00000 + 0.86600 + 5.27685]
Epoch 1866 [3.5s]: train==[5891.24465=5883.03033 + 2.10016 + 0.00000 + 0.86677 + 5.24735]
Epoch 1867 [3.5s]: train==[5982.96171=5974.74005 + 2.09823 + 0.00000 + 0.86650 + 5.25696]
Epoch 1868 [3.5s]: train==[6073.34416=6065.12085 + 2.09835 + 0.00000 + 0.86581 + 5.25919]
drop_flag:  True ,	 mess_dropout:  [0.0, 0.0]
rate_batch  torch.Size([1162, 753])
gt_count  8427
candidate_count  874986
ideal candidate count  874986
Epoch 1869 [3.5s + 5.9s]: train==[5941.63417=5933.42271 + 2.09584 + 0.00000 + 0.86378 + 5.25183]
 recall=[0.24393, 0.51559], precision=[0.33322, 0.18498],  ndcg=[0.36388, 0.23460], RMRR=[0.11595, 0.16463]
Epoch 1870 [3.4s]: train==[5967.60102=5959.38054 + 2.10105 + 0.00000 + 0.86263 + 5.25685]
Epoch 1871 [3.4s]: train==[6040.36967=6032.15370 + 2.09746 + 0.00000 + 0.86131 + 5.25722]
Epoch 1872 [3.5s]: train==[5974.49427=5966.26913 + 2.09911 + 0.00000 + 0.86217 + 5.26385]
Epoch 1873 [3.5s]: train==[5821.44628=5813.14378 + 2.09645 + 0.00000 + 0.86509 + 5.34100]
Epoch 1874 [3.4s]: train==[6002.97762=5994.71541 + 2.09974 + 0.00000 + 0.86496 + 5.29752]
Epoch 1875 [3.4s]: train==[6139.55753=6131.30031 + 2.09687 + 0.00000 + 0.86492 + 5.29539]
Epoch 1876 [3.5s]: train==[6158.05745=6149.80147 + 2.09996 + 0.00000 + 0.86457 + 5.29142]
Epoch 1877 [3.4s]: train==[5886.38463=5878.14989 + 2.10512 + 0.00000 + 0.86374 + 5.26589]
Epoch 1878 [3.4s]: train==[5981.78928=5973.50946 + 2.10158 + 0.00000 + 0.86664 + 5.31166]
drop_flag:  True ,	 mess_dropout:  [0.0, 0.0]
rate_batch  torch.Size([1162, 753])
gt_count  8427
candidate_count  874986
ideal candidate count  874986
Epoch 1879 [3.4s + 5.9s]: train==[5781.96799=5773.70178 + 2.10168 + 0.00000 + 0.86405 + 5.30047]
 recall=[0.24203, 0.51823], precision=[0.33133, 0.18614],  ndcg=[0.36200, 0.23528], RMRR=[0.11627, 0.16547]
Epoch 1880 [3.4s]: train==[5963.85507=5955.60301 + 2.10088 + 0.00000 + 0.86513 + 5.28602]
Epoch 1881 [3.5s]: train==[5801.32734=5793.11322 + 2.10424 + 0.00000 + 0.86334 + 5.24650]
Epoch 1882 [3.5s]: train==[6016.89958=6008.68153 + 2.10297 + 0.00000 + 0.86295 + 5.25213]
Epoch 1883 [3.4s]: train==[5984.22211=5975.99022 + 2.10298 + 0.00000 + 0.86423 + 5.26465]
Epoch 1884 [3.4s]: train==[5988.20548=5979.94135 + 2.10085 + 0.00000 + 0.86369 + 5.29955]
Epoch 1885 [3.5s]: train==[5963.24248=5954.98097 + 2.11074 + 0.00000 + 0.86327 + 5.28750]
Epoch 1886 [3.4s]: train==[5979.72559=5971.47076 + 2.10621 + 0.00000 + 0.86253 + 5.28606]
Epoch 1887 [3.4s]: train==[6068.64076=6060.40727 + 2.10149 + 0.00000 + 0.86215 + 5.26985]
Epoch 1888 [3.4s]: train==[5953.89101=5945.63277 + 2.10895 + 0.00000 + 0.86339 + 5.28594]
drop_flag:  True ,	 mess_dropout:  [0.0, 0.0]
rate_batch  torch.Size([1162, 753])
gt_count  8427
candidate_count  874986
ideal candidate count  874986
Epoch 1889 [3.4s + 5.9s]: train==[6023.02851=6014.76337 + 2.11433 + 0.00000 + 0.86391 + 5.28689]
 recall=[0.24701, 0.51307], precision=[0.33787, 0.18533],  ndcg=[0.36676, 0.23494], RMRR=[0.11847, 0.16475]
Epoch 1890 [3.5s]: train==[5932.88243=5924.63348 + 2.10676 + 0.00000 + 0.86311 + 5.27910]
Epoch 1891 [3.5s]: train==[6144.43800=6136.20827 + 2.10854 + 0.00000 + 0.86127 + 5.25990]
Epoch 1892 [3.4s]: train==[5981.43843=5973.17702 + 2.10877 + 0.00000 + 0.86503 + 5.28759]
Epoch 1893 [3.4s]: train==[6052.09807=6043.88617 + 2.10159 + 0.00000 + 0.86047 + 5.24989]
Epoch 1894 [3.4s]: train==[5933.63024=5925.38153 + 2.10858 + 0.00000 + 0.86329 + 5.27690]
Epoch 1895 [3.4s]: train==[5975.02678=5966.80930 + 2.10447 + 0.00000 + 0.85983 + 5.25320]
Epoch 1896 [3.4s]: train==[6138.05517=6129.84698 + 2.10562 + 0.00000 + 0.86009 + 5.24250]
Epoch 1897 [3.4s]: train==[6111.28759=6103.09735 + 2.10394 + 0.00000 + 0.85866 + 5.22762]
Epoch 1898 [3.4s]: train==[5906.77344=5898.56442 + 2.10212 + 0.00000 + 0.86056 + 5.24630]
drop_flag:  True ,	 mess_dropout:  [0.0, 0.0]
rate_batch  torch.Size([1162, 753])
gt_count  8427
candidate_count  874986
ideal candidate count  874986
Epoch 1899 [3.4s + 6.0s]: train==[5844.17973=5835.97733 + 2.10855 + 0.00000 + 0.86079 + 5.23303]
 recall=[0.24997, 0.51354], precision=[0.34165, 0.18468],  ndcg=[0.37093, 0.23564], RMRR=[0.11539, 0.16162]
Epoch 1900 [3.4s]: train==[5841.76561=5833.58475 + 2.10644 + 0.00000 + 0.85742 + 5.21706]
Epoch 1901 [3.4s]: train==[6159.95841=6151.74544 + 2.10501 + 0.00000 + 0.86166 + 5.24626]
Epoch 1902 [3.4s]: train==[5982.53426=5974.32077 + 2.10371 + 0.00000 + 0.85881 + 5.25099]
Epoch 1903 [3.5s]: train==[5978.56255=5970.31360 + 2.10736 + 0.00000 + 0.86093 + 5.28063]
Epoch 1904 [3.4s]: train==[5818.65834=5810.42409 + 2.10943 + 0.00000 + 0.85998 + 5.26485]
Epoch 1905 [3.4s]: train==[6078.64060=6070.41933 + 2.10581 + 0.00000 + 0.85787 + 5.25761]
Epoch 1906 [3.4s]: train==[6158.48085=6150.27573 + 2.10646 + 0.00000 + 0.85931 + 5.23935]
Epoch 1907 [3.5s]: train==[6069.00741=6060.80171 + 2.10650 + 0.00000 + 0.85972 + 5.23956]
Epoch 1908 [3.5s]: train==[5691.29101=5683.11160 + 2.10430 + 0.00000 + 0.85832 + 5.21682]
drop_flag:  True ,	 mess_dropout:  [0.0, 0.0]
rate_batch  torch.Size([1162, 753])
gt_count  8427
candidate_count  874986
ideal candidate count  874986
Epoch 1909 [3.5s + 5.9s]: train==[6091.19462=6082.96877 + 2.10410 + 0.00000 + 0.85935 + 5.26241]
 recall=[0.24934, 0.51482], precision=[0.34131, 0.18498],  ndcg=[0.36805, 0.23434], RMRR=[0.11964, 0.16690]
Epoch 1910 [3.4s]: train==[6083.49542=6075.29568 + 2.10342 + 0.00000 + 0.85760 + 5.23866]
Epoch 1911 [3.5s]: train==[6050.37931=6042.19290 + 2.10297 + 0.00000 + 0.85723 + 5.22615]
Epoch 1912 [3.4s]: train==[5972.85065=5964.63850 + 2.10513 + 0.00000 + 0.85940 + 5.24762]
Epoch 1913 [3.5s]: train==[5971.44256=5963.25201 + 2.10609 + 0.00000 + 0.85796 + 5.22651]
Epoch 1914 [3.5s]: train==[6224.83408=6216.61914 + 2.10741 + 0.00000 + 0.85798 + 5.24949]
Epoch 1915 [3.5s]: train==[5857.48079=5849.27234 + 2.10639 + 0.00000 + 0.85879 + 5.24328]
Epoch 1916 [3.5s]: train==[5961.78984=5953.59938 + 2.10517 + 0.00000 + 0.85723 + 5.22812]
Epoch 1917 [3.5s]: train==[6085.25246=6077.05194 + 2.10250 + 0.00000 + 0.85793 + 5.24010]
Epoch 1918 [3.5s]: train==[6000.65725=5992.45120 + 2.10615 + 0.00000 + 0.85917 + 5.24074]
drop_flag:  True ,	 mess_dropout:  [0.0, 0.0]
rate_batch  torch.Size([1162, 753])
gt_count  8427
candidate_count  874986
ideal candidate count  874986
Epoch 1919 [3.4s + 5.9s]: train==[5924.29445=5916.07707 + 2.10538 + 0.00000 + 0.85947 + 5.25251]
 recall=[0.24351, 0.51252], precision=[0.33322, 0.18460],  ndcg=[0.36324, 0.23413], RMRR=[0.11583, 0.16398]
Epoch 1920 [3.4s]: train==[6160.96261=6152.75229 + 2.10598 + 0.00000 + 0.85936 + 5.24495]
Epoch 1921 [3.4s]: train==[5924.07431=5915.84232 + 2.10655 + 0.00000 + 0.86059 + 5.26485]
Epoch 1922 [3.5s]: train==[5754.22579=5746.02083 + 2.10676 + 0.00000 + 0.85665 + 5.24158]
Epoch 1923 [3.4s]: train==[6028.49871=6020.29514 + 2.11131 + 0.00000 + 0.85630 + 5.23595]
Epoch 1924 [3.4s]: train==[5895.84216=5887.60774 + 2.10569 + 0.00000 + 0.85536 + 5.27341]
Epoch 1925 [3.5s]: train==[5843.68375=5835.45393 + 2.10889 + 0.00000 + 0.85872 + 5.26222]
Epoch 1926 [3.5s]: train==[6000.87184=5992.64603 + 2.11101 + 0.00000 + 0.85824 + 5.25655]
Epoch 1927 [3.4s]: train==[5884.65320=5876.42174 + 2.10729 + 0.00000 + 0.85877 + 5.26543]
Epoch 1928 [3.4s]: train==[5896.60911=5888.38350 + 2.10251 + 0.00000 + 0.85476 + 5.26834]
drop_flag:  True ,	 mess_dropout:  [0.0, 0.0]
rate_batch  torch.Size([1162, 753])
gt_count  8427
candidate_count  874986
ideal candidate count  874986
Epoch 1929 [3.4s + 5.9s]: train==[5927.45425=5919.29456 + 2.10701 + 0.00000 + 0.85513 + 5.19756]
 recall=[0.24557, 0.50927], precision=[0.33494, 0.18490],  ndcg=[0.36454, 0.23453], RMRR=[0.11903, 0.16735]
Epoch 1930 [3.4s]: train==[5838.10929=5829.93434 + 2.10997 + 0.00000 + 0.85530 + 5.20971]
Epoch 1931 [3.4s]: train==[6107.54957=6099.35991 + 2.10470 + 0.00000 + 0.85084 + 5.23413]
Epoch 1932 [3.5s]: train==[6246.75879=6238.53967 + 2.10329 + 0.00000 + 0.85419 + 5.26159]
Epoch 1933 [3.5s]: train==[5765.57645=5757.43733 + 2.10452 + 0.00000 + 0.85182 + 5.18276]
Epoch 1934 [3.5s]: train==[5983.24504=5975.07451 + 2.10925 + 0.00000 + 0.85329 + 5.20801]
Epoch 1935 [3.4s]: train==[6133.87251=6125.69276 + 2.10933 + 0.00000 + 0.85361 + 5.21683]
Epoch 1936 [3.4s]: train==[5790.41753=5782.20081 + 2.11248 + 0.00000 + 0.85638 + 5.24787]
Epoch 1937 [3.4s]: train==[5962.73336=5954.52357 + 2.10881 + 0.00000 + 0.85446 + 5.24652]
Epoch 1938 [3.4s]: train==[5928.77303=5920.59874 + 2.10910 + 0.00000 + 0.85481 + 5.21038]
drop_flag:  True ,	 mess_dropout:  [0.0, 0.0]
rate_batch  torch.Size([1162, 753])
gt_count  8427
candidate_count  874986
ideal candidate count  874986
Epoch 1939 [3.4s + 5.9s]: train==[6241.93954=6233.74477 + 2.10842 + 0.00000 + 0.85402 + 5.23235]
 recall=[0.24259, 0.51378], precision=[0.33494, 0.18460],  ndcg=[0.36409, 0.23388], RMRR=[0.11409, 0.16161]
Epoch 1940 [3.4s]: train==[6037.34341=6029.15570 + 2.10898 + 0.00000 + 0.85363 + 5.22514]
Epoch 1941 [3.4s]: train==[5991.15132=5982.92282 + 2.11191 + 0.00000 + 0.85420 + 5.26238]
Epoch 1942 [3.5s]: train==[5968.93298=5960.74118 + 2.11415 + 0.00000 + 0.85493 + 5.22279]
Epoch 1943 [3.5s]: train==[6115.73739=6107.54599 + 2.11059 + 0.00000 + 0.85349 + 5.22736]
Epoch 1944 [3.5s]: train==[5857.35070=5849.14021 + 2.11118 + 0.00000 + 0.85649 + 5.24275]
Epoch 1945 [3.4s]: train==[6044.26427=6036.07590 + 2.10889 + 0.00000 + 0.85292 + 5.22655]
Epoch 1946 [3.4s]: train==[5997.53704=5989.30269 + 2.10910 + 0.00000 + 0.85755 + 5.26773]
Epoch 1947 [3.4s]: train==[5926.93294=5918.72122 + 2.10784 + 0.00000 + 0.85295 + 5.25086]
Epoch 1948 [3.4s]: train==[5691.73977=5683.55783 + 2.11219 + 0.00000 + 0.84905 + 5.22072]
drop_flag:  True ,	 mess_dropout:  [0.0, 0.0]
rate_batch  torch.Size([1162, 753])
gt_count  8427
candidate_count  874986
ideal candidate count  874986
Epoch 1949 [3.4s + 5.9s]: train==[5858.27606=5850.03990 + 2.11160 + 0.00000 + 0.85463 + 5.26988]
 recall=[0.24359, 0.51911], precision=[0.33167, 0.18550],  ndcg=[0.36403, 0.23539], RMRR=[0.11790, 0.16745]
Epoch 1950 [3.4s]: train==[6096.86273=6088.63727 + 2.10746 + 0.00000 + 0.85374 + 5.26422]
Epoch 1951 [3.5s]: train==[6206.55705=6198.35504 + 2.10435 + 0.00000 + 0.85159 + 5.24611]
Epoch 1952 [3.4s]: train==[5786.60811=5778.39095 + 2.10824 + 0.00000 + 0.85351 + 5.25540]
Epoch 1953 [3.4s]: train==[6026.81045=6018.57869 + 2.10852 + 0.00000 + 0.85367 + 5.26960]
Epoch 1954 [3.4s]: train==[5931.11032=5922.88603 + 2.10832 + 0.00000 + 0.85252 + 5.26343]
Epoch 1955 [3.4s]: train==[6075.28959=6067.08757 + 2.10849 + 0.00000 + 0.85300 + 5.24051]
Epoch 1956 [3.4s]: train==[5831.62815=5823.40094 + 2.11031 + 0.00000 + 0.85427 + 5.26264]
Epoch 1957 [3.4s]: train==[6012.79613=6004.59442 + 2.11171 + 0.00000 + 0.85190 + 5.23812]
Epoch 1958 [3.4s]: train==[5991.71786=5983.52664 + 2.11198 + 0.00000 + 0.84878 + 5.23045]
drop_flag:  True ,	 mess_dropout:  [0.0, 0.0]
rate_batch  torch.Size([1162, 753])
gt_count  8427
candidate_count  874986
ideal candidate count  874986
Epoch 1959 [3.4s + 5.9s]: train==[5770.88714=5762.69589 + 2.10851 + 0.00000 + 0.85033 + 5.23244]
 recall=[0.25273, 0.51771], precision=[0.34251, 0.18554],  ndcg=[0.37226, 0.23677], RMRR=[0.12258, 0.17003]
Epoch 1960 [3.5s]: train==[5999.47408=5991.26619 + 2.11010 + 0.00000 + 0.85090 + 5.24691]
Epoch 1961 [3.4s]: train==[5929.81440=5921.62946 + 2.11080 + 0.00000 + 0.85051 + 5.22364]
Epoch 1962 [3.5s]: train==[6096.56934=6088.41696 + 2.11061 + 0.00000 + 0.85124 + 5.19056]
Epoch 1963 [3.4s]: train==[5854.23655=5846.02649 + 2.10900 + 0.00000 + 0.85067 + 5.25037]
Epoch 1964 [3.4s]: train==[6009.85410=6001.66148 + 2.11259 + 0.00000 + 0.84974 + 5.23030]
Epoch 1965 [3.4s]: train==[5923.62848=5915.43275 + 2.11147 + 0.00000 + 0.85001 + 5.23428]
Epoch 1966 [3.4s]: train==[5807.95505=5799.74557 + 2.11142 + 0.00000 + 0.85098 + 5.24712]
Epoch 1967 [3.4s]: train==[6140.19318=6132.01352 + 2.11092 + 0.00000 + 0.84855 + 5.22020]
Epoch 1968 [3.4s]: train==[5918.73068=5910.56207 + 2.10931 + 0.00000 + 0.84733 + 5.21199]
drop_flag:  True ,	 mess_dropout:  [0.0, 0.0]
rate_batch  torch.Size([1162, 753])
gt_count  8427
candidate_count  874986
ideal candidate count  874986
Epoch 1969 [3.4s + 5.9s]: train==[5961.45844=5953.28619 + 2.11702 + 0.00000 + 0.84815 + 5.20708]
 recall=[0.24764, 0.51727], precision=[0.33804, 0.18576],  ndcg=[0.36703, 0.23538], RMRR=[0.11739, 0.16596]
Epoch 1970 [3.4s]: train==[5911.10241=5902.85893 + 2.11338 + 0.00000 + 0.84877 + 5.28130]
Epoch 1971 [3.4s]: train==[6021.48465=6013.30063 + 2.11394 + 0.00000 + 0.84783 + 5.22223]
Epoch 1972 [3.4s]: train==[5879.34694=5871.18805 + 2.11059 + 0.00000 + 0.84588 + 5.20242]
Epoch 1973 [3.4s]: train==[5968.18400=5960.00331 + 2.11044 + 0.00000 + 0.84937 + 5.22082]
Epoch 1974 [3.5s]: train==[6012.77669=6004.54813 + 2.11422 + 0.00000 + 0.84990 + 5.26442]
Epoch 1975 [3.4s]: train==[5953.68046=5945.49332 + 2.11262 + 0.00000 + 0.84804 + 5.22648]
Epoch 1976 [3.4s]: train==[5726.33819=5718.14516 + 2.11488 + 0.00000 + 0.84874 + 5.22944]
Epoch 1977 [3.4s]: train==[5912.48234=5904.28754 + 2.11940 + 0.00000 + 0.84880 + 5.22655]
Epoch 1978 [3.4s]: train==[5935.07093=5926.87117 + 2.11424 + 0.00000 + 0.84798 + 5.23758]
drop_flag:  True ,	 mess_dropout:  [0.0, 0.0]
rate_batch  torch.Size([1162, 753])
gt_count  8427
candidate_count  874986
ideal candidate count  874986
Epoch 1979 [3.4s + 5.9s]: train==[5800.20359=5792.01341 + 2.11475 + 0.00000 + 0.84746 + 5.22793]
 recall=[0.24885, 0.51559], precision=[0.33718, 0.18438],  ndcg=[0.36668, 0.23430], RMRR=[0.11693, 0.16424]
Epoch 1980 [3.4s]: train==[5915.88154=5907.68158 + 2.11292 + 0.00000 + 0.84569 + 5.24134]
Epoch 1981 [3.4s]: train==[5925.65229=5917.46611 + 2.11519 + 0.00000 + 0.84702 + 5.22395]
Epoch 1982 [3.4s]: train==[5939.40250=5931.21536 + 2.11515 + 0.00000 + 0.84990 + 5.22209]
Epoch 1983 [3.4s]: train==[5878.05180=5869.88708 + 2.11279 + 0.00000 + 0.84853 + 5.20343]
Epoch 1984 [3.4s]: train==[6108.54584=6100.37662 + 2.11136 + 0.00000 + 0.84700 + 5.21090]
Epoch 1985 [3.4s]: train==[5853.41631=5845.22038 + 2.11502 + 0.00000 + 0.85012 + 5.23078]
Epoch 1986 [3.4s]: train==[5832.17409=5823.93988 + 2.11518 + 0.00000 + 0.85023 + 5.26882]
Epoch 1987 [3.4s]: train==[5944.75365=5936.52635 + 2.11522 + 0.00000 + 0.84875 + 5.26336]
Epoch 1988 [3.4s]: train==[5955.49126=5947.26973 + 2.10745 + 0.00000 + 0.84738 + 5.26670]
drop_flag:  True ,	 mess_dropout:  [0.0, 0.0]
rate_batch  torch.Size([1162, 753])
gt_count  8427
candidate_count  874986
ideal candidate count  874986
Epoch 1989 [3.5s + 5.9s]: train==[6043.77202=6035.56976 + 2.11389 + 0.00000 + 0.84929 + 5.23912]
 recall=[0.24972, 0.51587], precision=[0.33752, 0.18434],  ndcg=[0.36703, 0.23461], RMRR=[0.11721, 0.16536]
Epoch 1990 [3.4s]: train==[5916.22408=5908.02216 + 2.11556 + 0.00000 + 0.84795 + 5.23838]
Epoch 1991 [3.4s]: train==[5865.58657=5857.39317 + 2.11162 + 0.00000 + 0.84327 + 5.23851]
Epoch 1992 [3.4s]: train==[5982.49758=5974.32515 + 2.10823 + 0.00000 + 0.84360 + 5.22059]
Epoch 1993 [3.4s]: train==[5973.00906=5964.80957 + 2.11181 + 0.00000 + 0.84696 + 5.24068]
Epoch 1994 [3.4s]: train==[5810.17249=5801.96725 + 2.11321 + 0.00000 + 0.84795 + 5.24415]
Epoch 1995 [3.4s]: train==[5860.14138=5851.99051 + 2.11492 + 0.00000 + 0.84554 + 5.19043]
Epoch 1996 [3.4s]: train==[5765.00702=5756.85788 + 2.11631 + 0.00000 + 0.84565 + 5.18720]
Epoch 1997 [3.5s]: train==[5889.95383=5881.75699 + 2.11941 + 0.00000 + 0.84613 + 5.23131]
Epoch 1998 [3.5s]: train==[6121.22717=6113.04875 + 2.11354 + 0.00000 + 0.84330 + 5.22159]
drop_flag:  True ,	 mess_dropout:  [0.0, 0.0]
rate_batch  torch.Size([1162, 753])
gt_count  8427
candidate_count  874986
ideal candidate count  874986
Epoch 1999 [3.4s + 5.9s]: train==[6039.70644=6031.55212 + 2.11504 + 0.00000 + 0.84360 + 5.19559]
 recall=[0.24514, 0.51573], precision=[0.33580, 0.18520],  ndcg=[0.36495, 0.23471], RMRR=[0.11563, 0.16423]
Best Iter=[195]@[20083.7]	
recall=[0.25273	0.37657	0.46032	0.51771], 
precision=[0.34251	0.26386	0.21801	0.18554], 
F1=[0.29085 0.31030 0.29589 0.27318]
ndcg=[0.37226	0.30717	0.26661	0.23677], 
RMRR=[0.12258	0.15498	0.16544	0.17003]
end  2025-07-31 17:04:27

结束时间: 2025年 07月 31日 星期四 17:04:27 CST
================================

所有实验完成！
日志文件保存在: output/main_4b99a4c_20250731_1129_Herb.log
