开始执行SMGCN训练脚本
执行时间: 2025年 8月 8日 星期五 00时07分27秒 CST
当前分支: main
Commit ID: 5315ab9
========================================
实验参数配置:
  数据集: Herb
  嵌入维度: 64
  层大小: [64,64]
  学习率: 0.001
  批次大小: 1024
  训练轮次: 2000
  GPU ID: 0
  正则化: 7e-3
  Dropout: [0.0,0.0]
  邻接矩阵类型: norm
========================================

开始训练...
执行命令: python -u main.py --dataset Herb --embed_size 64 --layer_size '[64,64]' --lr 0.001 --batch_size 1024 --epoch 2000 --verbose 1 --gpu_id 0
开始时间: 2025年 8月 8日 星期五 00时07分27秒 CST
================================
symtom个数n_users=360, herb个数n_items=753
#train中的herb个数 train_items 753
#test中的herb个数 test_items 468
#总的herb个数 all_items 753
#用于sample生成batch的train pres 22917
#train中 症状组合-单个herb pair的个数 n_train 22917, #test 行数 n_test 1162
item_weight  753
item_freq_max  9017.0
753   1
#multi-hot for test users	 1162
#test	 1162
#双向 sym pairs  1914
#双向herb pairs  6818
start  2025-08-08 00:07:29
************SMGCN*************** 
result_index  1
CUDA不可用，使用CPU设备
already create adjacency matrix (1113, 1113) time: 0.0392608642578125
already create sym_pair adjacency matrix (360, 360) time: 0.0008571147918701172
already create herb_pair adjacency matrix (753, 753) time: 0.0022149085998535156
generate single-normalized adjacency matrix.
generate single-normalized adjacency matrix.
already normalize adjacency matrix 0.04938697814941406
sym_pair 和 herb_pair 有 self-connection, sum!!
use the normalized adjacency matrix
***********fusion method************  add
mlp predict weight  [256]
mlp_predict layer  2
regs  [0.007]
using xavier initialization
mlp_predict_weight_size_list  [64, 256, 64]

 ########################################################################### pair_dimension is  64
SMGCN(
  (weights): ParameterDict(
      (user_embedding): Parameter containing: [torch.FloatTensor of size 360x64]
      (item_embedding): Parameter containing: [torch.FloatTensor of size 753x64]
      (W_gc_user_0): Parameter containing: [torch.FloatTensor of size 128x64]
      (b_gc_user_0): Parameter containing: [torch.FloatTensor of size 1x64]
      (W_gc_item_0): Parameter containing: [torch.FloatTensor of size 128x64]
      (b_gc_item_0): Parameter containing: [torch.FloatTensor of size 1x64]
      (Q_user_0): Parameter containing: [torch.FloatTensor of size 64x64]
      (Q_item_0): Parameter containing: [torch.FloatTensor of size 64x64]
      (W_gc_user_1): Parameter containing: [torch.FloatTensor of size 128x64]
      (b_gc_user_1): Parameter containing: [torch.FloatTensor of size 1x64]
      (W_gc_item_1): Parameter containing: [torch.FloatTensor of size 128x64]
      (b_gc_item_1): Parameter containing: [torch.FloatTensor of size 1x64]
      (Q_user_1): Parameter containing: [torch.FloatTensor of size 64x64]
      (Q_item_1): Parameter containing: [torch.FloatTensor of size 64x64]
      (W_predict_mlp_user_0): Parameter containing: [torch.FloatTensor of size 64x256]
      (b_predict_mlp_user_0): Parameter containing: [torch.FloatTensor of size 1x256]
      (W_predict_mlp_user_1): Parameter containing: [torch.FloatTensor of size 256x64]
      (b_predict_mlp_user_1): Parameter containing: [torch.FloatTensor of size 1x64]
      (M_user): Parameter containing: [torch.FloatTensor of size 64x64]
      (M_item): Parameter containing: [torch.FloatTensor of size 64x64]
  )
)

开始测试超图功能集成...
symtom个数n_users=360, herb个数n_items=753
✅ 超图功能集成成功！
超图邻接矩阵形状: torch.Size([753, 753])
超图嵌入维度: 64
对比学习权重: 0.1
args.pretrain	 0
/Users/kevinz/ProjectRoot/Q/smgcn/model/SMGCN.py:326: UserWarning: Creating a tensor from a list of numpy.ndarrays is extremely slow. Please consider converting the list to a single numpy.ndarray with numpy.array() before converting to a tensor. (Triggered internally at /Users/runner/work/pytorch/pytorch/pytorch/torch/csrc/utils/tensor_new.cpp:256.)
  i = torch.tensor([coo.row, coo.col], dtype=torch.long).to(args.device)
/Users/kevinz/ProjectRoot/Q/smgcn/model/SMGCN.py:330: UserWarning: torch.sparse.SparseTensor(indices, values, shape, *, device=) is deprecated.  Please use torch.sparse_coo_tensor(indices, values, shape, dtype=, device=). (Triggered internally at /Users/runner/work/pytorch/pytorch/pytorch/torch/csrc/utils/tensor_new.cpp:655.)
  return torch.sparse.FloatTensor(i, v, coo.shape)
Epoch 0 [2.1s]: train==[470419.91413=470373.78336 + 0.42416 + 0.00000 + 17.15824 + 28.55197]
Epoch 1 [2.0s]: train==[7457.04876=7409.18430 + 0.48742 + 0.00000 + 19.05117 + 28.32590]
Epoch 2 [2.0s]: train==[7003.57776=6955.57144 + 0.50091 + 0.00000 + 19.22323 + 28.28220]
Epoch 3 [2.0s]: train==[6962.76990=6914.87259 + 0.50533 + 0.00000 + 19.14316 + 28.24887]
Epoch 4 [2.0s]: train==[6926.44670=6878.71298 + 0.50915 + 0.00000 + 19.01785 + 28.20676]
Epoch 5 [2.0s]: train==[6803.01233=6755.47075 + 0.51235 + 0.00000 + 18.88054 + 28.14866]
Epoch 6 [2.1s]: train==[7021.91091=6974.57458 + 0.51548 + 0.00000 + 18.73100 + 28.08985]
Epoch 7 [2.0s]: train==[7108.42377=7061.30499 + 0.51739 + 0.00000 + 18.57537 + 28.02601]
Epoch 8 [2.1s]: train==[7021.34608=6974.46674 + 0.51936 + 0.00000 + 18.41598 + 27.94400]
drop_flag:  True ,	 mess_dropout:  [0.0, 0.0]
rate_batch  torch.Size([1162, 753])
/Users/kevinz/ProjectRoot/Q/smgcn/utils/batch_test.py:50: UserWarning: Converting a tensor with requires_grad=True to a scalar may lead to unexpected behavior.
Consider using tensor.detach() first. (Triggered internally at /Users/runner/work/pytorch/pytorch/pytorch/torch/csrc/autograd/generated/python_variable_methods.cpp:836.)
  temp = [(i, float(rating[i])) for i in range(len(rating))]
gt_count  8427
candidate_count  874986
ideal candidate count  874986
Epoch 9 [2.1s + 0.9s]: train==[6968.35361=6921.71640 + 0.52013 + 0.00000 + 18.25344 + 27.86366]
 recall=[0.01392, 0.05531], precision=[0.02220, 0.02177],  f1=[0.01557, 0.02861], RMRR=[0.00671, 0.01291]
Epoch 10 [2.1s]: train==[6884.60370=6838.20886 + 0.52010 + 0.00000 + 18.09047 + 27.78429]
Epoch 11 [2.0s]: train==[6831.43080=6785.27371 + 0.51969 + 0.00000 + 17.93231 + 27.70509]
Epoch 12 [2.1s]: train==[6828.15306=6782.20837 + 0.52012 + 0.00000 + 17.78003 + 27.64458]
Epoch 13 [2.1s]: train==[6998.04307=6952.31366 + 0.52067 + 0.00000 + 17.63088 + 27.57783]
Epoch 14 [2.1s]: train==[6988.97224=6943.45511 + 0.52113 + 0.00000 + 17.48425 + 27.51174]
Epoch 15 [2.1s]: train==[6854.71291=6809.40872 + 0.52123 + 0.00000 + 17.33837 + 27.44458]
Epoch 16 [2.2s]: train==[7138.99890=7093.92097 + 0.52056 + 0.00000 + 17.19577 + 27.36164]
Epoch 17 [2.2s]: train==[7064.06192=7019.23029 + 0.51906 + 0.00000 + 17.05131 + 27.26128]
Epoch 18 [2.2s]: train==[6827.80212=6783.18877 + 0.51812 + 0.00000 + 16.91650 + 27.17873]
drop_flag:  True ,	 mess_dropout:  [0.0, 0.0]
rate_batch  torch.Size([1162, 753])
gt_count  8427
candidate_count  874986
ideal candidate count  874986
Epoch 19 [2.1s + 0.9s]: train==[7135.80538=7091.41035 + 0.51809 + 0.00000 + 16.78645 + 27.09056]
 recall=[0.15468, 0.31298], precision=[0.20654, 0.10843],  f1=[0.16243, 0.15046], RMRR=[0.08064, 0.10495]
Epoch 20 [2.1s]: train==[6821.93845=6777.77917 + 0.51966 + 0.00000 + 16.66795 + 26.97165]
Epoch 21 [2.1s]: train==[6846.78040=6802.79047 + 0.52149 + 0.00000 + 16.55766 + 26.91075]
Epoch 22 [2.1s]: train==[6782.19710=6738.39368 + 0.52382 + 0.00000 + 16.45208 + 26.82748]
Epoch 23 [2.1s]: train==[7060.38708=7016.75638 + 0.52613 + 0.00000 + 16.34987 + 26.75474]
Epoch 24 [2.1s]: train==[6915.34611=6871.87140 + 0.52917 + 0.00000 + 16.25073 + 26.69484]
Epoch 25 [2.1s]: train==[6681.49577=6638.17633 + 0.53270 + 0.00000 + 16.15687 + 26.62989]
Epoch 26 [2.1s]: train==[6892.13288=6848.97948 + 0.53589 + 0.00000 + 16.06552 + 26.55198]
Epoch 27 [2.1s]: train==[6995.91610=6952.91043 + 0.53964 + 0.00000 + 15.97794 + 26.48805]
Epoch 28 [2.0s]: train==[6806.60775=6763.75670 + 0.54375 + 0.00000 + 15.89082 + 26.41647]
drop_flag:  True ,	 mess_dropout:  [0.0, 0.0]
rate_batch  torch.Size([1162, 753])
gt_count  8427
candidate_count  874986
ideal candidate count  874986
Epoch 29 [2.0s + 0.8s]: train==[6858.76937=6816.05592 + 0.54692 + 0.00000 + 15.80406 + 26.36251]
 recall=[0.16102, 0.37073], precision=[0.22289, 0.13150],  f1=[0.17255, 0.18193], RMRR=[0.08037, 0.11412]
Epoch 30 [2.0s]: train==[6849.79637=6807.22690 + 0.54995 + 0.00000 + 15.71958 + 26.29990]
Epoch 31 [2.0s]: train==[6908.24963=6865.80763 + 0.55321 + 0.00000 + 15.63691 + 26.25190]
Epoch 32 [2.0s]: train==[6981.81446=6939.49939 + 0.55638 + 0.00000 + 15.55441 + 26.20427]
Epoch 33 [2.0s]: train==[6879.85468=6837.65842 + 0.55926 + 0.00000 + 15.47328 + 26.16369]
Epoch 34 [2.1s]: train==[6783.10974=6741.02975 + 0.56193 + 0.00000 + 15.39236 + 26.12565]
Epoch 35 [2.0s]: train==[6862.45486=6820.48775 + 0.56519 + 0.00000 + 15.31247 + 26.08947]
Epoch 36 [2.0s]: train==[6789.85416=6748.01282 + 0.56818 + 0.00000 + 15.23471 + 26.03847]
Epoch 37 [2.1s]: train==[6839.18193=6797.44160 + 0.57029 + 0.00000 + 15.15617 + 26.01389]
Epoch 38 [2.1s]: train==[6919.70817=6878.08926 + 0.57335 + 0.00000 + 15.07900 + 25.96651]
drop_flag:  True ,	 mess_dropout:  [0.0, 0.0]
rate_batch  torch.Size([1162, 753])
gt_count  8427
candidate_count  874986
ideal candidate count  874986
Epoch 39 [2.1s + 0.9s]: train==[6680.82071=6639.32928 + 0.57558 + 0.00000 + 15.00263 + 25.91328]
 recall=[0.16739, 0.37343], precision=[0.23253, 0.13425],  f1=[0.17980, 0.18537], RMRR=[0.08278, 0.11790]
Epoch 40 [2.1s]: train==[6898.50731=6857.13461 + 0.57807 + 0.00000 + 14.92627 + 25.86831]
Epoch 41 [2.1s]: train==[6742.12097=6700.84167 + 0.57997 + 0.00000 + 14.85079 + 25.84842]
Epoch 42 [2.1s]: train==[6685.03878=6643.87012 + 0.58244 + 0.00000 + 14.77670 + 25.80957]
Epoch 43 [2.2s]: train==[6738.38461=6697.33582 + 0.58475 + 0.00000 + 14.70318 + 25.76083]
Epoch 44 [2.1s]: train==[6818.31257=6777.37228 + 0.58691 + 0.00000 + 14.62974 + 25.72360]
Epoch 45 [2.1s]: train==[6663.61111=6622.77681 + 0.58904 + 0.00000 + 14.55765 + 25.68754]
Epoch 46 [2.2s]: train==[6892.92304=6852.21231 + 0.59149 + 0.00000 + 14.48653 + 25.63267]
Epoch 47 [2.2s]: train==[6906.15088=6865.54306 + 0.59358 + 0.00000 + 14.41553 + 25.59875]
Epoch 48 [2.1s]: train==[6704.26637=6663.76306 + 0.59601 + 0.00000 + 14.34441 + 25.56290]
drop_flag:  True ,	 mess_dropout:  [0.0, 0.0]
rate_batch  torch.Size([1162, 753])
gt_count  8427
candidate_count  874986
ideal candidate count  874986
Epoch 49 [2.2s + 0.8s]: train==[6737.71649=6697.32767 + 0.59756 + 0.00000 + 14.27401 + 25.51717]
 recall=[0.17190, 0.38544], precision=[0.23924, 0.13795],  f1=[0.18528, 0.19070], RMRR=[0.08479, 0.12083]
Epoch 50 [2.2s]: train==[6616.77494=6576.48022 + 0.60002 + 0.00000 + 14.20548 + 25.48923]
Epoch 51 [2.3s]: train==[6917.59349=6877.41420 + 0.60244 + 0.00000 + 14.13792 + 25.43889]
Epoch 52 [2.2s]: train==[6946.57293=6906.50171 + 0.60391 + 0.00000 + 14.06999 + 25.39735]
Epoch 53 [2.2s]: train==[6899.12732=6859.16588 + 0.60589 + 0.00000 + 14.00393 + 25.35168]
Epoch 54 [2.2s]: train==[6732.74864=6692.89035 + 0.60807 + 0.00000 + 13.93809 + 25.31213]
Epoch 55 [2.2s]: train==[7048.20170=7008.44415 + 0.61024 + 0.00000 + 13.87342 + 25.27386]
Epoch 56 [2.2s]: train==[6712.00935=6672.35237 + 0.61268 + 0.00000 + 13.80946 + 25.23482]
Epoch 57 [2.1s]: train==[6864.04970=6824.51324 + 0.61467 + 0.00000 + 13.74593 + 25.17583]
Epoch 58 [2.2s]: train==[6679.23769=6639.80003 + 0.61651 + 0.00000 + 13.68372 + 25.13744]
drop_flag:  True ,	 mess_dropout:  [0.0, 0.0]
rate_batch  torch.Size([1162, 753])
gt_count  8427
candidate_count  874986
ideal candidate count  874986
Epoch 59 [2.1s + 0.8s]: train==[6718.23580=6678.90897 + 0.61853 + 0.00000 + 13.62225 + 25.08611]
 recall=[0.17779, 0.39579], precision=[0.24888, 0.14195],  f1=[0.19240, 0.19634], RMRR=[0.08776, 0.12538]
Epoch 60 [2.4s]: train==[6699.19037=6659.95512 + 0.62070 + 0.00000 + 13.56123 + 25.05332]
Epoch 61 [2.3s]: train==[6950.47179=6911.33127 + 0.62302 + 0.00000 + 13.50071 + 25.01676]
Epoch 62 [2.2s]: train==[6634.00115=6594.96286 + 0.62471 + 0.00000 + 13.44114 + 24.97247]
Epoch 63 [2.2s]: train==[6622.76046=6583.83174 + 0.62700 + 0.00000 + 13.38255 + 24.91917]
Epoch 64 [2.7s]: train==[6832.67855=6793.84363 + 0.62883 + 0.00000 + 13.32445 + 24.88169]
Epoch 65 [2.1s]: train==[6849.11829=6810.38632 + 0.63043 + 0.00000 + 13.26704 + 24.83447]
Epoch 66 [2.1s]: train==[6679.21452=6640.56746 + 0.63275 + 0.00000 + 13.21064 + 24.80362]
Epoch 67 [2.1s]: train==[6931.83184=6893.30020 + 0.63459 + 0.00000 + 13.15387 + 24.74315]
Epoch 68 [2.2s]: train==[6648.65546=6610.21481 + 0.63692 + 0.00000 + 13.09822 + 24.70555]
drop_flag:  True ,	 mess_dropout:  [0.0, 0.0]
rate_batch  torch.Size([1162, 753])
gt_count  8427
candidate_count  874986
ideal candidate count  874986
Epoch 69 [2.1s + 0.8s]: train==[6986.62451=6948.28204 + 0.63909 + 0.00000 + 13.04302 + 24.66032]
 recall=[0.18006, 0.40047], precision=[0.24940, 0.14488],  f1=[0.19347, 0.20024], RMRR=[0.08976, 0.12738]
Epoch 70 [2.2s]: train==[6914.64750=6876.39389 + 0.64111 + 0.00000 + 12.98769 + 24.62480]
Epoch 71 [2.1s]: train==[6721.68110=6683.53427 + 0.64314 + 0.00000 + 12.93375 + 24.56995]
Epoch 72 [2.1s]: train==[6887.11228=6849.07016 + 0.64469 + 0.00000 + 12.87963 + 24.51784]
Epoch 73 [2.1s]: train==[6736.82004=6698.86638 + 0.64688 + 0.00000 + 12.82700 + 24.47976]
Epoch 74 [2.2s]: train==[6782.18531=6744.33118 + 0.64877 + 0.00000 + 12.77396 + 24.43140]
Epoch 75 [2.1s]: train==[6597.09552=6559.32205 + 0.65025 + 0.00000 + 12.72220 + 24.40106]
Epoch 76 [2.1s]: train==[6692.87757=6655.20959 + 0.65239 + 0.00000 + 12.67026 + 24.34526]
Epoch 77 [2.1s]: train==[6815.50560=6777.92618 + 0.65357 + 0.00000 + 12.61837 + 24.30753]
Epoch 78 [2.1s]: train==[6901.70641=6864.21542 + 0.65560 + 0.00000 + 12.56752 + 24.26784]
drop_flag:  True ,	 mess_dropout:  [0.0, 0.0]
rate_batch  torch.Size([1162, 753])
gt_count  8427
candidate_count  874986
ideal candidate count  874986
Epoch 79 [2.1s + 0.8s]: train==[6820.50457=6783.11493 + 0.65720 + 0.00000 + 12.51572 + 24.21669]
 recall=[0.18078, 0.41098], precision=[0.24923, 0.14781],  f1=[0.19420, 0.20427], RMRR=[0.08844, 0.12541]
Epoch 80 [2.0s]: train==[6724.46802=6687.16747 + 0.65920 + 0.00000 + 12.46584 + 24.17552]
Epoch 81 [2.1s]: train==[6959.07467=6921.86935 + 0.66064 + 0.00000 + 12.41537 + 24.12923]
Epoch 82 [2.1s]: train==[6755.90153=6718.79372 + 0.66236 + 0.00000 + 12.36533 + 24.08009]
Epoch 83 [2.1s]: train==[6768.55420=6731.54230 + 0.66374 + 0.00000 + 12.31568 + 24.03246]
Epoch 84 [2.1s]: train==[6645.98672=6609.05766 + 0.66545 + 0.00000 + 12.26654 + 23.99709]
Epoch 85 [2.1s]: train==[6829.06128=6792.24712 + 0.66717 + 0.00000 + 12.21798 + 23.92902]
Epoch 86 [2.1s]: train==[6852.66502=6815.93031 + 0.66841 + 0.00000 + 12.16881 + 23.89743]
Epoch 87 [2.2s]: train==[6553.77359=6517.13310 + 0.67007 + 0.00000 + 12.12022 + 23.85014]
Epoch 88 [2.1s]: train==[6508.92452=6472.35350 + 0.67183 + 0.00000 + 12.07242 + 23.82677]
drop_flag:  True ,	 mess_dropout:  [0.0, 0.0]
rate_batch  torch.Size([1162, 753])
gt_count  8427
candidate_count  874986
ideal candidate count  874986
Epoch 89 [2.1s + 0.8s]: train==[6677.79166=6641.33983 + 0.67319 + 0.00000 + 12.02498 + 23.75368]
 recall=[0.18104, 0.40839], precision=[0.25112, 0.14849],  f1=[0.19489, 0.20481], RMRR=[0.09032, 0.13019]
Epoch 90 [2.1s]: train==[6824.34462=6787.98079 + 0.67501 + 0.00000 + 11.97687 + 23.71195]
Epoch 91 [2.1s]: train==[6733.98661=6697.70956 + 0.67672 + 0.00000 + 11.93001 + 23.67033]
Epoch 92 [2.0s]: train==[6722.12785=6685.94937 + 0.67816 + 0.00000 + 11.88252 + 23.61784]
Epoch 93 [2.0s]: train==[6890.05818=6853.97598 + 0.68061 + 0.00000 + 11.83470 + 23.56693]
Epoch 94 [2.1s]: train==[6600.61068=6564.61960 + 0.68201 + 0.00000 + 11.78603 + 23.52303]
Epoch 95 [2.0s]: train==[6601.69336=6565.76666 + 0.68405 + 0.00000 + 11.73864 + 23.50397]
Epoch 96 [2.1s]: train==[6893.64078=6857.82126 + 0.68573 + 0.00000 + 11.69018 + 23.44362]
Epoch 97 [2.2s]: train==[6785.41343=6749.69084 + 0.68692 + 0.00000 + 11.64169 + 23.39398]
Epoch 98 [2.1s]: train==[6720.96962=6685.34178 + 0.68824 + 0.00000 + 11.59369 + 23.34590]
drop_flag:  True ,	 mess_dropout:  [0.0, 0.0]
rate_batch  torch.Size([1162, 753])
gt_count  8427
candidate_count  874986
ideal candidate count  874986
Epoch 99 [2.1s + 0.9s]: train==[6852.55059=6817.01628 + 0.68986 + 0.00000 + 11.54650 + 23.29798]
 recall=[0.18357, 0.41392], precision=[0.25577, 0.15009],  f1=[0.19770, 0.20729], RMRR=[0.09159, 0.13209]
Epoch 100 [2.2s]: train==[6866.33985=6830.90430 + 0.69133 + 0.00000 + 11.49929 + 23.24492]
Epoch 101 [2.2s]: train==[6732.35158=6697.01320 + 0.69320 + 0.00000 + 11.45375 + 23.19145]
Epoch 102 [2.2s]: train==[6709.42960=6674.17375 + 0.69544 + 0.00000 + 11.40736 + 23.15306]
Epoch 103 [2.1s]: train==[6965.84163=6930.67221 + 0.69703 + 0.00000 + 11.36229 + 23.11001]
Epoch 104 [2.1s]: train==[6804.34930=6769.26514 + 0.69793 + 0.00000 + 11.31589 + 23.07034]
Epoch 105 [2.1s]: train==[6783.37564=6748.40234 + 0.69962 + 0.00000 + 11.26912 + 23.00452]
Epoch 106 [2.1s]: train==[6779.47743=6744.60497 + 0.70048 + 0.00000 + 11.22310 + 22.94885]
Epoch 107 [2.1s]: train==[7013.03383=6978.24490 + 0.70216 + 0.00000 + 11.17781 + 22.90900]
Epoch 108 [2.1s]: train==[6764.76472=6730.09344 + 0.70368 + 0.00000 + 11.13242 + 22.83518]
drop_flag:  True ,	 mess_dropout:  [0.0, 0.0]
rate_batch  torch.Size([1162, 753])
gt_count  8427
candidate_count  874986
ideal candidate count  874986
Epoch 109 [2.1s + 0.8s]: train==[6774.80954=6740.23689 + 0.70453 + 0.00000 + 11.08838 + 22.77976]
 recall=[0.18701, 0.41458], precision=[0.25749, 0.15060],  f1=[0.20041, 0.20795], RMRR=[0.09345, 0.13282]
Epoch 110 [2.1s]: train==[6707.73893=6673.23621 + 0.70649 + 0.00000 + 11.04502 + 22.75126]
Epoch 111 [2.1s]: train==[6798.25339=6763.84294 + 0.70812 + 0.00000 + 11.00199 + 22.70028]
Epoch 112 [2.1s]: train==[6922.31552=6887.99841 + 0.71031 + 0.00000 + 10.95965 + 22.64710]
Epoch 113 [2.2s]: train==[6847.86980=6813.66101 + 0.71158 + 0.00000 + 10.91764 + 22.57960]
Epoch 114 [2.4s]: train==[6912.46782=6878.34921 + 0.71284 + 0.00000 + 10.87593 + 22.52988]
Epoch 115 [2.3s]: train==[6865.30622=6831.26392 + 0.71368 + 0.00000 + 10.83461 + 22.49404]
Epoch 116 [2.1s]: train==[6644.08431=6610.14149 + 0.71550 + 0.00000 + 10.79377 + 22.43353]
Epoch 117 [2.1s]: train==[6689.13967=6655.27850 + 0.71674 + 0.00000 + 10.75348 + 22.39091]
Epoch 118 [2.1s]: train==[6777.38744=6743.62000 + 0.71792 + 0.00000 + 10.71253 + 22.33704]
drop_flag:  True ,	 mess_dropout:  [0.0, 0.0]
rate_batch  torch.Size([1162, 753])
gt_count  8427
candidate_count  874986
ideal candidate count  874986
Epoch 119 [2.1s + 0.8s]: train==[6736.85498=6703.17223 + 0.71933 + 0.00000 + 10.67259 + 22.29079]
 recall=[0.18726, 0.41665], precision=[0.25921, 0.15103],  f1=[0.20095, 0.20860], RMRR=[0.09254, 0.13187]
Epoch 120 [2.3s]: train==[7021.70190=6988.12305 + 0.72118 + 0.00000 + 10.63224 + 22.22545]
Epoch 121 [2.1s]: train==[6659.31600=6625.83090 + 0.72207 + 0.00000 + 10.59254 + 22.17047]
Epoch 122 [2.1s]: train==[6671.40894=6638.01639 + 0.72327 + 0.00000 + 10.55203 + 22.11724]
Epoch 123 [2.2s]: train==[6852.55150=6819.25671 + 0.72477 + 0.00000 + 10.51286 + 22.05714]
Epoch 124 [2.8s]: train==[6707.30096=6674.10020 + 0.72693 + 0.00000 + 10.47442 + 21.99933]
Epoch 125 [2.4s]: train==[6806.40137=6773.29996 + 0.72843 + 0.00000 + 10.43523 + 21.93782]
Epoch 126 [2.2s]: train==[6740.94716=6707.90552 + 0.72976 + 0.00000 + 10.39773 + 21.91414]
Epoch 127 [2.2s]: train==[6730.00745=6697.07306 + 0.73138 + 0.00000 + 10.35965 + 21.84342]
Epoch 128 [2.1s]: train==[6647.10741=6614.24136 + 0.73241 + 0.00000 + 10.32267 + 21.81099]
drop_flag:  True ,	 mess_dropout:  [0.0, 0.0]
rate_batch  torch.Size([1162, 753])
gt_count  8427
candidate_count  874986
ideal candidate count  874986
Epoch 129 [2.2s + 0.8s]: train==[6624.33075=6591.59967 + 0.73351 + 0.00000 + 10.28611 + 21.71147]
 recall=[0.18674, 0.41831], precision=[0.26007, 0.15155],  f1=[0.20123, 0.20937], RMRR=[0.09171, 0.13248]
Epoch 130 [2.1s]: train==[6832.83637=6800.20889 + 0.73490 + 0.00000 + 10.24968 + 21.64300]
Epoch 131 [2.1s]: train==[6769.40860=6736.86017 + 0.73650 + 0.00000 + 10.21262 + 21.59933]
Epoch 132 [2.1s]: train==[6706.26699=6673.79570 + 0.73798 + 0.00000 + 10.17517 + 21.55819]
Epoch 133 [2.1s]: train==[6759.64163=6727.26010 + 0.73963 + 0.00000 + 10.13803 + 21.50390]
Epoch 134 [2.1s]: train==[6777.14593=6744.85144 + 0.74117 + 0.00000 + 10.10172 + 21.45168]
Epoch 135 [2.1s]: train==[6731.21570=6699.00909 + 0.74245 + 0.00000 + 10.06534 + 21.39880]
Epoch 136 [2.1s]: train==[6827.95311=6795.82187 + 0.74387 + 0.00000 + 10.02872 + 21.35863]
Epoch 137 [2.1s]: train==[6789.10039=6757.07967 + 0.74568 + 0.00000 + 9.99282 + 21.28217]
Epoch 138 [2.1s]: train==[6758.20595=6726.26938 + 0.74754 + 0.00000 + 9.95540 + 21.23362]
drop_flag:  True ,	 mess_dropout:  [0.0, 0.0]
rate_batch  torch.Size([1162, 753])
gt_count  8427
candidate_count  874986
ideal candidate count  874986
Epoch 139 [2.2s + 0.9s]: train==[6778.81171=6746.97316 + 0.74868 + 0.00000 + 9.91906 + 21.17076]
 recall=[0.18712, 0.42344], precision=[0.25972, 0.15353],  f1=[0.20132, 0.21211], RMRR=[0.09379, 0.13498]
Epoch 140 [2.1s]: train==[6567.16422=6535.40602 + 0.75014 + 0.00000 + 9.88330 + 21.12489]
Epoch 141 [2.1s]: train==[6890.53454=6858.87054 + 0.75174 + 0.00000 + 9.84633 + 21.06599]
Epoch 142 [2.1s]: train==[6755.49762=6723.92746 + 0.75274 + 0.00000 + 9.81040 + 21.00707]
Epoch 143 [2.1s]: train==[6769.98234=6738.49832 + 0.75440 + 0.00000 + 9.77570 + 20.95388]
Epoch 144 [2.0s]: train==[6688.86561=6657.46294 + 0.75621 + 0.00000 + 9.74041 + 20.90599]
Epoch 145 [2.1s]: train==[6812.18552=6780.86694 + 0.75780 + 0.00000 + 9.70587 + 20.85489]
Epoch 146 [2.1s]: train==[6732.43851=6701.22026 + 0.75906 + 0.00000 + 9.67105 + 20.78821]
Epoch 147 [2.0s]: train==[6783.27699=6752.11984 + 0.76043 + 0.00000 + 9.63599 + 20.76071]
Epoch 148 [2.1s]: train==[6659.71093=6628.66159 + 0.76199 + 0.00000 + 9.60122 + 20.68611]
drop_flag:  True ,	 mess_dropout:  [0.0, 0.0]
rate_batch  torch.Size([1162, 753])
gt_count  8427
candidate_count  874986
ideal candidate count  874986
Epoch 149 [2.1s + 0.8s]: train==[6843.88212=6812.93285 + 0.76351 + 0.00000 + 9.56629 + 20.61953]
 recall=[0.18962, 0.42514], precision=[0.26334, 0.15361],  f1=[0.20432, 0.21227], RMRR=[0.09247, 0.13312]
Epoch 150 [2.2s]: train==[6892.67218=6861.81439 + 0.76501 + 0.00000 + 9.53166 + 20.56119]
Epoch 151 [2.1s]: train==[6750.77585=6719.98505 + 0.76621 + 0.00000 + 9.49763 + 20.52694]
Epoch 152 [2.1s]: train==[6707.77622=6677.07941 + 0.76732 + 0.00000 + 9.46314 + 20.46638]
Epoch 153 [2.1s]: train==[6986.53883=6955.95154 + 0.76900 + 0.00000 + 9.42845 + 20.38984]
Epoch 154 [2.1s]: train==[6784.77595=6754.29123 + 0.77025 + 0.00000 + 9.39411 + 20.32038]
Epoch 155 [2.1s]: train==[6639.78430=6609.36757 + 0.77115 + 0.00000 + 9.36127 + 20.28434]
Epoch 156 [2.1s]: train==[6799.42633=6769.09500 + 0.77269 + 0.00000 + 9.32688 + 20.23178]
Epoch 157 [2.1s]: train==[6696.90745=6666.67404 + 0.77458 + 0.00000 + 9.29210 + 20.16666]
Epoch 158 [2.1s]: train==[6729.24675=6699.10966 + 0.77549 + 0.00000 + 9.25854 + 20.10308]
drop_flag:  True ,	 mess_dropout:  [0.0, 0.0]
rate_batch  torch.Size([1162, 753])
gt_count  8427
candidate_count  874986
ideal candidate count  874986
Epoch 159 [2.2s + 0.8s]: train==[6750.68352=6720.62315 + 0.77723 + 0.00000 + 9.22602 + 20.05712]
 recall=[0.19190, 0.42664], precision=[0.26713, 0.15435],  f1=[0.20696, 0.21336], RMRR=[0.09431, 0.13497]
Epoch 160 [2.1s]: train==[6742.01056=6712.00604 + 0.77883 + 0.00000 + 9.19365 + 20.03196]
Epoch 161 [2.1s]: train==[6637.70773=6607.79326 + 0.78159 + 0.00000 + 9.15981 + 19.97306]
Epoch 162 [2.1s]: train==[6596.76914=6566.97951 + 0.78409 + 0.00000 + 9.12288 + 19.88264]
Epoch 163 [2.1s]: train==[6698.18305=6668.45456 + 0.78498 + 0.00000 + 9.08855 + 19.85497]
Epoch 164 [2.0s]: train==[6636.82116=6607.20871 + 0.78652 + 0.00000 + 9.05602 + 19.76992]
Epoch 165 [2.1s]: train==[6973.63666=6944.09760 + 0.78754 + 0.00000 + 9.02366 + 19.72786]
Epoch 166 [2.0s]: train==[6648.11377=6618.64597 + 0.78904 + 0.00000 + 8.99167 + 19.68708]
Epoch 167 [2.1s]: train==[6784.80402=6755.45595 + 0.79041 + 0.00000 + 8.95929 + 19.59834]
Epoch 168 [2.1s]: train==[6732.35510=6703.07298 + 0.79154 + 0.00000 + 8.92735 + 19.56321]
drop_flag:  True ,	 mess_dropout:  [0.0, 0.0]
rate_batch  torch.Size([1162, 753])
gt_count  8427
candidate_count  874986
ideal candidate count  874986
Epoch 169 [2.1s + 0.8s]: train==[6752.38330=6723.20694 + 0.79310 + 0.00000 + 8.89510 + 19.48814]
 recall=[0.19566, 0.43199], precision=[0.27229, 0.15680],  f1=[0.21078, 0.21667], RMRR=[0.09506, 0.13685]
Epoch 170 [2.1s]: train==[6621.46239=6592.33862 + 0.79400 + 0.00000 + 8.86380 + 19.46609]
Epoch 171 [2.1s]: train==[6792.03236=6763.01851 + 0.79502 + 0.00000 + 8.83154 + 19.38733]
Epoch 172 [2.1s]: train==[6982.58739=6953.63300 + 0.79635 + 0.00000 + 8.80137 + 19.35672]
Epoch 173 [2.2s]: train==[6853.16240=6824.30586 + 0.79776 + 0.00000 + 8.76936 + 19.28934]
Epoch 174 [2.3s]: train==[6571.60369=6542.85295 + 0.79889 + 0.00000 + 8.73782 + 19.21405]
Epoch 175 [2.1s]: train==[6754.69219=6726.02881 + 0.80058 + 0.00000 + 8.70594 + 19.15684]
Epoch 176 [2.2s]: train==[6725.69169=6697.09314 + 0.80129 + 0.00000 + 8.67542 + 19.12186]
Epoch 177 [2.2s]: train==[6609.35775=6580.86226 + 0.80310 + 0.00000 + 8.64422 + 19.04811]
Epoch 178 [2.1s]: train==[6738.04423=6709.63910 + 0.80395 + 0.00000 + 8.61352 + 18.98757]
drop_flag:  True ,	 mess_dropout:  [0.0, 0.0]
rate_batch  torch.Size([1162, 753])
gt_count  8427
candidate_count  874986
ideal candidate count  874986
Epoch 179 [2.1s + 0.9s]: train==[6761.05114=6732.71599 + 0.80482 + 0.00000 + 8.58403 + 18.94633]
 recall=[0.19850, 0.43435], precision=[0.27453, 0.15693],  f1=[0.21356, 0.21705], RMRR=[0.09778, 0.13907]
Epoch 180 [2.2s]: train==[6731.42942=6703.18613 + 0.80629 + 0.00000 + 8.55437 + 18.88260]
Epoch 181 [2.2s]: train==[6530.30222=6502.14580 + 0.80742 + 0.00000 + 8.52418 + 18.82484]
Epoch 182 [2.1s]: train==[6784.27746=6756.20575 + 0.80841 + 0.00000 + 8.49411 + 18.76917]
Epoch 183 [2.1s]: train==[6803.15308=6775.18822 + 0.81002 + 0.00000 + 8.46413 + 18.69078]
Epoch 184 [2.1s]: train==[6925.05592=6897.14551 + 0.81200 + 0.00000 + 8.43404 + 18.66439]
Epoch 185 [2.2s]: train==[6708.06703=6680.25748 + 0.81328 + 0.00000 + 8.40271 + 18.59345]
Epoch 186 [2.2s]: train==[6949.59774=6921.87622 + 0.81439 + 0.00000 + 8.37194 + 18.53517]
Epoch 187 [2.1s]: train==[6948.09289=6920.46049 + 0.81573 + 0.00000 + 8.34226 + 18.47441]
Epoch 188 [2.1s]: train==[6664.74973=6637.16547 + 0.81720 + 0.00000 + 8.31219 + 18.45481]
drop_flag:  True ,	 mess_dropout:  [0.0, 0.0]
rate_batch  torch.Size([1162, 753])
gt_count  8427
candidate_count  874986
ideal candidate count  874986
Epoch 189 [2.1s + 0.9s]: train==[6957.51751=6930.02982 + 0.81897 + 0.00000 + 8.28195 + 18.38674]
 recall=[0.20192, 0.43503], precision=[0.27659, 0.15701],  f1=[0.21589, 0.21716], RMRR=[0.09815, 0.13861]
Epoch 190 [2.2s]: train==[6925.01117=6897.61938 + 0.82009 + 0.00000 + 8.25069 + 18.32096]
Epoch 191 [2.1s]: train==[6772.46762=6745.14362 + 0.82192 + 0.00000 + 8.22071 + 18.28133]
Epoch 192 [2.1s]: train==[6506.79899=6479.56134 + 0.82325 + 0.00000 + 8.19049 + 18.22391]
Epoch 193 [2.1s]: train==[6643.68797=6616.56627 + 0.82420 + 0.00000 + 8.16057 + 18.13687]
Epoch 194 [2.1s]: train==[6843.92994=6816.88803 + 0.82574 + 0.00000 + 8.13200 + 18.08414]
Epoch 195 [2.1s]: train==[6847.53052=6820.53879 + 0.82707 + 0.00000 + 8.10369 + 18.06105]
Epoch 196 [2.1s]: train==[6766.45091=6739.56189 + 0.82785 + 0.00000 + 8.07526 + 17.98592]
Epoch 197 [2.2s]: train==[6579.92330=6553.13397 + 0.82944 + 0.00000 + 8.04536 + 17.91448]
Epoch 198 [2.1s]: train==[6731.32151=6704.62227 + 0.83071 + 0.00000 + 8.01672 + 17.85190]
drop_flag:  True ,	 mess_dropout:  [0.0, 0.0]
rate_batch  torch.Size([1162, 753])
gt_count  8427
candidate_count  874986
ideal candidate count  874986
Epoch 199 [2.4s + 0.9s]: train==[6723.76598=6697.14014 + 0.83191 + 0.00000 + 7.98861 + 17.80529]
 recall=[0.20165, 0.43838], precision=[0.27711, 0.15800],  f1=[0.21595, 0.21850], RMRR=[0.09712, 0.13799]
Epoch 200 [2.1s]: train==[6942.68796=6916.13504 + 0.83274 + 0.00000 + 7.95956 + 17.76067]
Epoch 201 [2.1s]: train==[6662.62061=6636.16020 + 0.83388 + 0.00000 + 7.93023 + 17.69625]
Epoch 202 [2.3s]: train==[6605.00224=6578.63049 + 0.83458 + 0.00000 + 7.90148 + 17.63567]
Epoch 203 [2.4s]: train==[6490.71168=6464.42888 + 0.83652 + 0.00000 + 7.87360 + 17.57267]
Epoch 204 [2.2s]: train==[6846.80858=6820.59515 + 0.83756 + 0.00000 + 7.84502 + 17.53079]
Epoch 205 [2.1s]: train==[6688.17596=6662.06026 + 0.83837 + 0.00000 + 7.81589 + 17.46139]
Epoch 206 [2.1s]: train==[6891.42546=6865.39990 + 0.83938 + 0.00000 + 7.78839 + 17.39778]
Epoch 207 [2.1s]: train==[6804.58020=6778.65294 + 0.84079 + 0.00000 + 7.75954 + 17.32692]
Epoch 208 [2.1s]: train==[6722.11629=6696.24686 + 0.84234 + 0.00000 + 7.73099 + 17.29608]
drop_flag:  True ,	 mess_dropout:  [0.0, 0.0]
rate_batch  torch.Size([1162, 753])
gt_count  8427
candidate_count  874986
ideal candidate count  874986
Epoch 209 [2.1s + 0.8s]: train==[7005.52800=6979.74744 + 0.84403 + 0.00000 + 7.70203 + 17.23447]
 recall=[0.20479, 0.43587], precision=[0.28090, 0.15796],  f1=[0.21920, 0.21822], RMRR=[0.09973, 0.14011]
Epoch 210 [2.1s]: train==[6929.83882=6904.14349 + 0.84523 + 0.00000 + 7.67370 + 17.17635]
Epoch 211 [2.1s]: train==[6659.97466=6634.37143 + 0.84619 + 0.00000 + 7.64506 + 17.11199]
Epoch 212 [2.1s]: train==[6893.54326=6868.02414 + 0.84755 + 0.00000 + 7.61593 + 17.05569]
Epoch 213 [2.1s]: train==[6829.61743=6804.16705 + 0.85016 + 0.00000 + 7.58532 + 17.01491]
Epoch 214 [2.1s]: train==[6812.56800=6787.20766 + 0.85201 + 0.00000 + 7.55454 + 16.95380]
Epoch 215 [2.1s]: train==[6743.52376=6718.24680 + 0.85361 + 0.00000 + 7.52391 + 16.89943]
Epoch 216 [2.1s]: train==[6888.66370=6863.48624 + 0.85456 + 0.00000 + 7.49556 + 16.82725]
Epoch 217 [2.1s]: train==[6769.61419=6744.53522 + 0.85592 + 0.00000 + 7.46551 + 16.75759]
Epoch 218 [2.1s]: train==[6688.42217=6663.40448 + 0.85765 + 0.00000 + 7.43697 + 16.72308]
drop_flag:  True ,	 mess_dropout:  [0.0, 0.0]
rate_batch  torch.Size([1162, 753])
gt_count  8427
candidate_count  874986
ideal candidate count  874986
Epoch 219 [2.1s + 0.8s]: train==[6695.90168=6670.96249 + 0.85876 + 0.00000 + 7.40908 + 16.67136]
 recall=[0.20575, 0.44259], precision=[0.28485, 0.16015],  f1=[0.22127, 0.22137], RMRR=[0.10113, 0.14130]
Epoch 220 [2.1s]: train==[6918.67691=6893.80383 + 0.85936 + 0.00000 + 7.38050 + 16.63318]
Epoch 221 [2.1s]: train==[6656.76559=6632.00412 + 0.86059 + 0.00000 + 7.35183 + 16.54898]
Epoch 222 [2.0s]: train==[6725.95536=6701.28200 + 0.86153 + 0.00000 + 7.32377 + 16.48805]
Epoch 223 [2.1s]: train==[6682.93626=6658.35417 + 0.86274 + 0.00000 + 7.29519 + 16.42412]
Epoch 224 [2.1s]: train==[6658.20540=6633.70073 + 0.86477 + 0.00000 + 7.26564 + 16.37421]
Epoch 225 [2.1s]: train==[6683.59967=6659.18530 + 0.86564 + 0.00000 + 7.23739 + 16.31130]
Epoch 226 [2.1s]: train==[6522.15779=6497.81613 + 0.86624 + 0.00000 + 7.20953 + 16.26591]
Epoch 227 [2.0s]: train==[6707.52719=6683.29994 + 0.86750 + 0.00000 + 7.18296 + 16.17681]
Epoch 228 [2.1s]: train==[6681.57670=6657.42711 + 0.86884 + 0.00000 + 7.15391 + 16.12687]
drop_flag:  True ,	 mess_dropout:  [0.0, 0.0]
rate_batch  torch.Size([1162, 753])
gt_count  8427
candidate_count  874986
ideal candidate count  874986
Epoch 229 [2.2s + 0.8s]: train==[6688.64382=6664.57069 + 0.87011 + 0.00000 + 7.12450 + 16.07844]
 recall=[0.20679, 0.44672], precision=[0.28554, 0.16050],  f1=[0.22237, 0.22211], RMRR=[0.10062, 0.14136]
Epoch 230 [2.3s]: train==[6918.75431=6894.77704 + 0.87097 + 0.00000 + 7.09763 + 16.00861]
Epoch 231 [5.1s]: train==[6895.56450=6871.66808 + 0.87222 + 0.00000 + 7.06801 + 15.95616]
Epoch 232 [2.2s]: train==[6838.93824=6815.12921 + 0.87298 + 0.00000 + 7.03894 + 15.89716]
Epoch 233 [2.5s]: train==[6822.06058=6798.33371 + 0.87439 + 0.00000 + 7.01043 + 15.84201]
Epoch 234 [2.4s]: train==[6641.34827=6617.72595 + 0.87550 + 0.00000 + 6.98209 + 15.76468]
Epoch 235 [2.1s]: train==[6668.68306=6645.12915 + 0.87647 + 0.00000 + 6.95504 + 15.72240]
Epoch 236 [2.1s]: train==[6765.37340=6741.90450 + 0.87826 + 0.00000 + 6.92591 + 15.66472]
Epoch 237 [2.1s]: train==[6594.43272=6571.06621 + 0.87893 + 0.00000 + 6.89826 + 15.58935]
Epoch 238 [2.1s]: train==[6924.35240=6901.07668 + 0.88068 + 0.00000 + 6.87045 + 15.52463]
drop_flag:  True ,	 mess_dropout:  [0.0, 0.0]
rate_batch  torch.Size([1162, 753])
gt_count  8427
candidate_count  874986
ideal candidate count  874986
Epoch 239 [2.1s + 0.8s]: train==[6773.22647=6750.02611 + 0.88179 + 0.00000 + 6.84151 + 15.47715]
 recall=[0.20686, 0.44950], precision=[0.28417, 0.16140],  f1=[0.22172, 0.22324], RMRR=[0.10119, 0.14227]
Epoch 240 [2.1s]: train==[6621.76709=6598.64659 + 0.88345 + 0.00000 + 6.81308 + 15.42400]
Epoch 241 [2.2s]: train==[6631.87322=6608.84361 + 0.88468 + 0.00000 + 6.78564 + 15.35930]
Epoch 242 [2.1s]: train==[6914.40978=6891.46317 + 0.88606 + 0.00000 + 6.75785 + 15.30273]
Epoch 243 [2.1s]: train==[6716.87613=6694.02684 + 0.88761 + 0.00000 + 6.72860 + 15.23307]
Epoch 244 [2.1s]: train==[6778.31999=6755.56911 + 0.88844 + 0.00000 + 6.70134 + 15.16104]
Epoch 245 [2.1s]: train==[6848.06638=6825.37689 + 0.88945 + 0.00000 + 6.67453 + 15.12552]
Epoch 246 [2.1s]: train==[6887.82970=6865.24185 + 0.89094 + 0.00000 + 6.64638 + 15.05054]
Epoch 247 [2.1s]: train==[6794.89908=6772.38208 + 0.89188 + 0.00000 + 6.61831 + 15.00684]
Epoch 248 [2.1s]: train==[6537.09907=6514.68195 + 0.89367 + 0.00000 + 6.58958 + 14.93384]
drop_flag:  True ,	 mess_dropout:  [0.0, 0.0]
rate_batch  torch.Size([1162, 753])
gt_count  8427
candidate_count  874986
ideal candidate count  874986
Epoch 249 [2.1s + 0.8s]: train==[6601.76458=6579.43079 + 0.89448 + 0.00000 + 6.56098 + 14.87831]
 recall=[0.20978, 0.45159], precision=[0.28744, 0.16205],  f1=[0.22431, 0.22413], RMRR=[0.10293, 0.14453]
Epoch 250 [2.1s]: train==[6735.06961=6712.84230 + 0.89548 + 0.00000 + 6.53248 + 14.79933]
Epoch 251 [2.1s]: train==[6520.81869=6498.66177 + 0.89697 + 0.00000 + 6.50496 + 14.75498]
Epoch 252 [2.1s]: train==[6656.18770=6634.11589 + 0.89846 + 0.00000 + 6.47982 + 14.69355]
Epoch 253 [2.1s]: train==[6866.60908=6844.60461 + 0.89953 + 0.00000 + 6.45133 + 14.65369]
Epoch 254 [2.1s]: train==[6686.21461=6664.28757 + 0.90121 + 0.00000 + 6.42281 + 14.60306]
Epoch 255 [2.1s]: train==[6415.10278=6393.28484 + 0.90291 + 0.00000 + 6.39724 + 14.51788]
Epoch 256 [2.1s]: train==[6818.54724=6796.79364 + 0.90323 + 0.00000 + 6.37029 + 14.48006]
Epoch 257 [2.1s]: train==[6919.06457=6897.38708 + 0.90507 + 0.00000 + 6.34314 + 14.42928]
Epoch 258 [2.1s]: train==[6649.57988=6627.98305 + 0.90702 + 0.00000 + 6.31373 + 14.37603]
drop_flag:  True ,	 mess_dropout:  [0.0, 0.0]
rate_batch  torch.Size([1162, 753])
gt_count  8427
candidate_count  874986
ideal candidate count  874986
Epoch 259 [2.1s + 0.8s]: train==[6794.65386=6773.15932 + 0.90769 + 0.00000 + 6.28600 + 14.30083]
 recall=[0.20858, 0.45355], precision=[0.28675, 0.16183],  f1=[0.22351, 0.22394], RMRR=[0.10153, 0.14328]
Epoch 260 [2.1s]: train==[6622.39216=6600.96574 + 0.90897 + 0.00000 + 6.26106 + 14.25636]
Epoch 261 [2.1s]: train==[6827.06686=6805.71120 + 0.91003 + 0.00000 + 6.23565 + 14.20992]
Epoch 262 [2.1s]: train==[6694.78709=6673.53102 + 0.91213 + 0.00000 + 6.21069 + 14.13323]
Epoch 263 [2.1s]: train==[6624.38855=6603.21938 + 0.91302 + 0.00000 + 6.18392 + 14.07225]
Epoch 264 [2.1s]: train==[6783.47802=6762.36526 + 0.91453 + 0.00000 + 6.15848 + 14.03977]
Epoch 265 [2.1s]: train==[6837.11261=6816.08740 + 0.91624 + 0.00000 + 6.13315 + 13.97583]
Epoch 266 [2.1s]: train==[6650.34054=6629.41107 + 0.91769 + 0.00000 + 6.10795 + 13.90383]
Epoch 267 [2.2s]: train==[6710.68560=6689.84232 + 0.91845 + 0.00000 + 6.08566 + 13.83923]
Epoch 268 [2.2s]: train==[6486.26404=6465.48785 + 0.92041 + 0.00000 + 6.05950 + 13.79629]
drop_flag:  True ,	 mess_dropout:  [0.0, 0.0]
rate_batch  torch.Size([1162, 753])
gt_count  8427
candidate_count  874986
ideal candidate count  874986
Epoch 269 [2.1s + 0.8s]: train==[6767.10152=6746.41733 + 0.92149 + 0.00000 + 6.03256 + 13.73017]
 recall=[0.21039, 0.46015], precision=[0.28709, 0.16347],  f1=[0.22441, 0.22650], RMRR=[0.10311, 0.14523]
Epoch 270 [2.1s]: train==[6614.51692=6593.87686 + 0.92224 + 0.00000 + 6.00588 + 13.71198]
Epoch 271 [2.1s]: train==[6679.47447=6658.92737 + 0.92437 + 0.00000 + 5.97816 + 13.64456]
Epoch 272 [2.1s]: train==[6755.74286=6735.31015 + 0.92517 + 0.00000 + 5.95281 + 13.55475]
Epoch 273 [2.1s]: train==[6783.97068=6763.57275 + 0.92630 + 0.00000 + 5.92659 + 13.54512]
Epoch 274 [2.1s]: train==[6619.76706=6599.44592 + 0.92848 + 0.00000 + 5.89940 + 13.49321]
Epoch 275 [2.1s]: train==[6643.56825=6623.34511 + 0.93001 + 0.00000 + 5.87627 + 13.41689]
Epoch 276 [2.1s]: train==[6591.66542=6571.50319 + 0.93098 + 0.00000 + 5.85025 + 13.38104]
Epoch 277 [2.1s]: train==[6663.21520=6643.15491 + 0.93165 + 0.00000 + 5.82414 + 13.30451]
Epoch 278 [2.1s]: train==[6771.52740=6751.53140 + 0.93301 + 0.00000 + 5.79944 + 13.26360]
drop_flag:  True ,	 mess_dropout:  [0.0, 0.0]
rate_batch  torch.Size([1162, 753])
gt_count  8427
candidate_count  874986
ideal candidate count  874986
Epoch 279 [2.2s + 0.8s]: train==[6930.82663=6910.89001 + 0.93471 + 0.00000 + 5.77460 + 13.22726]
 recall=[0.21119, 0.46468], precision=[0.28916, 0.16476],  f1=[0.22597, 0.22838], RMRR=[0.10356, 0.14741]
Epoch 280 [2.1s]: train==[6835.51292=6815.66655 + 0.93594 + 0.00000 + 5.75074 + 13.15964]
Epoch 281 [2.1s]: train==[6710.62787=6690.84486 + 0.93757 + 0.00000 + 5.72420 + 13.12124]
Epoch 282 [2.1s]: train==[6801.56182=6781.87813 + 0.93955 + 0.00000 + 5.69948 + 13.04465]
Epoch 283 [2.1s]: train==[6973.31937=6953.70245 + 0.94043 + 0.00000 + 5.67554 + 13.00093]
Epoch 284 [2.1s]: train==[6859.85092=6840.28825 + 0.94252 + 0.00000 + 5.65395 + 12.96622]
Epoch 285 [2.1s]: train==[6694.20875=6674.73338 + 0.94352 + 0.00000 + 5.62755 + 12.90429]
Epoch 286 [2.1s]: train==[6756.32526=6736.94241 + 0.94439 + 0.00000 + 5.59981 + 12.83866]
Epoch 287 [2.1s]: train==[6587.78952=6568.46104 + 0.94558 + 0.00000 + 5.57526 + 12.80758]
Epoch 288 [2.1s]: train==[6799.18045=6779.91698 + 0.94685 + 0.00000 + 5.55142 + 12.76527]
drop_flag:  True ,	 mess_dropout:  [0.0, 0.0]
rate_batch  torch.Size([1162, 753])
gt_count  8427
candidate_count  874986
ideal candidate count  874986
Epoch 289 [2.1s + 0.8s]: train==[6944.65569=6925.47012 + 0.94829 + 0.00000 + 5.52779 + 12.70947]
 recall=[0.21432, 0.46812], precision=[0.28898, 0.16601],  f1=[0.22780, 0.23022], RMRR=[0.10378, 0.14802]
Epoch 290 [2.1s]: train==[6515.41368=6496.29826 + 0.94977 + 0.00000 + 5.50423 + 12.66141]
Epoch 291 [2.2s]: train==[6664.97916=6645.93584 + 0.95097 + 0.00000 + 5.48413 + 12.60827]
Epoch 292 [2.1s]: train==[6789.14580=6770.15756 + 0.95254 + 0.00000 + 5.46080 + 12.57490]
Epoch 293 [2.1s]: train==[6502.62185=6483.72702 + 0.95375 + 0.00000 + 5.43499 + 12.50612]
Epoch 294 [2.1s]: train==[6802.44563=6783.63403 + 0.95540 + 0.00000 + 5.41278 + 12.44348]
Epoch 295 [2.1s]: train==[6667.40507=6648.66864 + 0.95657 + 0.00000 + 5.38706 + 12.39274]
Epoch 296 [2.1s]: train==[6591.06593=6572.38173 + 0.95756 + 0.00000 + 5.36579 + 12.36078]
Epoch 297 [2.1s]: train==[6743.35543=6724.76018 + 0.95954 + 0.00000 + 5.34173 + 12.29397]
Epoch 298 [2.1s]: train==[6694.12944=6675.60828 + 0.96107 + 0.00000 + 5.32206 + 12.23804]
drop_flag:  True ,	 mess_dropout:  [0.0, 0.0]
rate_batch  torch.Size([1162, 753])
gt_count  8427
candidate_count  874986
ideal candidate count  874986
Epoch 299 [2.0s + 0.8s]: train==[6726.95282=6708.48010 + 0.96340 + 0.00000 + 5.30020 + 12.20910]
 recall=[0.21392, 0.47191], precision=[0.29019, 0.16691],  f1=[0.22788, 0.23163], RMRR=[0.10124, 0.14610]
Epoch 300 [2.1s]: train==[6715.05066=6696.66673 + 0.96384 + 0.00000 + 5.27418 + 12.14585]
Epoch 301 [2.1s]: train==[6882.78484=6864.44701 + 0.96507 + 0.00000 + 5.24941 + 12.12330]
Epoch 302 [2.1s]: train==[6762.53688=6744.27533 + 0.96698 + 0.00000 + 5.22478 + 12.06983]
Epoch 303 [2.1s]: train==[6783.20855=6764.99539 + 0.96843 + 0.00000 + 5.20253 + 12.04215]
Epoch 304 [2.1s]: train==[6799.18174=6781.04407 + 0.97003 + 0.00000 + 5.18161 + 11.98606]
Epoch 305 [2.1s]: train==[6925.15546=6907.07547 + 0.97126 + 0.00000 + 5.15763 + 11.95111]
Epoch 306 [2.1s]: train==[6778.97839=6761.02478 + 0.97248 + 0.00000 + 5.13598 + 11.84512]
Epoch 307 [2.1s]: train==[6793.85813=6775.93051 + 0.97494 + 0.00000 + 5.11539 + 11.83728]
Epoch 308 [2.1s]: train==[6787.73043=6769.87489 + 0.97637 + 0.00000 + 5.09004 + 11.78916]
drop_flag:  True ,	 mess_dropout:  [0.0, 0.0]
rate_batch  torch.Size([1162, 753])
gt_count  8427
candidate_count  874986
ideal candidate count  874986
Epoch 309 [2.1s + 0.8s]: train==[6688.54376=6670.73657 + 0.97807 + 0.00000 + 5.06472 + 11.76445]
 recall=[0.21598, 0.47196], precision=[0.29225, 0.16781],  f1=[0.22964, 0.23236], RMRR=[0.10224, 0.14759]
Epoch 310 [2.1s]: train==[6529.15989=6511.44489 + 0.97902 + 0.00000 + 5.04586 + 11.69019]
Epoch 311 [2.1s]: train==[6603.57398=6585.93867 + 0.98093 + 0.00000 + 5.02316 + 11.63120]
Epoch 312 [2.2s]: train==[6872.50384=6854.92966 + 0.98190 + 0.00000 + 5.00047 + 11.59179]
Epoch 313 [2.2s]: train==[6799.43239=6781.95676 + 0.98266 + 0.00000 + 4.98107 + 11.51196]
Epoch 314 [2.3s]: train==[6497.10494=6479.66977 + 0.98498 + 0.00000 + 4.96069 + 11.48942]
Epoch 315 [2.4s]: train==[6771.39572=6754.05511 + 0.98552 + 0.00000 + 4.93498 + 11.42004]
Epoch 316 [2.4s]: train==[6669.48429=6652.18175 + 0.98693 + 0.00000 + 4.91620 + 11.39940]
Epoch 317 [2.3s]: train==[6708.54065=6691.25179 + 0.98929 + 0.00000 + 4.89713 + 11.40241]
Epoch 318 [2.2s]: train==[6577.35564=6560.15114 + 0.98960 + 0.00000 + 4.87164 + 11.34327]
drop_flag:  True ,	 mess_dropout:  [0.0, 0.0]
rate_batch  torch.Size([1162, 753])
gt_count  8427
candidate_count  874986
ideal candidate count  874986
Epoch 319 [2.1s + 0.8s]: train==[6689.64769=6672.55626 + 0.99147 + 0.00000 + 4.84994 + 11.25000]
 recall=[0.21701, 0.47797], precision=[0.29501, 0.16867],  f1=[0.23145, 0.23395], RMRR=[0.10343, 0.14819]
Epoch 320 [2.1s]: train==[6644.56612=6627.54831 + 0.99278 + 0.00000 + 4.82626 + 11.19870]
Epoch 321 [2.1s]: train==[6617.08392=6600.09131 + 0.99522 + 0.00000 + 4.80794 + 11.18945]
Epoch 322 [2.3s]: train==[6550.73939=6533.82397 + 0.99548 + 0.00000 + 4.78573 + 11.13426]
Epoch 323 [2.3s]: train==[6639.60723=6622.74506 + 0.99725 + 0.00000 + 4.76306 + 11.10186]
Epoch 324 [2.1s]: train==[6566.97436=6550.17188 + 0.99970 + 0.00000 + 4.74313 + 11.05961]
Epoch 325 [2.1s]: train==[6792.09758=6775.36816 + 1.00124 + 0.00000 + 4.72274 + 11.00547]
Epoch 326 [2.1s]: train==[6638.28020=6621.62500 + 1.00194 + 0.00000 + 4.70335 + 10.94988]
Epoch 327 [2.1s]: train==[6733.31124=6716.69302 + 1.00369 + 0.00000 + 4.68068 + 10.93389]
Epoch 328 [2.1s]: train==[6748.05248=6731.50824 + 1.00511 + 0.00000 + 4.65546 + 10.88367]
drop_flag:  True ,	 mess_dropout:  [0.0, 0.0]
rate_batch  torch.Size([1162, 753])
gt_count  8427
candidate_count  874986
ideal candidate count  874986
Epoch 329 [2.3s + 0.9s]: train==[6492.25151=6475.79839 + 1.00660 + 0.00000 + 4.63756 + 10.80893]
 recall=[0.21714, 0.47702], precision=[0.29535, 0.16915],  f1=[0.23120, 0.23443], RMRR=[0.10493, 0.15056]
Epoch 330 [2.4s]: train==[6558.87337=6542.45883 + 1.00727 + 0.00000 + 4.61575 + 10.79149]
Epoch 331 [2.5s]: train==[6651.65674=6635.33168 + 1.00849 + 0.00000 + 4.59477 + 10.72177]
Epoch 332 [2.4s]: train==[6483.46708=6467.16484 + 1.01040 + 0.00000 + 4.57401 + 10.71787]
Epoch 333 [2.3s]: train==[6698.72201=6682.49759 + 1.01159 + 0.00000 + 4.55488 + 10.65799]
Epoch 334 [2.3s]: train==[6736.72079=6720.54233 + 1.01259 + 0.00000 + 4.53459 + 10.63127]
Epoch 335 [2.4s]: train==[6739.21517=6723.10657 + 1.01400 + 0.00000 + 4.51250 + 10.58216]
Epoch 336 [2.6s]: train==[6836.56655=6820.48322 + 1.01468 + 0.00000 + 4.49429 + 10.57437]
Epoch 337 [2.8s]: train==[6672.31476=6656.33473 + 1.01589 + 0.00000 + 4.47177 + 10.49233]
Epoch 338 [2.6s]: train==[6703.33080=6687.40393 + 1.01760 + 0.00000 + 4.44989 + 10.45933]
drop_flag:  True ,	 mess_dropout:  [0.0, 0.0]
rate_batch  torch.Size([1162, 753])
gt_count  8427
candidate_count  874986
ideal candidate count  874986
Epoch 339 [2.1s + 0.8s]: train==[6488.15814=6472.27777 + 1.01838 + 0.00000 + 4.43220 + 10.42975]
 recall=[0.21916, 0.47475], precision=[0.29690, 0.16820],  f1=[0.23265, 0.23326], RMRR=[0.10391, 0.14790]
Epoch 340 [2.1s]: train==[6980.41249=6964.60214 + 1.01958 + 0.00000 + 4.41040 + 10.38035]
Epoch 341 [2.1s]: train==[6709.33638=6693.60187 + 1.02120 + 0.00000 + 4.39197 + 10.32130]
Epoch 342 [2.1s]: train==[6708.90732=6693.20578 + 1.02247 + 0.00000 + 4.37226 + 10.30679]
Epoch 343 [2.2s]: train==[6656.43190=6640.84949 + 1.02347 + 0.00000 + 4.34939 + 10.20949]
Epoch 344 [2.2s]: train==[6758.12127=6742.54721 + 1.02525 + 0.00000 + 4.32870 + 10.22011]
Epoch 345 [2.1s]: train==[6610.65832=6595.15346 + 1.02627 + 0.00000 + 4.31141 + 10.16723]
Epoch 346 [2.1s]: train==[6629.73469=6614.30035 + 1.02851 + 0.00000 + 4.29199 + 10.11386]
Epoch 347 [2.2s]: train==[6727.18598=6711.81697 + 1.03043 + 0.00000 + 4.27138 + 10.06721]
Epoch 348 [2.1s]: train==[6659.38148=6644.06824 + 1.03080 + 0.00000 + 4.24481 + 10.03766]
drop_flag:  True ,	 mess_dropout:  [0.0, 0.0]
rate_batch  torch.Size([1162, 753])
gt_count  8427
candidate_count  874986
ideal candidate count  874986
Epoch 349 [2.2s + 0.9s]: train==[6622.32865=6607.08206 + 1.03216 + 0.00000 + 4.22775 + 9.98667]
 recall=[0.21854, 0.47870], precision=[0.29518, 0.16958],  f1=[0.23186, 0.23506], RMRR=[0.10477, 0.15013]
Epoch 350 [2.1s]: train==[6731.67896=6716.49486 + 1.03379 + 0.00000 + 4.20708 + 9.94326]
Epoch 351 [2.2s]: train==[6748.30864=6733.14127 + 1.03625 + 0.00000 + 4.19052 + 9.94060]
Epoch 352 [2.2s]: train==[6554.57958=6539.44778 + 1.03821 + 0.00000 + 4.16941 + 9.92413]
Epoch 353 [2.2s]: train==[6610.40564=6595.36615 + 1.03870 + 0.00000 + 4.15244 + 9.84842]
Epoch 354 [2.2s]: train==[6572.12255=6557.13109 + 1.03915 + 0.00000 + 4.13528 + 9.81706]
Epoch 355 [2.1s]: train==[6580.42748=6565.49486 + 1.04020 + 0.00000 + 4.11185 + 9.78053]
Epoch 356 [2.2s]: train==[6700.68006=6685.81480 + 1.04152 + 0.00000 + 4.08601 + 9.73774]
Epoch 357 [2.2s]: train==[6728.52272=6713.71365 + 1.04363 + 0.00000 + 4.07160 + 9.69393]
Epoch 358 [2.2s]: train==[6458.59163=6443.86595 + 1.04413 + 0.00000 + 4.05020 + 9.63136]
drop_flag:  True ,	 mess_dropout:  [0.0, 0.0]
rate_batch  torch.Size([1162, 753])
gt_count  8427
candidate_count  874986
ideal candidate count  874986
Epoch 359 [2.2s + 0.9s]: train==[6720.86150=6706.16772 + 1.04656 + 0.00000 + 4.02856 + 9.61859]
 recall=[0.21594, 0.48022], precision=[0.29415, 0.17035],  f1=[0.23006, 0.23600], RMRR=[0.10507, 0.15129]
Epoch 360 [2.3s]: train==[6554.88839=6540.23689 + 1.04871 + 0.00000 + 4.01398 + 9.58880]
Epoch 361 [2.4s]: train==[6959.72284=6945.11365 + 1.05082 + 0.00000 + 3.99096 + 9.56749]
Epoch 362 [2.9s]: train==[6543.88188=6529.37581 + 1.05193 + 0.00000 + 3.96709 + 9.48711]
Epoch 363 [2.5s]: train==[6674.00807=6659.53317 + 1.05247 + 0.00000 + 3.95568 + 9.46679]
Epoch 364 [2.3s]: train==[6722.00550=6707.59514 + 1.05558 + 0.00000 + 3.93627 + 9.41854]
Epoch 365 [2.3s]: train==[6688.98770=6674.61484 + 1.05626 + 0.00000 + 3.91059 + 9.40601]
Epoch 366 [2.4s]: train==[6785.78780=6771.48581 + 1.05765 + 0.00000 + 3.88910 + 9.35526]
Epoch 367 [2.7s]: train==[6950.13150=6935.88762 + 1.05888 + 0.00000 + 3.87356 + 9.31143]
Epoch 368 [2.5s]: train==[6759.84518=6745.63098 + 1.06210 + 0.00000 + 3.84852 + 9.30354]
drop_flag:  True ,	 mess_dropout:  [0.0, 0.0]
rate_batch  torch.Size([1162, 753])
gt_count  8427
candidate_count  874986
ideal candidate count  874986
Epoch 369 [2.2s + 1.0s]: train==[6577.00952=6562.87798 + 1.06275 + 0.00000 + 3.82950 + 9.23929]
 recall=[0.21584, 0.48433], precision=[0.29346, 0.17156],  f1=[0.22996, 0.23779], RMRR=[0.10089, 0.14730]
Epoch 370 [2.2s]: train==[6636.81573=6622.69290 + 1.06410 + 0.00000 + 3.80279 + 9.25587]
Epoch 371 [2.2s]: train==[6568.50280=6554.50424 + 1.06676 + 0.00000 + 3.77668 + 9.15509]
Epoch 372 [2.2s]: train==[6667.25710=6653.28688 + 1.06805 + 0.00000 + 3.76089 + 9.14129]
Epoch 373 [2.2s]: train==[6489.43286=6475.47713 + 1.07011 + 0.00000 + 3.74815 + 9.13746]
Epoch 374 [2.2s]: train==[6490.24388=6476.34036 + 1.07116 + 0.00000 + 3.73256 + 9.09986]
Epoch 375 [2.2s]: train==[6829.84707=6815.97382 + 1.07353 + 0.00000 + 3.71076 + 9.08904]
Epoch 376 [2.2s]: train==[6626.32535=6612.53723 + 1.07438 + 0.00000 + 3.69133 + 9.02241]
Epoch 377 [2.3s]: train==[6343.88866=6330.13815 + 1.07531 + 0.00000 + 3.67256 + 9.00264]
Epoch 378 [2.2s]: train==[6586.40356=6572.70148 + 1.07687 + 0.00000 + 3.65586 + 8.96938]
drop_flag:  True ,	 mess_dropout:  [0.0, 0.0]
rate_batch  torch.Size([1162, 753])
gt_count  8427
candidate_count  874986
ideal candidate count  874986
Epoch 379 [2.1s + 0.9s]: train==[6782.19761=6768.55096 + 1.08003 + 0.00000 + 3.63555 + 8.93108]
 recall=[0.22217, 0.48063], precision=[0.30138, 0.17130],  f1=[0.23632, 0.23707], RMRR=[0.10529, 0.14994]
Epoch 380 [2.3s]: train==[6682.58327=6668.97911 + 1.08089 + 0.00000 + 3.61179 + 8.91149]
Epoch 381 [2.3s]: train==[6548.38274=6534.85509 + 1.08164 + 0.00000 + 3.59530 + 8.85066]
Epoch 382 [2.9s]: train==[6509.00452=6495.50609 + 1.08426 + 0.00000 + 3.58145 + 8.83269]
Epoch 383 [3.1s]: train==[6682.91248=6669.46315 + 1.08611 + 0.00000 + 3.56962 + 8.79357]
Epoch 384 [2.4s]: train==[6848.24168=6834.84903 + 1.08653 + 0.00000 + 3.54495 + 8.76120]
Epoch 385 [2.1s]: train==[6480.66089=6467.29523 + 1.08911 + 0.00000 + 3.52163 + 8.75490]
Epoch 386 [2.8s]: train==[6638.11814=6624.79544 + 1.09082 + 0.00000 + 3.50218 + 8.72973]
Epoch 387 [2.4s]: train==[6665.17367=6651.92781 + 1.09218 + 0.00000 + 3.48310 + 8.67056]
Epoch 388 [2.3s]: train==[6569.27598=6556.06281 + 1.09480 + 0.00000 + 3.46876 + 8.64966]
drop_flag:  True ,	 mess_dropout:  [0.0, 0.0]
rate_batch  torch.Size([1162, 753])
gt_count  8427
candidate_count  874986
ideal candidate count  874986
Epoch 389 [2.3s + 0.9s]: train==[6683.45074=6670.29202 + 1.09567 + 0.00000 + 3.45525 + 8.60782]
 recall=[0.21654, 0.48393], precision=[0.29587, 0.17134],  f1=[0.23112, 0.23742], RMRR=[0.10485, 0.14993]
Epoch 390 [2.2s]: train==[6677.21133=6664.04449 + 1.09782 + 0.00000 + 3.43724 + 8.63168]
Epoch 391 [2.5s]: train==[6628.66235=6615.59076 + 1.09871 + 0.00000 + 3.41180 + 8.56104]
Epoch 392 [2.3s]: train==[6741.16694=6728.10123 + 1.10137 + 0.00000 + 3.39311 + 8.57131]
Epoch 393 [2.4s]: train==[6890.04710=6877.07773 + 1.10310 + 0.00000 + 3.37140 + 8.49490]
Epoch 394 [2.5s]: train==[6762.16452=6749.16629 + 1.10540 + 0.00000 + 3.34992 + 8.54291]
Epoch 395 [2.2s]: train==[6618.95279=6606.03320 + 1.10663 + 0.00000 + 3.32734 + 8.48566]
Epoch 396 [2.3s]: train==[6613.04240=6600.15875 + 1.10804 + 0.00000 + 3.31596 + 8.45968]
Epoch 397 [2.2s]: train==[6800.19343=6787.33022 + 1.11148 + 0.00000 + 3.30215 + 8.44959]
Epoch 398 [2.2s]: train==[6376.90262=6364.11731 + 1.11306 + 0.00000 + 3.28673 + 8.38546]
drop_flag:  True ,	 mess_dropout:  [0.0, 0.0]
rate_batch  torch.Size([1162, 753])
gt_count  8427
candidate_count  874986
ideal candidate count  874986
Epoch 399 [3.1s + 0.9s]: train==[6562.81626=6550.03236 + 1.11538 + 0.00000 + 3.27062 + 8.39792]
 recall=[0.21536, 0.48429], precision=[0.29380, 0.17096],  f1=[0.22966, 0.23711], RMRR=[0.10334, 0.14960]
Epoch 400 [2.2s]: train==[6703.03715=6690.32556 + 1.11558 + 0.00000 + 3.25257 + 8.34345]
Epoch 401 [2.4s]: train==[6622.98823=6610.26895 + 1.11861 + 0.00000 + 3.24250 + 8.35824]
Epoch 402 [2.3s]: train==[6758.48548=6745.82401 + 1.11913 + 0.00000 + 3.22547 + 8.31690]
Epoch 403 [2.3s]: train==[6360.53846=6347.87589 + 1.12183 + 0.00000 + 3.20641 + 8.33437]
Epoch 404 [2.3s]: train==[6746.25407=6733.68538 + 1.12278 + 0.00000 + 3.19536 + 8.25053]
Epoch 405 [2.3s]: train==[6502.31159=6489.63000 + 1.12611 + 0.00000 + 3.18906 + 8.36640]
Epoch 406 [2.6s]: train==[6465.82538=6453.14639 + 1.12768 + 0.00000 + 3.16831 + 8.38300]
Epoch 407 [2.2s]: train==[6725.30547=6712.67421 + 1.12974 + 0.00000 + 3.15115 + 8.35036]
Epoch 408 [2.2s]: train==[6652.22106=6639.61972 + 1.13206 + 0.00000 + 3.13901 + 8.33027]
drop_flag:  True ,	 mess_dropout:  [0.0, 0.0]
rate_batch  torch.Size([1162, 753])
gt_count  8427
candidate_count  874986
ideal candidate count  874986
Epoch 409 [2.3s + 1.0s]: train==[6530.85603=6518.31512 + 1.13364 + 0.00000 + 3.12489 + 8.28236]
 recall=[0.21778, 0.48895], precision=[0.29931, 0.17315],  f1=[0.23368, 0.23982], RMRR=[0.10465, 0.15016]
Epoch 410 [2.1s]: train==[6515.14838=6502.58707 + 1.13726 + 0.00000 + 3.10671 + 8.31738]
Epoch 411 [2.2s]: train==[6684.22695=6671.75566 + 1.13747 + 0.00000 + 3.09618 + 8.23766]
Epoch 412 [2.1s]: train==[6485.21856=6472.80119 + 1.13876 + 0.00000 + 3.08186 + 8.19670]
Epoch 413 [2.2s]: train==[6733.04980=6720.66531 + 1.14053 + 0.00000 + 3.06448 + 8.17947]
Epoch 414 [2.5s]: train==[6618.59764=6606.24747 + 1.14239 + 0.00000 + 3.04840 + 8.15932]
Epoch 415 [2.4s]: train==[6479.11985=6466.82254 + 1.14495 + 0.00000 + 3.03467 + 8.11775]
Epoch 416 [2.1s]: train==[6592.48316=6580.19830 + 1.14679 + 0.00000 + 3.02308 + 8.11499]
Epoch 417 [2.3s]: train==[6463.14853=6450.92273 + 1.14812 + 0.00000 + 3.00275 + 8.07493]
Epoch 418 [2.3s]: train==[6526.31990=6514.12495 + 1.15033 + 0.00000 + 2.99773 + 8.04685]
drop_flag:  True ,	 mess_dropout:  [0.0, 0.0]
rate_batch  torch.Size([1162, 753])
gt_count  8427
candidate_count  874986
ideal candidate count  874986
Epoch 419 [2.3s + 1.0s]: train==[6622.30432=6610.10709 + 1.15284 + 0.00000 + 2.97733 + 8.06701]
 recall=[0.21889, 0.48378], precision=[0.30017, 0.17259],  f1=[0.23460, 0.23887], RMRR=[0.10698, 0.15259]
Epoch 420 [2.4s]: train==[6545.63258=6533.47946 + 1.15454 + 0.00000 + 2.95858 + 8.03998]
Epoch 421 [2.5s]: train==[6297.07574=6285.00549 + 1.15611 + 0.00000 + 2.94587 + 7.96833]
Epoch 422 [2.3s]: train==[6742.79087=6730.68987 + 1.15883 + 0.00000 + 2.93908 + 8.00312]
Epoch 423 [2.1s]: train==[6538.90040=6526.85715 + 1.15932 + 0.00000 + 2.93942 + 7.94451]
Epoch 424 [2.2s]: train==[6798.23257=6786.23126 + 1.15941 + 0.00000 + 2.91574 + 7.92610]
Epoch 425 [2.3s]: train==[6456.29669=6444.39923 + 1.15974 + 0.00000 + 2.90193 + 7.83585]
Epoch 426 [2.2s]: train==[6601.14264=6589.23531 + 1.16149 + 0.00000 + 2.89487 + 7.85099]
Epoch 427 [2.2s]: train==[6389.68358=6377.78101 + 1.16591 + 0.00000 + 2.88412 + 7.85253]
Epoch 428 [2.2s]: train==[6518.95200=6507.10445 + 1.16834 + 0.00000 + 2.86550 + 7.81377]
drop_flag:  True ,	 mess_dropout:  [0.0, 0.0]
rate_batch  torch.Size([1162, 753])
gt_count  8427
candidate_count  874986
ideal candidate count  874986
Epoch 429 [2.4s + 0.9s]: train==[6637.70336=6625.82971 + 1.17253 + 0.00000 + 2.86023 + 7.84086]
 recall=[0.21871, 0.49170], precision=[0.29931, 0.17397],  f1=[0.23385, 0.24125], RMRR=[0.10331, 0.14971]
Epoch 430 [2.2s]: train==[6576.06585=6564.18626 + 1.17384 + 0.00000 + 2.84367 + 7.86206]
Epoch 431 [2.4s]: train==[6491.40014=6479.60675 + 1.17515 + 0.00000 + 2.82849 + 7.78973]
Epoch 432 [2.4s]: train==[6355.21291=6343.44440 + 1.17731 + 0.00000 + 2.80881 + 7.78235]
Epoch 433 [2.6s]: train==[6568.55840=6556.84407 + 1.17929 + 0.00000 + 2.79731 + 7.73776]
Epoch 434 [2.5s]: train==[6559.30973=6547.61354 + 1.18030 + 0.00000 + 2.78774 + 7.72824]
Epoch 435 [2.5s]: train==[6394.80428=6382.99109 + 1.18333 + 0.00000 + 2.77560 + 7.85426]
Epoch 436 [2.1s]: train==[6502.10613=6490.38562 + 1.18595 + 0.00000 + 2.75302 + 7.78162]
Epoch 437 [2.1s]: train==[6651.44754=6639.79076 + 1.18799 + 0.00000 + 2.74695 + 7.72188]
Epoch 438 [2.1s]: train==[6501.63858=6489.99516 + 1.18936 + 0.00000 + 2.73022 + 7.72390]
drop_flag:  True ,	 mess_dropout:  [0.0, 0.0]
rate_batch  torch.Size([1162, 753])
gt_count  8427
candidate_count  874986
ideal candidate count  874986
Epoch 439 [2.1s + 0.9s]: train==[6624.19219=6612.60352 + 1.19024 + 0.00000 + 2.72322 + 7.67522]
 recall=[0.21446, 0.48300], precision=[0.28898, 0.17027],  f1=[0.22712, 0.23627], RMRR=[0.09639, 0.14231]
Epoch 440 [2.3s]: train==[6243.71491=6232.12497 + 1.19464 + 0.00000 + 2.70901 + 7.68631]
Epoch 441 [2.2s]: train==[6589.11164=6577.51601 + 1.19631 + 0.00000 + 2.69873 + 7.70064]
Epoch 442 [2.4s]: train==[6660.83720=6649.26154 + 1.19876 + 0.00000 + 2.68673 + 7.69013]
Epoch 443 [2.2s]: train==[6302.57492=6291.04231 + 1.20264 + 0.00000 + 2.67064 + 7.65929]
Epoch 444 [2.3s]: train==[6587.98603=6576.51999 + 1.20248 + 0.00000 + 2.65872 + 7.60482]
Epoch 445 [2.2s]: train==[6510.55751=6499.06865 + 1.20727 + 0.00000 + 2.64949 + 7.63214]
Epoch 446 [2.2s]: train==[6487.37286=6475.89539 + 1.20756 + 0.00000 + 2.64159 + 7.62831]
Epoch 447 [2.2s]: train==[6535.44821=6524.00548 + 1.21073 + 0.00000 + 2.62291 + 7.60905]
Epoch 448 [2.3s]: train==[6632.51508=6621.13269 + 1.21027 + 0.00000 + 2.62085 + 7.55130]
drop_flag:  True ,	 mess_dropout:  [0.0, 0.0]
rate_batch  torch.Size([1162, 753])
gt_count  8427
candidate_count  874986
ideal candidate count  874986
Epoch 449 [2.2s + 0.9s]: train==[6419.78150=6408.36617 + 1.21366 + 0.00000 + 2.61181 + 7.58992]
 recall=[0.21864, 0.48728], precision=[0.30138, 0.17401],  f1=[0.23499, 0.24064], RMRR=[0.10470, 0.15175]
Epoch 450 [2.1s]: train==[6526.73497=6515.32190 + 1.21480 + 0.00000 + 2.59968 + 7.59863]
Epoch 451 [2.2s]: train==[6647.98541=6636.61800 + 1.21842 + 0.00000 + 2.58264 + 7.56633]
Epoch 452 [2.2s]: train==[6429.31317=6417.90843 + 1.21789 + 0.00000 + 2.57251 + 7.61433]
Epoch 453 [2.2s]: train==[6269.28397=6257.95889 + 1.22052 + 0.00000 + 2.56549 + 7.53905]
Epoch 454 [2.3s]: train==[6543.56922=6532.24287 + 1.22399 + 0.00000 + 2.54840 + 7.55398]
Epoch 455 [2.6s]: train==[6511.66331=6500.35614 + 1.22699 + 0.00000 + 2.54487 + 7.53524]
Epoch 456 [2.7s]: train==[6511.25020=6499.92223 + 1.22825 + 0.00000 + 2.53529 + 7.56441]
Epoch 457 [2.2s]: train==[6626.00503=6614.77299 + 1.22948 + 0.00000 + 2.52868 + 7.47385]
Epoch 458 [2.2s]: train==[6636.79242=6625.47124 + 1.23196 + 0.00000 + 2.52255 + 7.56668]
drop_flag:  True ,	 mess_dropout:  [0.0, 0.0]
rate_batch  torch.Size([1162, 753])
gt_count  8427
candidate_count  874986
ideal candidate count  874986
Epoch 459 [2.3s + 0.9s]: train==[6453.93347=6442.68713 + 1.23307 + 0.00000 + 2.51158 + 7.50169]
 recall=[0.22306, 0.48910], precision=[0.30224, 0.17319],  f1=[0.23730, 0.24004], RMRR=[0.10264, 0.14990]
Epoch 460 [2.4s]: train==[6588.22697=6576.96115 + 1.23448 + 0.00000 + 2.49754 + 7.53380]
Epoch 461 [2.3s]: train==[6690.59186=6679.35150 + 1.23508 + 0.00000 + 2.48787 + 7.51750]
Epoch 462 [2.4s]: train==[6645.46533=6634.33267 + 1.23635 + 0.00000 + 2.47524 + 7.42106]
Epoch 463 [2.3s]: train==[6438.02423=6426.86931 + 1.23853 + 0.00000 + 2.46340 + 7.45298]
Epoch 464 [2.3s]: train==[6481.27646=6470.10031 + 1.23980 + 0.00000 + 2.45244 + 7.48387]
Epoch 465 [2.2s]: train==[6655.55342=6644.35103 + 1.24387 + 0.00000 + 2.44168 + 7.51684]
Epoch 466 [2.2s]: train==[6339.25551=6328.06644 + 1.24632 + 0.00000 + 2.44095 + 7.50179]
Epoch 467 [2.3s]: train==[6681.17218=6670.05920 + 1.24779 + 0.00000 + 2.43311 + 7.43205]
Epoch 468 [2.3s]: train==[6356.06647=6344.93361 + 1.24959 + 0.00000 + 2.42461 + 7.45863]
drop_flag:  True ,	 mess_dropout:  [0.0, 0.0]
rate_batch  torch.Size([1162, 753])
gt_count  8427
candidate_count  874986
ideal candidate count  874986
Epoch 469 [2.2s + 0.9s]: train==[6716.75090=6705.71230 + 1.25091 + 0.00000 + 2.41878 + 7.36897]
 recall=[0.21979, 0.48600], precision=[0.29725, 0.17319],  f1=[0.23243, 0.23967], RMRR=[0.10326, 0.15025]
Epoch 470 [2.2s]: train==[6282.69937=6271.64450 + 1.25098 + 0.00000 + 2.40009 + 7.40380]
Epoch 471 [2.2s]: train==[6426.43907=6415.34584 + 1.25466 + 0.00000 + 2.39836 + 7.44021]
Epoch 472 [2.2s]: train==[6472.65287=6461.66177 + 1.25379 + 0.00000 + 2.38119 + 7.35609]
Epoch 473 [2.5s]: train==[6383.91725=6372.93913 + 1.25632 + 0.00000 + 2.37734 + 7.34453]
Epoch 474 [2.3s]: train==[6463.33051=6452.35748 + 1.25786 + 0.00000 + 2.36693 + 7.34824]
Epoch 475 [2.1s]: train==[6667.88872=6656.94177 + 1.26036 + 0.00000 + 2.36173 + 7.32488]
Epoch 476 [2.1s]: train==[6520.17908=6509.21681 + 1.26178 + 0.00000 + 2.35356 + 7.34683]
Epoch 477 [2.1s]: train==[6443.76140=6432.76425 + 1.26462 + 0.00000 + 2.34569 + 7.38675]
Epoch 478 [2.1s]: train==[6414.54759=6403.58653 + 1.26551 + 0.00000 + 2.33677 + 7.35878]
drop_flag:  True ,	 mess_dropout:  [0.0, 0.0]
rate_batch  torch.Size([1162, 753])
gt_count  8427
candidate_count  874986
ideal candidate count  874986
Epoch 479 [2.2s + 0.9s]: train==[6336.30113=6325.34850 + 1.26708 + 0.00000 + 2.32519 + 7.36038]
 recall=[0.22390, 0.48862], precision=[0.30534, 0.17427],  f1=[0.23827, 0.24125], RMRR=[0.10812, 0.15395]
Epoch 480 [2.2s]: train==[6422.82588=6411.88136 + 1.26851 + 0.00000 + 2.31869 + 7.35732]
Epoch 481 [2.2s]: train==[6492.54854=6481.63872 + 1.26995 + 0.00000 + 2.31115 + 7.32871]
Epoch 482 [2.2s]: train==[6540.30851=6529.37386 + 1.27105 + 0.00000 + 2.29833 + 7.36530]
Epoch 483 [2.1s]: train==[6406.72377=6395.75249 + 1.27467 + 0.00000 + 2.29873 + 7.39787]
Epoch 484 [2.1s]: train==[6454.36344=6443.47514 + 1.27551 + 0.00000 + 2.28865 + 7.32410]
Epoch 485 [2.1s]: train==[6566.12618=6555.29463 + 1.27460 + 0.00000 + 2.28028 + 7.27662]
Epoch 486 [2.1s]: train==[6493.21012=6482.36810 + 1.27662 + 0.00000 + 2.27783 + 7.28757]
Epoch 487 [2.1s]: train==[6514.32345=6503.32671 + 1.28119 + 0.00000 + 2.27917 + 7.43645]
Epoch 488 [2.1s]: train==[6547.09409=6536.18716 + 1.28224 + 0.00000 + 2.26811 + 7.35662]
drop_flag:  True ,	 mess_dropout:  [0.0, 0.0]
rate_batch  torch.Size([1162, 753])
gt_count  8427
candidate_count  874986
ideal candidate count  874986
Epoch 489 [2.1s + 0.9s]: train==[6761.08113=6750.27292 + 1.28061 + 0.00000 + 2.25560 + 7.27199]
 recall=[0.22470, 0.49045], precision=[0.30568, 0.17431],  f1=[0.23925, 0.24143], RMRR=[0.10535, 0.15178]
Epoch 490 [2.1s]: train==[6481.72379=6470.89696 + 1.28377 + 0.00000 + 2.25233 + 7.29074]
Epoch 491 [2.1s]: train==[6532.54892=6521.68317 + 1.28542 + 0.00000 + 2.24728 + 7.33303]
Epoch 492 [2.1s]: train==[6462.45770=6451.69125 + 1.28677 + 0.00000 + 2.23864 + 7.24108]
Epoch 493 [2.1s]: train==[6565.83397=6555.11002 + 1.28899 + 0.00000 + 2.23043 + 7.20447]
Epoch 494 [2.1s]: train==[6562.70790=6551.97881 + 1.29004 + 0.00000 + 2.22279 + 7.21626]
Epoch 495 [2.1s]: train==[6357.88393=6347.15178 + 1.29195 + 0.00000 + 2.21429 + 7.22592]
Epoch 496 [2.2s]: train==[6436.38069=6425.61797 + 1.29515 + 0.00000 + 2.21004 + 7.25750]
Epoch 497 [2.1s]: train==[6381.79866=6371.11052 + 1.29778 + 0.00000 + 2.20089 + 7.18948]
Epoch 498 [2.1s]: train==[6674.33908=6663.64932 + 1.29942 + 0.00000 + 2.19462 + 7.19572]
drop_flag:  True ,	 mess_dropout:  [0.0, 0.0]
rate_batch  torch.Size([1162, 753])
gt_count  8427
candidate_count  874986
ideal candidate count  874986
Epoch 499 [2.1s + 0.9s]: train==[6586.43576=6575.73352 + 1.30197 + 0.00000 + 2.18698 + 7.21334]
 recall=[0.22565, 0.48454], precision=[0.30258, 0.17336],  f1=[0.23789, 0.23978], RMRR=[0.10374, 0.14851]
Epoch 500 [2.1s]: train==[6443.69936=6433.00237 + 1.30396 + 0.00000 + 2.17508 + 7.21792]
Epoch 501 [2.1s]: train==[6657.25001=6646.65158 + 1.30603 + 0.00000 + 2.16555 + 7.12685]
Epoch 502 [2.1s]: train==[6193.25478=6182.57883 + 1.30885 + 0.00000 + 2.16568 + 7.20140]
Epoch 503 [2.1s]: train==[6449.53536=6438.89664 + 1.30917 + 0.00000 + 2.15994 + 7.16956]
Epoch 504 [2.1s]: train==[6159.48369=6148.90257 + 1.30825 + 0.00000 + 2.14779 + 7.12506]
Epoch 505 [2.1s]: train==[6352.64028=6342.03036 + 1.31337 + 0.00000 + 2.14604 + 7.15049]
Epoch 506 [2.1s]: train==[6361.21932=6350.60762 + 1.31417 + 0.00000 + 2.14331 + 7.15420]
Epoch 507 [2.1s]: train==[6313.82071=6303.25565 + 1.31721 + 0.00000 + 2.13411 + 7.11367]
Epoch 508 [2.1s]: train==[6318.67530=6308.12500 + 1.31961 + 0.00000 + 2.12993 + 7.10072]
drop_flag:  True ,	 mess_dropout:  [0.0, 0.0]
rate_batch  torch.Size([1162, 753])
gt_count  8427
candidate_count  874986
ideal candidate count  874986
Epoch 509 [2.2s + 0.9s]: train==[6311.06893=6300.54073 + 1.32190 + 0.00000 + 2.12019 + 7.08613]
 recall=[0.22290, 0.49158], precision=[0.30052, 0.17423],  f1=[0.23553, 0.24128], RMRR=[0.10595, 0.15262]
Epoch 510 [2.1s]: train==[6361.90121=6351.36314 + 1.32048 + 0.00000 + 2.11909 + 7.09848]
Epoch 511 [2.1s]: train==[6258.59153=6248.03395 + 1.32506 + 0.00000 + 2.11194 + 7.12066]
Epoch 512 [2.1s]: train==[6475.42033=6464.87854 + 1.32691 + 0.00000 + 2.10940 + 7.10550]
Epoch 513 [2.1s]: train==[6391.18905=6380.66252 + 1.32984 + 0.00000 + 2.10221 + 7.09449]
Epoch 514 [2.2s]: train==[6548.23774=6537.72914 + 1.33125 + 0.00000 + 2.09903 + 7.07833]
Epoch 515 [2.1s]: train==[6713.32648=6702.77800 + 1.33441 + 0.00000 + 2.08906 + 7.12491]
Epoch 516 [2.1s]: train==[6476.18214=6465.67970 + 1.33897 + 0.00000 + 2.07955 + 7.08393]
Epoch 517 [2.1s]: train==[6550.09900=6539.57840 + 1.33865 + 0.00000 + 2.07324 + 7.10875]
Epoch 518 [2.1s]: train==[6671.48716=6661.00359 + 1.34160 + 0.00000 + 2.07373 + 7.06821]
drop_flag:  True ,	 mess_dropout:  [0.0, 0.0]
rate_batch  torch.Size([1162, 753])
gt_count  8427
candidate_count  874986
ideal candidate count  874986
Epoch 519 [2.1s + 0.9s]: train==[6478.44489=6468.04576 + 1.34026 + 0.00000 + 2.06024 + 6.99867]
 recall=[0.22368, 0.49150], precision=[0.30413, 0.17384],  f1=[0.23809, 0.24093], RMRR=[0.10683, 0.15260]
Epoch 520 [2.1s]: train==[6563.33338=6552.84702 + 1.34350 + 0.00000 + 2.05636 + 7.08658]
Epoch 521 [2.1s]: train==[6358.47199=6348.03493 + 1.34450 + 0.00000 + 2.04862 + 7.04401]
Epoch 522 [2.1s]: train==[6506.00396=6495.58580 + 1.34891 + 0.00000 + 2.04487 + 7.02438]
Epoch 523 [2.1s]: train==[6495.81846=6485.34546 + 1.35040 + 0.00000 + 2.04461 + 7.07796]
Epoch 524 [2.1s]: train==[6231.57162=6221.15904 + 1.35089 + 0.00000 + 2.03514 + 7.02656]
Epoch 525 [2.1s]: train==[6535.79360=6525.27852 + 1.35709 + 0.00000 + 2.03980 + 7.11815]
Epoch 526 [2.2s]: train==[6429.04155=6418.65688 + 1.35498 + 0.00000 + 2.02914 + 7.00055]
Epoch 527 [2.1s]: train==[6419.28250=6408.92049 + 1.35687 + 0.00000 + 2.02600 + 6.97914]
Epoch 528 [2.1s]: train==[6166.78204=6156.36700 + 1.36036 + 0.00000 + 2.01616 + 7.03851]
drop_flag:  True ,	 mess_dropout:  [0.0, 0.0]
rate_batch  torch.Size([1162, 753])
gt_count  8427
candidate_count  874986
ideal candidate count  874986
Epoch 529 [2.1s + 0.9s]: train==[6337.54174=6327.16818 + 1.36062 + 0.00000 + 2.01567 + 6.99728]
 recall=[0.21820, 0.48521], precision=[0.29828, 0.17302],  f1=[0.23342, 0.23951], RMRR=[0.10674, 0.15239]
Epoch 530 [2.1s]: train==[6389.76653=6379.39348 + 1.36135 + 0.00000 + 2.01076 + 7.00095]
Epoch 531 [2.1s]: train==[6498.91220=6488.51978 + 1.36350 + 0.00000 + 2.00224 + 7.02672]
Epoch 532 [2.1s]: train==[6523.95864=6513.63739 + 1.36487 + 0.00000 + 1.99526 + 6.96106]
Epoch 533 [2.1s]: train==[6518.25346=6507.90659 + 1.36717 + 0.00000 + 1.99665 + 6.98310]
Epoch 534 [2.1s]: train==[6417.40029=6407.03319 + 1.36951 + 0.00000 + 1.98791 + 7.00963]
Epoch 535 [2.1s]: train==[6518.05106=6507.73595 + 1.37087 + 0.00000 + 1.98212 + 6.96210]
Epoch 536 [2.1s]: train==[6415.95500=6405.58661 + 1.37254 + 0.00000 + 1.97180 + 7.02406]
Epoch 537 [2.1s]: train==[6469.33915=6458.97362 + 1.37520 + 0.00000 + 1.97095 + 7.01935]
Epoch 538 [2.1s]: train==[6423.54039=6413.21637 + 1.37550 + 0.00000 + 1.95874 + 6.98972]
drop_flag:  True ,	 mess_dropout:  [0.0, 0.0]
rate_batch  torch.Size([1162, 753])
gt_count  8427
candidate_count  874986
ideal candidate count  874986
Epoch 539 [2.1s + 1.2s]: train==[6422.95491=6412.59485 + 1.37770 + 0.00000 + 1.96047 + 7.02184]
 recall=[0.22292, 0.48871], precision=[0.30241, 0.17311],  f1=[0.23682, 0.23983], RMRR=[0.10772, 0.15263]
Epoch 540 [2.3s]: train==[6342.20964=6331.83264 + 1.38109 + 0.00000 + 1.96515 + 7.03078]
Epoch 541 [2.2s]: train==[6234.17985=6223.78809 + 1.38191 + 0.00000 + 1.95711 + 7.05279]
Epoch 542 [2.0s]: train==[6274.49559=6264.16420 + 1.38469 + 0.00000 + 1.94547 + 7.00117]
Epoch 543 [2.1s]: train==[6415.32595=6405.00308 + 1.38410 + 0.00000 + 1.94837 + 6.99036]
Epoch 544 [2.2s]: train==[6249.69036=6239.36450 + 1.38518 + 0.00000 + 1.94136 + 6.99934]
Epoch 545 [2.1s]: train==[6251.88808=6241.59152 + 1.38871 + 0.00000 + 1.94037 + 6.96750]
Epoch 546 [2.1s]: train==[6521.04358=6510.78922 + 1.38651 + 0.00000 + 1.93083 + 6.93699]
Epoch 547 [2.1s]: train==[6486.81253=6476.53221 + 1.38995 + 0.00000 + 1.93092 + 6.95938]
Epoch 548 [2.1s]: train==[6501.41314=6491.15634 + 1.39248 + 0.00000 + 1.92422 + 6.94010]
drop_flag:  True ,	 mess_dropout:  [0.0, 0.0]
rate_batch  torch.Size([1162, 753])
gt_count  8427
candidate_count  874986
ideal candidate count  874986
Epoch 549 [2.1s + 0.9s]: train==[6441.88486=6431.63547 + 1.39634 + 0.00000 + 1.91851 + 6.93450]
 recall=[0.22200, 0.48983], precision=[0.30465, 0.17556],  f1=[0.23674, 0.24259], RMRR=[0.10668, 0.15219]
Epoch 550 [2.1s]: train==[6460.56320=6450.33281 + 1.39380 + 0.00000 + 1.91387 + 6.92267]
Epoch 551 [2.1s]: train==[6498.77638=6488.57397 + 1.39691 + 0.00000 + 1.91031 + 6.89520]
Epoch 552 [2.1s]: train==[6414.60250=6404.39066 + 1.39978 + 0.00000 + 1.90797 + 6.90411]
Epoch 553 [2.1s]: train==[6209.94805=6199.78862 + 1.39960 + 0.00000 + 1.90410 + 6.85576]
Epoch 554 [2.1s]: train==[6346.30378=6336.12680 + 1.40143 + 0.00000 + 1.89898 + 6.87656]
Epoch 555 [2.1s]: train==[6556.16821=6545.98750 + 1.40319 + 0.00000 + 1.89496 + 6.88255]
Epoch 556 [2.1s]: train==[6439.90823=6429.70872 + 1.40461 + 0.00000 + 1.89335 + 6.90155]
Epoch 557 [2.1s]: train==[6265.23350=6254.98126 + 1.40804 + 0.00000 + 1.89392 + 6.95022]
Epoch 558 [2.1s]: train==[6518.79447=6508.65778 + 1.40843 + 0.00000 + 1.88647 + 6.84176]
drop_flag:  True ,	 mess_dropout:  [0.0, 0.0]
rate_batch  torch.Size([1162, 753])
gt_count  8427
candidate_count  874986
ideal candidate count  874986
Epoch 559 [2.1s + 0.8s]: train==[6473.66532=6463.50243 + 1.41001 + 0.00000 + 1.88221 + 6.87069]
 recall=[0.22355, 0.48841], precision=[0.30120, 0.17345],  f1=[0.23656, 0.24014], RMRR=[0.10752, 0.15338]
Epoch 560 [2.1s]: train==[6303.92082=6293.79347 + 1.41246 + 0.00000 + 1.87782 + 6.83705]
Epoch 561 [2.1s]: train==[6493.25858=6483.11484 + 1.41283 + 0.00000 + 1.87421 + 6.85669]
Epoch 562 [2.1s]: train==[6206.10774=6195.97227 + 1.41507 + 0.00000 + 1.87375 + 6.84663]
Epoch 563 [2.0s]: train==[6307.17215=6297.07364 + 1.41832 + 0.00000 + 1.87179 + 6.80843]
Epoch 564 [2.1s]: train==[6468.40861=6458.31314 + 1.41884 + 0.00000 + 1.86584 + 6.81083]
Epoch 565 [2.0s]: train==[6235.03972=6224.95119 + 1.41982 + 0.00000 + 1.86165 + 6.80703]
Epoch 566 [2.0s]: train==[6454.83379=6444.73232 + 1.42315 + 0.00000 + 1.86085 + 6.81754]
Epoch 567 [2.1s]: train==[6185.95953=6175.78912 + 1.42360 + 0.00000 + 1.86217 + 6.88464]
Epoch 568 [2.0s]: train==[6427.31566=6417.15698 + 1.42843 + 0.00000 + 1.86062 + 6.86960]
drop_flag:  True ,	 mess_dropout:  [0.0, 0.0]
rate_batch  torch.Size([1162, 753])
gt_count  8427
candidate_count  874986
ideal candidate count  874986
Epoch 569 [2.1s + 0.8s]: train==[6254.06691=6243.93617 + 1.42694 + 0.00000 + 1.85325 + 6.85050]
 recall=[0.22715, 0.49490], precision=[0.30551, 0.17577],  f1=[0.23951, 0.24321], RMRR=[0.10833, 0.15497]
Epoch 570 [2.1s]: train==[6071.15750=6061.01619 + 1.42930 + 0.00000 + 1.85467 + 6.85731]
Epoch 571 [2.0s]: train==[6368.28574=6358.19873 + 1.43028 + 0.00000 + 1.84768 + 6.80907]
Epoch 572 [2.1s]: train==[6437.79290=6427.68723 + 1.43193 + 0.00000 + 1.84152 + 6.83218]
Epoch 573 [2.1s]: train==[6423.47629=6413.42332 + 1.43343 + 0.00000 + 1.83942 + 6.78005]
Epoch 574 [2.1s]: train==[6279.71195=6269.64644 + 1.43436 + 0.00000 + 1.83577 + 6.79540]
Epoch 575 [2.0s]: train==[6381.19804=6371.10135 + 1.43827 + 0.00000 + 1.83681 + 6.82154]
Epoch 576 [2.0s]: train==[6366.22977=6356.17725 + 1.43983 + 0.00000 + 1.83339 + 6.77927]
Epoch 577 [2.0s]: train==[6450.31727=6440.33113 + 1.44058 + 0.00000 + 1.82480 + 6.72076]
Epoch 578 [2.1s]: train==[6234.71740=6224.69106 + 1.44404 + 0.00000 + 1.82912 + 6.75318]
drop_flag:  True ,	 mess_dropout:  [0.0, 0.0]
rate_batch  torch.Size([1162, 753])
gt_count  8427
candidate_count  874986
ideal candidate count  874986
Epoch 579 [2.0s + 0.8s]: train==[6296.62777=6286.61742 + 1.44379 + 0.00000 + 1.81920 + 6.74735]
 recall=[0.22253, 0.49224], precision=[0.30120, 0.17358],  f1=[0.23561, 0.24095], RMRR=[0.10394, 0.15065]
Epoch 580 [2.1s]: train==[6335.27776=6325.24530 + 1.44348 + 0.00000 + 1.81962 + 6.76937]
Epoch 581 [2.0s]: train==[6550.76667=6540.76822 + 1.44314 + 0.00000 + 1.82257 + 6.73270]
Epoch 582 [2.1s]: train==[6247.18531=6237.16518 + 1.44877 + 0.00000 + 1.81678 + 6.75460]
Epoch 583 [2.1s]: train==[6475.90378=6465.86948 + 1.44935 + 0.00000 + 1.80950 + 6.77546]
Epoch 584 [2.1s]: train==[6023.97722=6013.98334 + 1.45016 + 0.00000 + 1.80911 + 6.73455]
Epoch 585 [2.1s]: train==[6449.89972=6439.92262 + 1.45329 + 0.00000 + 1.80777 + 6.71603]
Epoch 586 [2.1s]: train==[6470.26158=6460.25218 + 1.45616 + 0.00000 + 1.80623 + 6.74695]
Epoch 587 [2.1s]: train==[6285.57346=6275.59073 + 1.45784 + 0.00000 + 1.79991 + 6.72498]
Epoch 588 [2.1s]: train==[6436.83508=6426.86317 + 1.45848 + 0.00000 + 1.79668 + 6.71671]
drop_flag:  True ,	 mess_dropout:  [0.0, 0.0]
rate_batch  torch.Size([1162, 753])
gt_count  8427
candidate_count  874986
ideal candidate count  874986
Epoch 589 [2.0s + 0.8s]: train==[6432.22960=6422.30464 + 1.46012 + 0.00000 + 1.79052 + 6.67437]
 recall=[0.22627, 0.49551], precision=[0.30929, 0.17694],  f1=[0.24080, 0.24446], RMRR=[0.10921, 0.15556]
Epoch 590 [2.1s]: train==[6369.09710=6359.11264 + 1.45982 + 0.00000 + 1.78911 + 6.73549]
Epoch 591 [2.0s]: train==[6271.08771=6261.12538 + 1.46245 + 0.00000 + 1.78479 + 6.71505]
Epoch 592 [2.1s]: train==[6303.08272=6293.13210 + 1.46271 + 0.00000 + 1.78156 + 6.70634]
Epoch 593 [2.1s]: train==[6583.53122=6573.58499 + 1.46591 + 0.00000 + 1.77754 + 6.70281]
Epoch 594 [2.0s]: train==[6502.90804=6492.95744 + 1.46693 + 0.00000 + 1.77981 + 6.70391]
Epoch 595 [2.1s]: train==[6345.55531=6335.58615 + 1.46684 + 0.00000 + 1.77687 + 6.72548]
Epoch 596 [2.1s]: train==[6398.02138=6388.05197 + 1.46852 + 0.00000 + 1.77664 + 6.72426]
Epoch 597 [2.1s]: train==[6478.16357=6468.18176 + 1.46715 + 0.00000 + 1.76879 + 6.74583]
Epoch 598 [2.1s]: train==[6158.26720=6148.38741 + 1.47093 + 0.00000 + 1.76292 + 6.64595]
drop_flag:  True ,	 mess_dropout:  [0.0, 0.0]
rate_batch  torch.Size([1162, 753])
gt_count  8427
candidate_count  874986
ideal candidate count  874986
Epoch 599 [2.1s + 0.8s]: train==[6282.07312=6272.11868 + 1.47213 + 0.00000 + 1.76600 + 6.71624]
 recall=[0.21976, 0.49139], precision=[0.30258, 0.17513],  f1=[0.23528, 0.24213], RMRR=[0.10715, 0.15521]
Epoch 600 [2.1s]: train==[6392.57297=6382.65585 + 1.47265 + 0.00000 + 1.75856 + 6.68584]
Epoch 601 [2.1s]: train==[6472.28553=6462.37424 + 1.47751 + 0.00000 + 1.76000 + 6.67380]
Epoch 602 [2.1s]: train==[6384.21404=6374.28156 + 1.47652 + 0.00000 + 1.75721 + 6.69875]
Epoch 603 [2.0s]: train==[6454.26901=6444.35822 + 1.47514 + 0.00000 + 1.75304 + 6.68261]
Epoch 604 [2.0s]: train==[6293.40626=6283.53281 + 1.47636 + 0.00000 + 1.75596 + 6.64111]
Epoch 605 [2.1s]: train==[6301.53019=6291.64064 + 1.48002 + 0.00000 + 1.74596 + 6.66358]
Epoch 606 [2.0s]: train==[6349.26621=6339.37376 + 1.48567 + 0.00000 + 1.74572 + 6.66097]
Epoch 607 [2.1s]: train==[6368.25745=6358.39607 + 1.48508 + 0.00000 + 1.74478 + 6.63153]
Epoch 608 [2.1s]: train==[6445.72540=6435.81155 + 1.48625 + 0.00000 + 1.75016 + 6.67743]
drop_flag:  True ,	 mess_dropout:  [0.0, 0.0]
rate_batch  torch.Size([1162, 753])
gt_count  8427
candidate_count  874986
ideal candidate count  874986
Epoch 609 [2.1s + 0.8s]: train==[6365.99686=6356.08046 + 1.48752 + 0.00000 + 1.74216 + 6.68669]
 recall=[0.22340, 0.49828], precision=[0.30413, 0.17676],  f1=[0.23778, 0.24463], RMRR=[0.10815, 0.15663]
Epoch 610 [2.1s]: train==[6206.27412=6196.39192 + 1.48784 + 0.00000 + 1.74022 + 6.65416]
Epoch 611 [2.0s]: train==[6112.78831=6102.94589 + 1.48887 + 0.00000 + 1.73020 + 6.62338]
Epoch 612 [2.1s]: train==[6531.17703=6521.31123 + 1.49054 + 0.00000 + 1.73001 + 6.64521]
Epoch 613 [2.1s]: train==[6391.53364=6381.70126 + 1.49249 + 0.00000 + 1.72899 + 6.61081]
Epoch 614 [2.1s]: train==[6431.20225=6421.36247 + 1.49495 + 0.00000 + 1.72407 + 6.62070]
Epoch 615 [2.1s]: train==[6207.49684=6197.62691 + 1.49746 + 0.00000 + 1.72448 + 6.64804]
Epoch 616 [2.1s]: train==[6258.03861=6248.19305 + 1.49783 + 0.00000 + 1.72278 + 6.62500]
Epoch 617 [2.0s]: train==[6239.20703=6229.37386 + 1.49846 + 0.00000 + 1.71522 + 6.61951]
Epoch 618 [2.1s]: train==[6206.84532=6197.04355 + 1.49953 + 0.00000 + 1.71040 + 6.59181]
drop_flag:  True ,	 mess_dropout:  [0.0, 0.0]
rate_batch  torch.Size([1162, 753])
gt_count  8427
candidate_count  874986
ideal candidate count  874986
Epoch 619 [2.1s + 0.9s]: train==[6389.52967=6379.72525 + 1.49955 + 0.00000 + 1.71137 + 6.59349]
 recall=[0.22370, 0.49118], precision=[0.30224, 0.17491],  f1=[0.23778, 0.24197], RMRR=[0.10925, 0.15572]
Epoch 620 [2.1s]: train==[6430.61966=6420.79489 + 1.50217 + 0.00000 + 1.70463 + 6.61797]
Epoch 621 [2.0s]: train==[6466.53202=6456.63982 + 1.50413 + 0.00000 + 1.70563 + 6.68243]
Epoch 622 [2.1s]: train==[6511.00997=6501.19690 + 1.50347 + 0.00000 + 1.69804 + 6.61152]
Epoch 623 [2.1s]: train==[6469.08390=6459.25909 + 1.50390 + 0.00000 + 1.69841 + 6.62248]
Epoch 624 [2.1s]: train==[6713.00963=6703.23854 + 1.50481 + 0.00000 + 1.69581 + 6.57049]
Epoch 625 [2.1s]: train==[6487.89149=6478.11797 + 1.50799 + 0.00000 + 1.69653 + 6.56900]
Epoch 626 [2.1s]: train==[6371.86011=6362.04950 + 1.51220 + 0.00000 + 1.69685 + 6.60156]
Epoch 627 [2.0s]: train==[6183.38281=6173.52495 + 1.51315 + 0.00000 + 1.69628 + 6.64844]
Epoch 628 [2.0s]: train==[6133.13722=6123.27573 + 1.51423 + 0.00000 + 1.69318 + 6.65412]
drop_flag:  True ,	 mess_dropout:  [0.0, 0.0]
rate_batch  torch.Size([1162, 753])
gt_count  8427
candidate_count  874986
ideal candidate count  874986
Epoch 629 [2.0s + 0.8s]: train==[6441.96513=6432.16949 + 1.51363 + 0.00000 + 1.68448 + 6.59753]
 recall=[0.21899, 0.49190], precision=[0.30241, 0.17569],  f1=[0.23524, 0.24298], RMRR=[0.10533, 0.15471]
Epoch 630 [2.0s]: train==[6217.78942=6208.02202 + 1.51395 + 0.00000 + 1.68337 + 6.57012]
Epoch 631 [2.1s]: train==[6209.10606=6199.34019 + 1.51309 + 0.00000 + 1.68482 + 6.56792]
Epoch 632 [2.0s]: train==[6408.82514=6399.03778 + 1.51738 + 0.00000 + 1.67544 + 6.59450]
Epoch 633 [2.1s]: train==[6238.81326=6229.03662 + 1.52006 + 0.00000 + 1.67516 + 6.58151]
Epoch 634 [2.1s]: train==[6237.05954=6227.31996 + 1.52076 + 0.00000 + 1.67077 + 6.54802]
Epoch 635 [2.1s]: train==[6428.13897=6418.37392 + 1.52064 + 0.00000 + 1.66639 + 6.57803]
Epoch 636 [2.1s]: train==[6252.71990=6242.95987 + 1.52477 + 0.00000 + 1.67003 + 6.56521]
Epoch 637 [2.1s]: train==[6338.34215=6328.61678 + 1.52389 + 0.00000 + 1.66353 + 6.53791]
Epoch 638 [2.0s]: train==[6216.57720=6206.85646 + 1.52550 + 0.00000 + 1.66511 + 6.53006]
drop_flag:  True ,	 mess_dropout:  [0.0, 0.0]
rate_batch  torch.Size([1162, 753])
gt_count  8427
candidate_count  874986
ideal candidate count  874986
Epoch 639 [2.0s + 0.8s]: train==[6405.01092=6395.29646 + 1.52665 + 0.00000 + 1.66389 + 6.52393]
 recall=[0.22500, 0.49819], precision=[0.30637, 0.17715],  f1=[0.23914, 0.24513], RMRR=[0.10889, 0.15621]
Epoch 640 [2.1s]: train==[6318.45646=6308.75354 + 1.52686 + 0.00000 + 1.65881 + 6.51732]
Epoch 641 [2.0s]: train==[6201.00560=6191.30193 + 1.53240 + 0.00000 + 1.65367 + 6.51759]
Epoch 642 [2.1s]: train==[6308.04052=6298.32382 + 1.53124 + 0.00000 + 1.65329 + 6.53219]
Epoch 643 [2.0s]: train==[6351.95934=6342.27188 + 1.53209 + 0.00000 + 1.65114 + 6.50424]
Epoch 644 [2.0s]: train==[6261.58575=6251.89653 + 1.53273 + 0.00000 + 1.64760 + 6.50890]
Epoch 645 [2.1s]: train==[6522.37344=6512.67923 + 1.53521 + 0.00000 + 1.64604 + 6.51295]
Epoch 646 [2.0s]: train==[6317.30499=6307.62869 + 1.53692 + 0.00000 + 1.64151 + 6.49781]
Epoch 647 [2.1s]: train==[6501.48268=6491.79042 + 1.53789 + 0.00000 + 1.64059 + 6.51377]
Epoch 648 [2.1s]: train==[6143.79350=6134.07115 + 1.53743 + 0.00000 + 1.64087 + 6.54408]
drop_flag:  True ,	 mess_dropout:  [0.0, 0.0]
rate_batch  torch.Size([1162, 753])
gt_count  8427
candidate_count  874986
ideal candidate count  874986
Epoch 649 [2.1s + 0.8s]: train==[6321.48667=6311.79329 + 1.53937 + 0.00000 + 1.63823 + 6.51575]
 recall=[0.22614, 0.49117], precision=[0.30809, 0.17616],  f1=[0.24042, 0.24334], RMRR=[0.11046, 0.15860]
Epoch 650 [2.1s]: train==[6079.48074=6069.85095 + 1.54123 + 0.00000 + 1.63289 + 6.45568]
Epoch 651 [2.1s]: train==[6309.03295=6299.32988 + 1.54327 + 0.00000 + 1.64061 + 6.51921]
Epoch 652 [2.1s]: train==[6073.87438=6064.19673 + 1.54603 + 0.00000 + 1.63740 + 6.49420]
Epoch 653 [2.1s]: train==[6238.00340=6228.33661 + 1.54749 + 0.00000 + 1.63328 + 6.48599]
Epoch 654 [2.1s]: train==[6240.08511=6230.46315 + 1.54894 + 0.00000 + 1.62925 + 6.44374]
Epoch 655 [2.0s]: train==[5907.45901=5897.85777 + 1.54913 + 0.00000 + 1.62125 + 6.43082]
Epoch 656 [2.0s]: train==[6369.78193=6360.19159 + 1.54955 + 0.00000 + 1.61798 + 6.42278]
Epoch 657 [2.1s]: train==[6314.34325=6304.74013 + 1.54815 + 0.00000 + 1.61883 + 6.43613]
Epoch 658 [2.0s]: train==[6353.58174=6343.89816 + 1.55076 + 0.00000 + 1.62231 + 6.51053]
drop_flag:  True ,	 mess_dropout:  [0.0, 0.0]
rate_batch  torch.Size([1162, 753])
gt_count  8427
candidate_count  874986
ideal candidate count  874986
Epoch 659 [2.0s + 0.8s]: train==[6271.62992=6261.92891 + 1.55332 + 0.00000 + 1.61968 + 6.52798]
 recall=[0.22683, 0.49107], precision=[0.30637, 0.17513],  f1=[0.23992, 0.24216], RMRR=[0.10959, 0.15682]
Epoch 660 [2.1s]: train==[6444.49352=6434.84845 + 1.55714 + 0.00000 + 1.61274 + 6.47519]
Epoch 661 [2.1s]: train==[6438.88119=6429.17946 + 1.55775 + 0.00000 + 1.61337 + 6.53056]
Epoch 662 [2.1s]: train==[6263.94277=6254.28227 + 1.56133 + 0.00000 + 1.61513 + 6.48404]
Epoch 663 [2.1s]: train==[6097.92777=6088.31747 + 1.55839 + 0.00000 + 1.60994 + 6.44190]
Epoch 664 [2.0s]: train==[6371.20456=6361.58957 + 1.56067 + 0.00000 + 1.60625 + 6.44811]
Epoch 665 [2.1s]: train==[6134.35025=6124.75015 + 1.56146 + 0.00000 + 1.60508 + 6.43359]
Epoch 666 [2.1s]: train==[6265.60249=6256.00529 + 1.56454 + 0.00000 + 1.59843 + 6.43428]
Epoch 667 [2.1s]: train==[6185.46964=6175.90770 + 1.56464 + 0.00000 + 1.59804 + 6.39929]
Epoch 668 [2.1s]: train==[6137.88319=6128.28667 + 1.56825 + 0.00000 + 1.59492 + 6.43331]
drop_flag:  True ,	 mess_dropout:  [0.0, 0.0]
rate_batch  torch.Size([1162, 753])
gt_count  8427
candidate_count  874986
ideal candidate count  874986
Epoch 669 [2.1s + 0.8s]: train==[6192.60533=6182.97939 + 1.56999 + 0.00000 + 1.59650 + 6.45947]
 recall=[0.22070, 0.49150], precision=[0.29931, 0.17522],  f1=[0.23480, 0.24219], RMRR=[0.10790, 0.15533]
Epoch 670 [2.1s]: train==[6288.37041=6278.82114 + 1.56967 + 0.00000 + 1.59122 + 6.38842]
Epoch 671 [2.0s]: train==[6482.81315=6473.26456 + 1.56713 + 0.00000 + 1.58903 + 6.39241]
Epoch 672 [2.1s]: train==[6348.50649=6338.91681 + 1.56899 + 0.00000 + 1.58991 + 6.43080]
Epoch 673 [2.1s]: train==[6403.50779=6393.92705 + 1.56887 + 0.00000 + 1.58980 + 6.42209]
Epoch 674 [2.1s]: train==[6385.02240=6375.41687 + 1.57179 + 0.00000 + 1.58788 + 6.44576]
Epoch 675 [2.1s]: train==[6361.98207=6352.48032 + 1.57101 + 0.00000 + 1.58172 + 6.34903]
Epoch 676 [2.1s]: train==[6175.45241=6165.91260 + 1.57224 + 0.00000 + 1.58057 + 6.38705]
Epoch 677 [2.1s]: train==[6421.69318=6412.13274 + 1.57390 + 0.00000 + 1.57708 + 6.40944]
Epoch 678 [2.1s]: train==[6309.30707=6299.76370 + 1.57482 + 0.00000 + 1.57606 + 6.39245]
drop_flag:  True ,	 mess_dropout:  [0.0, 0.0]
rate_batch  torch.Size([1162, 753])
gt_count  8427
candidate_count  874986
ideal candidate count  874986
Epoch 679 [2.1s + 0.8s]: train==[6462.06330=6452.49590 + 1.57570 + 0.00000 + 1.57693 + 6.41483]
 recall=[0.22454, 0.48914], precision=[0.30516, 0.17440],  f1=[0.23841, 0.24112], RMRR=[0.10682, 0.15331]
Epoch 680 [2.1s]: train==[6374.03495=6364.47121 + 1.57884 + 0.00000 + 1.57771 + 6.40714]
Epoch 681 [2.1s]: train==[6409.14267=6399.61179 + 1.57771 + 0.00000 + 1.57177 + 6.38145]
Epoch 682 [2.1s]: train==[6224.51626=6214.87740 + 1.58255 + 0.00000 + 1.57682 + 6.47954]
Epoch 683 [2.1s]: train==[6377.40855=6367.84311 + 1.58267 + 0.00000 + 1.57052 + 6.41228]
Epoch 684 [2.1s]: train==[6428.19944=6418.64351 + 1.58494 + 0.00000 + 1.56662 + 6.40434]
Epoch 685 [2.1s]: train==[6178.99308=6169.44147 + 1.58772 + 0.00000 + 1.56406 + 6.39982]
Epoch 686 [2.1s]: train==[6314.31245=6304.75980 + 1.58425 + 0.00000 + 1.56522 + 6.40322]
Epoch 687 [2.1s]: train==[6210.03296=6200.49857 + 1.58767 + 0.00000 + 1.56095 + 6.38583]
Epoch 688 [2.1s]: train==[6149.27936=6139.79922 + 1.58755 + 0.00000 + 1.55585 + 6.33674]
drop_flag:  True ,	 mess_dropout:  [0.0, 0.0]
rate_batch  torch.Size([1162, 753])
gt_count  8427
candidate_count  874986
ideal candidate count  874986
Epoch 689 [2.1s + 0.8s]: train==[6118.91862=6109.35925 + 1.59390 + 0.00000 + 1.55899 + 6.40648]
 recall=[0.22585, 0.49155], precision=[0.30361, 0.17332],  f1=[0.23830, 0.24041], RMRR=[0.10984, 0.15641]
Epoch 690 [2.1s]: train==[6414.75604=6405.21979 + 1.59242 + 0.00000 + 1.56093 + 6.38290]
Epoch 691 [2.1s]: train==[6159.31485=6149.79483 + 1.58969 + 0.00000 + 1.55571 + 6.37456]
Epoch 692 [2.1s]: train==[6233.54620=6224.06676 + 1.58921 + 0.00000 + 1.55162 + 6.33862]
Epoch 693 [2.1s]: train==[6117.26495=6107.70332 + 1.59348 + 0.00000 + 1.55420 + 6.41395]
Epoch 694 [2.1s]: train==[6415.55117=6406.02667 + 1.59599 + 0.00000 + 1.55204 + 6.37647]
Epoch 695 [2.1s]: train==[6243.11875=6233.64159 + 1.59605 + 0.00000 + 1.55319 + 6.32790]
Epoch 696 [2.1s]: train==[6121.26364=6111.79967 + 1.59577 + 0.00000 + 1.54854 + 6.31972]
Epoch 697 [2.1s]: train==[6120.47345=6111.01466 + 1.59894 + 0.00000 + 1.54277 + 6.31706]
Epoch 698 [2.1s]: train==[6181.00268=6171.52405 + 1.59862 + 0.00000 + 1.54322 + 6.33677]
drop_flag:  True ,	 mess_dropout:  [0.0, 0.0]
rate_batch  torch.Size([1162, 753])
gt_count  8427
candidate_count  874986
ideal candidate count  874986
Epoch 699 [2.1s + 0.8s]: train==[6131.94600=6122.47340 + 1.60332 + 0.00000 + 1.54527 + 6.32406]
 recall=[0.22656, 0.49697], precision=[0.30568, 0.17715],  f1=[0.23967, 0.24483], RMRR=[0.11011, 0.15741]
Epoch 700 [2.1s]: train==[6285.86301=6276.38118 + 1.59957 + 0.00000 + 1.54171 + 6.34054]
Epoch 701 [2.0s]: train==[6431.39500=6421.93217 + 1.60202 + 0.00000 + 1.53320 + 6.32759]
Epoch 702 [2.1s]: train==[6280.22107=6270.68884 + 1.60447 + 0.00000 + 1.53271 + 6.39507]
Epoch 703 [2.1s]: train==[6047.34504=6037.81017 + 1.60610 + 0.00000 + 1.53259 + 6.39621]
Epoch 704 [2.1s]: train==[6180.36754=6170.93286 + 1.60583 + 0.00000 + 1.52981 + 6.29907]
Epoch 705 [2.0s]: train==[6333.47365=6324.04253 + 1.60734 + 0.00000 + 1.53108 + 6.29274]
Epoch 706 [2.0s]: train==[6234.02063=6224.53349 + 1.60905 + 0.00000 + 1.53261 + 6.34552]
Epoch 707 [2.1s]: train==[6469.51756=6460.08586 + 1.60900 + 0.00000 + 1.52938 + 6.29335]
Epoch 708 [2.1s]: train==[6124.85097=6115.40167 + 1.61284 + 0.00000 + 1.52563 + 6.31083]
drop_flag:  True ,	 mess_dropout:  [0.0, 0.0]
rate_batch  torch.Size([1162, 753])
gt_count  8427
candidate_count  874986
ideal candidate count  874986
Epoch 709 [2.1s + 0.8s]: train==[6070.89759=6061.46519 + 1.61532 + 0.00000 + 1.52836 + 6.28874]
 recall=[0.22759, 0.49585], precision=[0.30878, 0.17560],  f1=[0.24175, 0.24300], RMRR=[0.11298, 0.16107]
Epoch 710 [2.1s]: train==[6480.30592=6470.88931 + 1.61249 + 0.00000 + 1.52241 + 6.28169]
Epoch 711 [2.1s]: train==[6270.45559=6261.04210 + 1.61426 + 0.00000 + 1.52276 + 6.27647]
Epoch 712 [2.1s]: train==[6343.28070=6333.85858 + 1.61302 + 0.00000 + 1.51764 + 6.29148]
Epoch 713 [2.1s]: train==[6363.08883=6353.62054 + 1.61778 + 0.00000 + 1.51961 + 6.33089]
Epoch 714 [2.1s]: train==[6294.04865=6284.43826 + 1.61737 + 0.00000 + 1.51891 + 6.47415]
Epoch 715 [2.0s]: train==[6231.89861=6222.31053 + 1.61982 + 0.00000 + 1.51931 + 6.44896]
Epoch 716 [2.0s]: train==[6299.01272=6289.47084 + 1.62207 + 0.00000 + 1.51622 + 6.40366]
Epoch 717 [2.1s]: train==[6321.18307=6311.64145 + 1.62182 + 0.00000 + 1.51854 + 6.40130]
Epoch 718 [2.0s]: train==[6410.60077=6401.12825 + 1.62259 + 0.00000 + 1.50948 + 6.34044]
drop_flag:  True ,	 mess_dropout:  [0.0, 0.0]
rate_batch  torch.Size([1162, 753])
gt_count  8427
candidate_count  874986
ideal candidate count  874986
Epoch 719 [2.1s + 0.8s]: train==[6183.46557=6174.03120 + 1.62105 + 0.00000 + 1.50760 + 6.30577]
 recall=[0.22778, 0.49613], precision=[0.31239, 0.17728],  f1=[0.24325, 0.24490], RMRR=[0.11148, 0.15814]
Epoch 720 [2.0s]: train==[6186.81094=6177.39099 + 1.62441 + 0.00000 + 1.50568 + 6.28993]
Epoch 721 [2.0s]: train==[5992.57454=5983.10779 + 1.62382 + 0.00000 + 1.50342 + 6.33947]
Epoch 722 [2.0s]: train==[6364.23252=6354.79671 + 1.62619 + 0.00000 + 1.50300 + 6.30666]
Epoch 723 [2.1s]: train==[5986.33411=5976.93138 + 1.62657 + 0.00000 + 1.50242 + 6.27374]
Epoch 724 [2.1s]: train==[6194.20749=6184.85753 + 1.62963 + 0.00000 + 1.49788 + 6.22243]
Epoch 725 [2.1s]: train==[6450.46907=6441.11638 + 1.62832 + 0.00000 + 1.49857 + 6.22584]
Epoch 726 [2.1s]: train==[6099.12815=6089.75046 + 1.62912 + 0.00000 + 1.49596 + 6.25261]
Epoch 727 [2.1s]: train==[6162.60953=6153.20903 + 1.63033 + 0.00000 + 1.49507 + 6.27509]
Epoch 728 [2.1s]: train==[6194.99260=6185.58289 + 1.63421 + 0.00000 + 1.49342 + 6.28204]
drop_flag:  True ,	 mess_dropout:  [0.0, 0.0]
rate_batch  torch.Size([1162, 753])
gt_count  8427
candidate_count  874986
ideal candidate count  874986
Epoch 729 [2.1s + 0.8s]: train==[6386.19412=6376.83684 + 1.63395 + 0.00000 + 1.48985 + 6.23345]
 recall=[0.22440, 0.49716], precision=[0.30465, 0.17526],  f1=[0.23813, 0.24282], RMRR=[0.10521, 0.15195]
Epoch 730 [2.1s]: train==[6340.66822=6331.20338 + 1.63204 + 0.00000 + 1.49844 + 6.33441]
Epoch 731 [2.1s]: train==[6345.14063=6335.78911 + 1.63567 + 0.00000 + 1.48864 + 6.22723]
Epoch 732 [2.1s]: train==[6145.92487=6136.55231 + 1.63668 + 0.00000 + 1.48393 + 6.25197]
Epoch 733 [2.1s]: train==[6349.36616=6340.00774 + 1.63953 + 0.00000 + 1.48914 + 6.22976]
Epoch 734 [2.1s]: train==[6188.83339=6179.48405 + 1.63806 + 0.00000 + 1.48726 + 6.22404]
Epoch 735 [2.1s]: train==[6359.08641=6349.72939 + 1.63999 + 0.00000 + 1.48093 + 6.23615]
Epoch 736 [2.0s]: train==[6420.51001=6411.17795 + 1.64219 + 0.00000 + 1.47857 + 6.21131]
Epoch 737 [2.1s]: train==[6233.42873=6224.06453 + 1.64205 + 0.00000 + 1.48329 + 6.23887]
Epoch 738 [2.0s]: train==[6220.95999=6211.60805 + 1.64387 + 0.00000 + 1.48262 + 6.22552]
drop_flag:  True ,	 mess_dropout:  [0.0, 0.0]
rate_batch  torch.Size([1162, 753])
gt_count  8427
candidate_count  874986
ideal candidate count  874986
Epoch 739 [2.1s + 0.8s]: train==[6315.94228=6306.58618 + 1.64556 + 0.00000 + 1.48138 + 6.22912]
 recall=[0.23101, 0.49025], precision=[0.30998, 0.17483],  f1=[0.24339, 0.24152], RMRR=[0.11129, 0.15781]
Epoch 740 [2.1s]: train==[6119.06156=6109.71729 + 1.64496 + 0.00000 + 1.47919 + 6.22017]
Epoch 741 [2.0s]: train==[6379.64183=6370.30817 + 1.64340 + 0.00000 + 1.47272 + 6.21763]
Epoch 742 [2.1s]: train==[6149.64100=6140.26622 + 1.64827 + 0.00000 + 1.47905 + 6.24749]
Epoch 743 [2.1s]: train==[6498.61652=6489.33128 + 1.64350 + 0.00000 + 1.47219 + 6.16958]
Epoch 744 [2.1s]: train==[6182.48596=6173.16515 + 1.64919 + 0.00000 + 1.47278 + 6.19878]
Epoch 745 [2.1s]: train==[6397.82199=6388.51312 + 1.65050 + 0.00000 + 1.46990 + 6.18848]
Epoch 746 [2.1s]: train==[6274.08885=6264.70999 + 1.65376 + 0.00000 + 1.47518 + 6.24993]
Epoch 747 [2.1s]: train==[6256.99801=6247.66313 + 1.64986 + 0.00000 + 1.46801 + 6.21707]
Epoch 748 [2.1s]: train==[6428.80673=6419.48270 + 1.65896 + 0.00000 + 1.46584 + 6.19930]
drop_flag:  True ,	 mess_dropout:  [0.0, 0.0]
rate_batch  torch.Size([1162, 753])
gt_count  8427
candidate_count  874986
ideal candidate count  874986
Epoch 749 [2.1s + 0.8s]: train==[6328.94266=6319.57133 + 1.65366 + 0.00000 + 1.46868 + 6.24899]
 recall=[0.22677, 0.49505], precision=[0.30637, 0.17586],  f1=[0.23996, 0.24321], RMRR=[0.10693, 0.15342]
Epoch 750 [2.0s]: train==[6213.73818=6204.37340 + 1.65955 + 0.00000 + 1.47029 + 6.23494]
Epoch 751 [2.0s]: train==[6394.21821=6384.91316 + 1.65662 + 0.00000 + 1.45892 + 6.18947]
Epoch 752 [2.0s]: train==[6563.19688=6553.89270 + 1.65727 + 0.00000 + 1.46139 + 6.18546]
Epoch 753 [2.1s]: train==[6177.53311=6168.23482 + 1.65826 + 0.00000 + 1.45880 + 6.18123]
Epoch 754 [2.1s]: train==[6244.10385=6234.74702 + 1.65987 + 0.00000 + 1.45797 + 6.23894]
Epoch 755 [2.1s]: train==[6248.75162=6239.40353 + 1.66199 + 0.00000 + 1.45824 + 6.22787]
Epoch 756 [2.1s]: train==[6209.41614=6200.08238 + 1.66123 + 0.00000 + 1.45221 + 6.22036]
Epoch 757 [2.1s]: train==[6151.00905=6141.77419 + 1.66377 + 0.00000 + 1.44822 + 6.12295]
Epoch 758 [2.1s]: train==[5902.09737=5892.80943 + 1.66828 + 0.00000 + 1.44568 + 6.17399]
drop_flag:  True ,	 mess_dropout:  [0.0, 0.0]
rate_batch  torch.Size([1162, 753])
gt_count  8427
candidate_count  874986
ideal candidate count  874986
Epoch 759 [2.1s + 0.8s]: train==[5989.78312=5980.50510 + 1.66552 + 0.00000 + 1.44374 + 6.16878]
 recall=[0.23148, 0.49742], precision=[0.31377, 0.17565],  f1=[0.24565, 0.24316], RMRR=[0.11207, 0.15740]
Epoch 760 [2.1s]: train==[6335.94315=6326.61320 + 1.66897 + 0.00000 + 1.44570 + 6.21523]
Epoch 761 [2.0s]: train==[6002.00709=5992.71376 + 1.66597 + 0.00000 + 1.44304 + 6.18429]
Epoch 762 [2.1s]: train==[6077.46210=6068.15627 + 1.67217 + 0.00000 + 1.44664 + 6.18703]
Epoch 763 [2.1s]: train==[6332.42795=6323.12227 + 1.67212 + 0.00000 + 1.44687 + 6.18668]
Epoch 764 [2.1s]: train==[6437.59758=6428.28865 + 1.66978 + 0.00000 + 1.44405 + 6.19507]
Epoch 765 [2.1s]: train==[6401.08644=6391.75395 + 1.67582 + 0.00000 + 1.44287 + 6.21384]
Epoch 766 [2.1s]: train==[6315.27928=6305.99213 + 1.67274 + 0.00000 + 1.43959 + 6.17481]
Epoch 767 [2.0s]: train==[5985.16602=5975.88589 + 1.67676 + 0.00000 + 1.43528 + 6.16812]
Epoch 768 [2.0s]: train==[6273.20664=6263.95163 + 1.67575 + 0.00000 + 1.43674 + 6.14258]
drop_flag:  True ,	 mess_dropout:  [0.0, 0.0]
rate_batch  torch.Size([1162, 753])
gt_count  8427
candidate_count  874986
ideal candidate count  874986
Epoch 769 [2.1s + 0.8s]: train==[6387.62759=6378.40063 + 1.67881 + 0.00000 + 1.43185 + 6.11626]
 recall=[0.22833, 0.50100], precision=[0.31015, 0.17750],  f1=[0.24261, 0.24570], RMRR=[0.11076, 0.15846]
Epoch 770 [2.1s]: train==[6359.48752=6350.24455 + 1.67861 + 0.00000 + 1.43017 + 6.13416]
Epoch 771 [2.1s]: train==[6407.24979=6397.94237 + 1.68014 + 0.00000 + 1.43120 + 6.19610]
Epoch 772 [2.1s]: train==[6223.11657=6213.86499 + 1.68136 + 0.00000 + 1.43022 + 6.14002]
Epoch 773 [2.1s]: train==[6359.22914=6350.00792 + 1.67926 + 0.00000 + 1.43051 + 6.11144]
Epoch 774 [2.1s]: train==[6147.55377=6138.27779 + 1.67941 + 0.00000 + 1.43063 + 6.16593]
Epoch 775 [2.1s]: train==[6175.34790=6166.05408 + 1.68232 + 0.00000 + 1.42922 + 6.18230]
Epoch 776 [2.0s]: train==[6116.01577=6106.79517 + 1.68454 + 0.00000 + 1.42630 + 6.10975]
Epoch 777 [2.1s]: train==[6153.06537=6143.80585 + 1.68261 + 0.00000 + 1.42488 + 6.15205]
Epoch 778 [2.0s]: train==[6069.51536=6060.18781 + 1.68644 + 0.00000 + 1.42833 + 6.21280]
drop_flag:  True ,	 mess_dropout:  [0.0, 0.0]
rate_batch  torch.Size([1162, 753])
gt_count  8427
candidate_count  874986
ideal candidate count  874986
Epoch 779 [2.1s + 0.8s]: train==[6194.94136=6185.64526 + 1.68680 + 0.00000 + 1.42648 + 6.18283]
 recall=[0.22898, 0.49926], precision=[0.31566, 0.17844],  f1=[0.24496, 0.24640], RMRR=[0.11163, 0.15832]
Epoch 780 [2.1s]: train==[6141.54308=6132.29254 + 1.68676 + 0.00000 + 1.41921 + 6.14456]
Epoch 781 [2.1s]: train==[6217.13027=6207.88171 + 1.68895 + 0.00000 + 1.41838 + 6.14117]
Epoch 782 [2.0s]: train==[6313.79961=6304.55919 + 1.68812 + 0.00000 + 1.41554 + 6.13678]
Epoch 783 [2.1s]: train==[6221.51279=6212.30038 + 1.69015 + 0.00000 + 1.42349 + 6.09877]
Epoch 784 [2.1s]: train==[6186.83980=6177.61009 + 1.68856 + 0.00000 + 1.41694 + 6.12422]
Epoch 785 [2.0s]: train==[6237.10879=6227.93817 + 1.68966 + 0.00000 + 1.41056 + 6.07036]
Epoch 786 [2.1s]: train==[6299.66652=6290.46281 + 1.69294 + 0.00000 + 1.41415 + 6.09663]
Epoch 787 [2.1s]: train==[6271.02987=6261.79053 + 1.69329 + 0.00000 + 1.40643 + 6.13961]
Epoch 788 [2.1s]: train==[6151.06642=6141.81618 + 1.69645 + 0.00000 + 1.41079 + 6.14304]
drop_flag:  True ,	 mess_dropout:  [0.0, 0.0]
rate_batch  torch.Size([1162, 753])
gt_count  8427
candidate_count  874986
ideal candidate count  874986
Epoch 789 [2.1s + 0.8s]: train==[6344.26463=6335.07878 + 1.69404 + 0.00000 + 1.40822 + 6.08362]
 recall=[0.23119, 0.49446], precision=[0.31136, 0.17629],  f1=[0.24437, 0.24369], RMRR=[0.11294, 0.15972]
Epoch 790 [2.1s]: train==[6039.03913=6029.80614 + 1.69869 + 0.00000 + 1.40984 + 6.12448]
Epoch 791 [2.1s]: train==[6220.38909=6211.16048 + 1.69554 + 0.00000 + 1.40513 + 6.12800]
Epoch 792 [2.1s]: train==[6259.72745=6250.50206 + 1.69856 + 0.00000 + 1.40459 + 6.12230]
Epoch 793 [2.0s]: train==[6130.95683=6121.76581 + 1.70157 + 0.00000 + 1.40625 + 6.08323]
Epoch 794 [2.1s]: train==[6127.41459=6118.16418 + 1.70046 + 0.00000 + 1.40586 + 6.14417]
Epoch 795 [2.1s]: train==[6153.33848=6144.13582 + 1.69974 + 0.00000 + 1.39891 + 6.10400]
Epoch 796 [2.1s]: train==[6084.73446=6075.51057 + 1.70460 + 0.00000 + 1.40424 + 6.11504]
Epoch 797 [2.1s]: train==[6263.93256=6254.71130 + 1.70238 + 0.00000 + 1.40164 + 6.11721]
Epoch 798 [2.1s]: train==[6419.93220=6410.72981 + 1.70543 + 0.00000 + 1.39950 + 6.09748]
drop_flag:  True ,	 mess_dropout:  [0.0, 0.0]
rate_batch  torch.Size([1162, 753])
gt_count  8427
candidate_count  874986
ideal candidate count  874986
Epoch 799 [2.1s + 0.8s]: train==[6219.87542=6210.67296 + 1.70618 + 0.00000 + 1.39381 + 6.10248]
 recall=[0.23153, 0.49796], precision=[0.31429, 0.17676],  f1=[0.24611, 0.24452], RMRR=[0.11345, 0.15869]
Epoch 800 [2.1s]: train==[6016.06176=6006.87445 + 1.70447 + 0.00000 + 1.39723 + 6.08554]
Epoch 801 [2.1s]: train==[6032.58574=6023.41902 + 1.70677 + 0.00000 + 1.39468 + 6.06534]
Epoch 802 [2.1s]: train==[6188.20092=6178.99551 + 1.70928 + 0.00000 + 1.39670 + 6.09941]
Epoch 803 [2.1s]: train==[6187.44253=6178.25867 + 1.70757 + 0.00000 + 1.39273 + 6.08355]
Epoch 804 [2.1s]: train==[5990.24702=5981.05736 + 1.71163 + 0.00000 + 1.39203 + 6.08601]
Epoch 805 [2.1s]: train==[6249.65174=6240.48994 + 1.71555 + 0.00000 + 1.38850 + 6.05769]
Epoch 806 [2.1s]: train==[6252.67933=6243.55110 + 1.71020 + 0.00000 + 1.38618 + 6.03190]
Epoch 807 [2.1s]: train==[6051.26893=6042.09807 + 1.71179 + 0.00000 + 1.38581 + 6.07325]
Epoch 808 [2.1s]: train==[6275.01965=6265.91483 + 1.70809 + 0.00000 + 1.38179 + 6.01494]
drop_flag:  True ,	 mess_dropout:  [0.0, 0.0]
rate_batch  torch.Size([1162, 753])
gt_count  8427
candidate_count  874986
ideal candidate count  874986
Epoch 809 [2.1s + 0.8s]: train==[6151.02158=6141.85141 + 1.71006 + 0.00000 + 1.38469 + 6.07541]
 recall=[0.22589, 0.49973], precision=[0.31102, 0.17711],  f1=[0.24177, 0.24507], RMRR=[0.10601, 0.15211]
Epoch 810 [2.1s]: train==[5978.49957=5969.30322 + 1.71105 + 0.00000 + 1.38381 + 6.10147]
Epoch 811 [2.1s]: train==[6145.91062=6136.72412 + 1.71553 + 0.00000 + 1.38214 + 6.08884]
Epoch 812 [2.1s]: train==[6296.02601=6286.85242 + 1.71795 + 0.00000 + 1.37788 + 6.07773]
Epoch 813 [2.1s]: train==[6214.94602=6205.80537 + 1.71557 + 0.00000 + 1.37726 + 6.04783]
Epoch 814 [2.1s]: train==[6183.52842=6174.35912 + 1.72563 + 0.00000 + 1.37732 + 6.06629]
Epoch 815 [2.0s]: train==[6006.91828=5997.75674 + 1.72146 + 0.00000 + 1.37814 + 6.06185]
Epoch 816 [2.0s]: train==[6159.51901=6150.36504 + 1.72170 + 0.00000 + 1.37476 + 6.05750]
Epoch 817 [2.1s]: train==[6275.96283=6266.86696 + 1.72160 + 0.00000 + 1.37495 + 5.99931]
Epoch 818 [2.1s]: train==[5978.08001=5968.97069 + 1.71987 + 0.00000 + 1.37607 + 6.01339]
drop_flag:  True ,	 mess_dropout:  [0.0, 0.0]
rate_batch  torch.Size([1162, 753])
gt_count  8427
candidate_count  874986
ideal candidate count  874986
Epoch 819 [2.1s + 0.8s]: train==[6174.31948=6165.24574 + 1.72235 + 0.00000 + 1.37146 + 5.97992]
 recall=[0.23378, 0.50091], precision=[0.31497, 0.17818],  f1=[0.24656, 0.24629], RMRR=[0.11046, 0.15811]
Epoch 820 [2.0s]: train==[6213.17616=6204.03413 + 1.72217 + 0.00000 + 1.37535 + 6.04451]
Epoch 821 [2.1s]: train==[6287.75641=6278.63287 + 1.72389 + 0.00000 + 1.37331 + 6.02640]
Epoch 822 [2.1s]: train==[5891.69243=5882.59940 + 1.72397 + 0.00000 + 1.37031 + 5.99871]
Epoch 823 [2.1s]: train==[6266.48251=6257.39426 + 1.72551 + 0.00000 + 1.36245 + 6.00026]
Epoch 824 [2.1s]: train==[6138.58166=6129.48694 + 1.72576 + 0.00000 + 1.36246 + 6.00649]
Epoch 825 [2.1s]: train==[6240.20534=6231.10367 + 1.72586 + 0.00000 + 1.36253 + 6.01324]
Epoch 826 [2.1s]: train==[6234.63045=6225.51561 + 1.72989 + 0.00000 + 1.36050 + 6.02443]
Epoch 827 [2.1s]: train==[6200.07839=6190.94212 + 1.73016 + 0.00000 + 1.36324 + 6.04284]
Epoch 828 [2.0s]: train==[6340.78132=6331.65045 + 1.73099 + 0.00000 + 1.36394 + 6.03587]
drop_flag:  True ,	 mess_dropout:  [0.0, 0.0]
rate_batch  torch.Size([1162, 753])
gt_count  8427
candidate_count  874986
ideal candidate count  874986
Epoch 829 [2.1s + 0.8s]: train==[6070.37932=6061.28268 + 1.72980 + 0.00000 + 1.35670 + 6.01020]
 recall=[0.23048, 0.50515], precision=[0.31222, 0.18012],  f1=[0.24379, 0.24894], RMRR=[0.11223, 0.15976]
Epoch 830 [2.1s]: train==[5785.36363=5776.23668 + 1.73388 + 0.00000 + 1.35659 + 6.03639]
Epoch 831 [2.1s]: train==[6280.18021=6271.01202 + 1.73249 + 0.00000 + 1.36143 + 6.07431]
Epoch 832 [2.1s]: train==[6200.80400=6191.60834 + 1.73054 + 0.00000 + 1.36784 + 6.09726]
Epoch 833 [2.0s]: train==[6254.81640=6245.64282 + 1.74025 + 0.00000 + 1.36556 + 6.06776]
Epoch 834 [2.1s]: train==[5982.91758=5973.76649 + 1.73574 + 0.00000 + 1.36232 + 6.05293]
Epoch 835 [2.0s]: train==[6149.81358=6140.62914 + 1.73452 + 0.00000 + 1.36334 + 6.08659]
Epoch 836 [2.1s]: train==[6078.38883=6069.24886 + 1.73492 + 0.00000 + 1.35787 + 6.04718]
Epoch 837 [2.1s]: train==[6470.94011=6461.74220 + 1.73631 + 0.00000 + 1.36332 + 6.09821]
Epoch 838 [2.1s]: train==[6245.88176=6236.74713 + 1.73838 + 0.00000 + 1.35654 + 6.03972]
drop_flag:  True ,	 mess_dropout:  [0.0, 0.0]
rate_batch  torch.Size([1162, 753])
gt_count  8427
candidate_count  874986
ideal candidate count  874986
Epoch 839 [2.0s + 0.8s]: train==[6147.06609=6137.87933 + 1.74040 + 0.00000 + 1.35742 + 6.08898]
 recall=[0.23541, 0.50014], precision=[0.31910, 0.17948],  f1=[0.24992, 0.24773], RMRR=[0.11390, 0.15966]
Epoch 840 [2.1s]: train==[6083.09715=6073.97041 + 1.74018 + 0.00000 + 1.35667 + 6.02993]
Epoch 841 [2.1s]: train==[6175.68704=6166.58122 + 1.73968 + 0.00000 + 1.35190 + 6.01417]
Epoch 842 [2.1s]: train==[6225.01523=6215.88107 + 1.74385 + 0.00000 + 1.35003 + 6.04032]
Epoch 843 [2.0s]: train==[6381.93452=6372.85876 + 1.74517 + 0.00000 + 1.34726 + 5.98325]
Epoch 844 [2.1s]: train==[5979.30638=5970.16353 + 1.74271 + 0.00000 + 1.34594 + 6.05426]
Epoch 845 [2.1s]: train==[6227.86116=6218.74680 + 1.74242 + 0.00000 + 1.34625 + 6.02569]
Epoch 846 [2.1s]: train==[6235.37070=6226.27020 + 1.74486 + 0.00000 + 1.34210 + 6.01352]
Epoch 847 [2.1s]: train==[6196.80943=6187.68248 + 1.74855 + 0.00000 + 1.34618 + 6.03219]
Epoch 848 [2.1s]: train==[6376.37198=6367.30664 + 1.74752 + 0.00000 + 1.33995 + 5.97788]
drop_flag:  True ,	 mess_dropout:  [0.0, 0.0]
rate_batch  torch.Size([1162, 753])
gt_count  8427
candidate_count  874986
ideal candidate count  874986
Epoch 849 [2.1s + 0.8s]: train==[6155.65761=6146.58598 + 1.74887 + 0.00000 + 1.33997 + 5.98277]
 recall=[0.23210, 0.50409], precision=[0.31291, 0.17909],  f1=[0.24515, 0.24772], RMRR=[0.11233, 0.15939]
Epoch 850 [2.1s]: train==[6348.24855=6339.13112 + 1.75454 + 0.00000 + 1.34282 + 6.02006]
Epoch 851 [2.1s]: train==[6066.64079=6057.54913 + 1.74901 + 0.00000 + 1.34301 + 5.99959]
Epoch 852 [2.1s]: train==[6253.53317=6244.45213 + 1.75088 + 0.00000 + 1.34121 + 5.98897]
Epoch 853 [2.0s]: train==[6139.60866=6130.49577 + 1.75315 + 0.00000 + 1.34276 + 6.01708]
Epoch 854 [2.1s]: train==[6018.78354=6009.68919 + 1.75263 + 0.00000 + 1.33956 + 6.00218]
Epoch 855 [2.1s]: train==[6301.25341=6292.17509 + 1.75528 + 0.00000 + 1.33911 + 5.98389]
Epoch 856 [2.0s]: train==[6233.26506=6224.17134 + 1.75266 + 0.00000 + 1.33619 + 6.00486]
Epoch 857 [2.1s]: train==[6218.85318=6209.74792 + 1.75017 + 0.00000 + 1.34095 + 6.01409]
Epoch 858 [2.0s]: train==[6257.18473=6248.08131 + 1.75205 + 0.00000 + 1.33742 + 6.01393]
drop_flag:  True ,	 mess_dropout:  [0.0, 0.0]
rate_batch  torch.Size([1162, 753])
gt_count  8427
candidate_count  874986
ideal candidate count  874986
Epoch 859 [2.1s + 0.9s]: train==[6333.61644=6324.54247 + 1.75242 + 0.00000 + 1.33397 + 5.98758]
 recall=[0.23212, 0.50156], precision=[0.31532, 0.17973],  f1=[0.24607, 0.24825], RMRR=[0.11308, 0.15947]
Epoch 860 [2.1s]: train==[6282.52803=6273.47128 + 1.75317 + 0.00000 + 1.32822 + 5.97538]
Epoch 861 [2.1s]: train==[6251.23170=6242.19156 + 1.75736 + 0.00000 + 1.32938 + 5.95343]
Epoch 862 [2.1s]: train==[6051.95121=6042.91722 + 1.76144 + 0.00000 + 1.32672 + 5.94584]
Epoch 863 [2.1s]: train==[6290.27399=6281.26294 + 1.75867 + 0.00000 + 1.32366 + 5.92871]
Epoch 864 [2.0s]: train==[6213.80639=6204.73225 + 1.75889 + 0.00000 + 1.32953 + 5.98569]
Epoch 865 [2.1s]: train==[6225.48282=6216.44493 + 1.76276 + 0.00000 + 1.32695 + 5.94822]
Epoch 866 [2.1s]: train==[6061.14336=6052.06967 + 1.75941 + 0.00000 + 1.32454 + 5.98972]
Epoch 867 [2.1s]: train==[6170.73994=6161.73221 + 1.76441 + 0.00000 + 1.31976 + 5.92359]
Epoch 868 [2.1s]: train==[6265.08142=6256.08282 + 1.76414 + 0.00000 + 1.31859 + 5.91586]
drop_flag:  True ,	 mess_dropout:  [0.0, 0.0]
rate_batch  torch.Size([1162, 753])
gt_count  8427
candidate_count  874986
ideal candidate count  874986
Epoch 869 [2.1s + 0.8s]: train==[6257.71877=6248.69304 + 1.76445 + 0.00000 + 1.31664 + 5.94467]
 recall=[0.23177, 0.50413], precision=[0.31515, 0.17943],  f1=[0.24563, 0.24801], RMRR=[0.11262, 0.16051]
Epoch 870 [2.0s]: train==[6244.01879=6234.97620 + 1.76669 + 0.00000 + 1.31459 + 5.96131]
Epoch 871 [2.1s]: train==[5951.28995=5942.25650 + 1.76481 + 0.00000 + 1.31748 + 5.95117]
Epoch 872 [2.0s]: train==[5979.47885=5970.46974 + 1.76472 + 0.00000 + 1.31375 + 5.93065]
Epoch 873 [2.0s]: train==[6219.43468=6210.43959 + 1.76410 + 0.00000 + 1.31737 + 5.91372]
Epoch 874 [2.0s]: train==[6076.48627=6067.50528 + 1.76928 + 0.00000 + 1.31773 + 5.89394]
Epoch 875 [2.1s]: train==[6093.16857=6084.17931 + 1.77377 + 0.00000 + 1.31580 + 5.89975]
Epoch 876 [2.0s]: train==[6132.98091=6123.99658 + 1.76970 + 0.00000 + 1.31536 + 5.89929]
Epoch 877 [2.1s]: train==[6195.38212=6186.38460 + 1.76590 + 0.00000 + 1.31126 + 5.92032]
Epoch 878 [2.0s]: train==[6257.88959=6248.93268 + 1.76620 + 0.00000 + 1.30925 + 5.88149]
drop_flag:  True ,	 mess_dropout:  [0.0, 0.0]
rate_batch  torch.Size([1162, 753])
gt_count  8427
candidate_count  874986
ideal candidate count  874986
Epoch 879 [2.0s + 0.8s]: train==[6291.60989=6282.60948 + 1.76862 + 0.00000 + 1.30951 + 5.92227]
 recall=[0.23301, 0.50155], precision=[0.31652, 0.17874],  f1=[0.24746, 0.24704], RMRR=[0.11207, 0.15879]
Epoch 880 [2.0s]: train==[6325.28498=6316.26991 + 1.77098 + 0.00000 + 1.30928 + 5.93482]
Epoch 881 [2.0s]: train==[6288.82180=6279.81964 + 1.77399 + 0.00000 + 1.30821 + 5.91993]
Epoch 882 [2.1s]: train==[6208.46235=6199.51865 + 1.77357 + 0.00000 + 1.30395 + 5.86614]
Epoch 883 [2.0s]: train==[6164.82412=6155.84831 + 1.77328 + 0.00000 + 1.30735 + 5.89520]
Epoch 884 [2.0s]: train==[6173.23506=6164.26468 + 1.77236 + 0.00000 + 1.30322 + 5.89480]
Epoch 885 [2.0s]: train==[6184.10326=6175.13818 + 1.77531 + 0.00000 + 1.30189 + 5.88786]
Epoch 886 [2.0s]: train==[6242.93630=6233.96327 + 1.77728 + 0.00000 + 1.30685 + 5.88891]
Epoch 887 [2.0s]: train==[6050.78250=6041.83418 + 1.77890 + 0.00000 + 1.29907 + 5.87034]
Epoch 888 [2.0s]: train==[6085.62321=6076.65401 + 1.77515 + 0.00000 + 1.30497 + 5.88907]
drop_flag:  True ,	 mess_dropout:  [0.0, 0.0]
rate_batch  torch.Size([1162, 753])
gt_count  8427
candidate_count  874986
ideal candidate count  874986
Epoch 889 [2.0s + 0.8s]: train==[6194.48243=6185.54204 + 1.77633 + 0.00000 + 1.29925 + 5.86480]
 recall=[0.23535, 0.50192], precision=[0.31893, 0.17836],  f1=[0.24885, 0.24657], RMRR=[0.11401, 0.16064]
Epoch 890 [2.0s]: train==[6204.26864=6195.34845 + 1.78006 + 0.00000 + 1.29598 + 5.84412]
Epoch 891 [2.1s]: train==[6060.16566=6051.17802 + 1.78250 + 0.00000 + 1.29793 + 5.90716]
Epoch 892 [2.0s]: train==[6245.00360=6236.04053 + 1.77541 + 0.00000 + 1.29283 + 5.89484]
Epoch 893 [2.1s]: train==[6179.86146=6170.89461 + 1.78102 + 0.00000 + 1.29279 + 5.89299]
Epoch 894 [2.1s]: train==[6318.95807=6310.01553 + 1.77796 + 0.00000 + 1.29056 + 5.87401]
Epoch 895 [2.1s]: train==[6150.31785=6141.30513 + 1.77678 + 0.00000 + 1.29619 + 5.93978]
Epoch 896 [2.1s]: train==[6199.68182=6190.72842 + 1.77964 + 0.00000 + 1.29333 + 5.88046]
Epoch 897 [2.0s]: train==[6284.81703=6275.83276 + 1.78602 + 0.00000 + 1.29698 + 5.90133]
Epoch 898 [2.1s]: train==[5983.34799=5974.41162 + 1.78578 + 0.00000 + 1.29223 + 5.85842]
drop_flag:  True ,	 mess_dropout:  [0.0, 0.0]
rate_batch  torch.Size([1162, 753])
gt_count  8427
candidate_count  874986
ideal candidate count  874986
Epoch 899 [2.1s + 0.8s]: train==[6268.78493=6259.88945 + 1.78360 + 0.00000 + 1.28821 + 5.82365]
 recall=[0.23013, 0.50780], precision=[0.31480, 0.18133],  f1=[0.24497, 0.25043], RMRR=[0.11304, 0.16054]
Epoch 900 [2.0s]: train==[6134.10981=6125.17543 + 1.78583 + 0.00000 + 1.29128 + 5.85729]
Epoch 901 [2.0s]: train==[6091.54751=6082.60471 + 1.79045 + 0.00000 + 1.28706 + 5.86532]
Epoch 902 [2.1s]: train==[6163.86915=6154.94002 + 1.78749 + 0.00000 + 1.28985 + 5.85180]
Epoch 903 [2.1s]: train==[6268.17288=6259.24170 + 1.79145 + 0.00000 + 1.28991 + 5.84975]
Epoch 904 [2.0s]: train==[6322.33127=6313.37276 + 1.79144 + 0.00000 + 1.28710 + 5.88002]
Epoch 905 [2.1s]: train==[6099.31891=6090.38632 + 1.78939 + 0.00000 + 1.28111 + 5.86212]
Epoch 906 [2.1s]: train==[6345.51870=6336.60417 + 1.79213 + 0.00000 + 1.28170 + 5.84067]
Epoch 907 [2.1s]: train==[6068.79994=6059.86914 + 1.79338 + 0.00000 + 1.28242 + 5.85497]
Epoch 908 [2.1s]: train==[6149.32168=6140.39711 + 1.79248 + 0.00000 + 1.28164 + 5.85047]
drop_flag:  True ,	 mess_dropout:  [0.0, 0.0]
rate_batch  torch.Size([1162, 753])
gt_count  8427
candidate_count  874986
ideal candidate count  874986
Epoch 909 [2.0s + 0.8s]: train==[6216.66744=6207.76591 + 1.78841 + 0.00000 + 1.28294 + 5.83019]
 recall=[0.23151, 0.50370], precision=[0.31256, 0.17965],  f1=[0.24491, 0.24856], RMRR=[0.11226, 0.16096]
Epoch 910 [2.1s]: train==[6383.32219=6374.40936 + 1.79517 + 0.00000 + 1.28086 + 5.83673]
Epoch 911 [2.0s]: train==[6055.97468=6047.08948 + 1.79238 + 0.00000 + 1.27587 + 5.81696]
Epoch 912 [2.0s]: train==[6046.79538=6037.95041 + 1.78936 + 0.00000 + 1.27229 + 5.78334]
Epoch 913 [2.0s]: train==[6159.51567=6150.61607 + 1.79611 + 0.00000 + 1.28111 + 5.82238]
Epoch 914 [2.0s]: train==[6242.51261=6233.61443 + 1.79726 + 0.00000 + 1.27919 + 5.82171]
Epoch 915 [2.1s]: train==[6132.67765=6123.76721 + 1.80094 + 0.00000 + 1.27484 + 5.83470]
Epoch 916 [2.0s]: train==[6091.91085=6082.92200 + 1.80180 + 0.00000 + 1.27943 + 5.90762]
Epoch 917 [2.0s]: train==[6389.09133=6380.16893 + 1.79536 + 0.00000 + 1.27349 + 5.85362]
Epoch 918 [2.0s]: train==[6257.18415=6248.22324 + 1.79957 + 0.00000 + 1.27400 + 5.88739]
drop_flag:  True ,	 mess_dropout:  [0.0, 0.0]
rate_batch  torch.Size([1162, 753])
gt_count  8427
candidate_count  874986
ideal candidate count  874986
Epoch 919 [2.1s + 0.8s]: train==[6250.17222=6241.20427 + 1.79910 + 0.00000 + 1.27507 + 5.89379]
 recall=[0.23259, 0.50056], precision=[0.31532, 0.17836],  f1=[0.24696, 0.24660], RMRR=[0.11517, 0.16279]
Epoch 920 [2.0s]: train==[6393.64357=6384.67505 + 1.79744 + 0.00000 + 1.27208 + 5.89900]
Epoch 921 [2.1s]: train==[5798.69632=5789.79146 + 1.79870 + 0.00000 + 1.27334 + 5.83283]
Epoch 922 [2.1s]: train==[6221.71141=6212.81284 + 1.80322 + 0.00000 + 1.26885 + 5.82654]
Epoch 923 [2.1s]: train==[6063.24608=6054.32422 + 1.80457 + 0.00000 + 1.26939 + 5.84789]
Epoch 924 [2.0s]: train==[6031.95957=6023.03012 + 1.80145 + 0.00000 + 1.26805 + 5.85996]
Epoch 925 [2.0s]: train==[6251.44667=6242.52376 + 1.80228 + 0.00000 + 1.26712 + 5.85349]
Epoch 926 [2.1s]: train==[6190.59882=6181.65125 + 1.80368 + 0.00000 + 1.26652 + 5.87742]
Epoch 927 [2.0s]: train==[6319.48765=6310.55177 + 1.80338 + 0.00000 + 1.26845 + 5.86404]
Epoch 928 [2.1s]: train==[6054.75541=6045.78505 + 1.79939 + 0.00000 + 1.26833 + 5.90265]
drop_flag:  True ,	 mess_dropout:  [0.0, 0.0]
rate_batch  torch.Size([1162, 753])
gt_count  8427
candidate_count  874986
ideal candidate count  874986
Epoch 929 [2.1s + 0.8s]: train==[6309.20796=6300.26024 + 1.80131 + 0.00000 + 1.26776 + 5.87866]
 recall=[0.23641, 0.50434], precision=[0.31859, 0.17995],  f1=[0.24950, 0.24860], RMRR=[0.11370, 0.16136]
Epoch 930 [2.1s]: train==[6131.53441=6122.57149 + 1.80890 + 0.00000 + 1.26689 + 5.88717]
Epoch 931 [2.1s]: train==[6174.50944=6165.59349 + 1.80516 + 0.00000 + 1.26003 + 5.85075]
Epoch 932 [2.0s]: train==[5956.49742=5947.58372 + 1.80794 + 0.00000 + 1.26038 + 5.84534]
Epoch 933 [2.0s]: train==[6009.51647=6000.62573 + 1.80717 + 0.00000 + 1.25754 + 5.82604]
Epoch 934 [2.0s]: train==[6108.50005=6099.57977 + 1.80450 + 0.00000 + 1.26377 + 5.85201]
Epoch 935 [2.0s]: train==[6240.82279=6231.91174 + 1.80704 + 0.00000 + 1.26125 + 5.84271]
Epoch 936 [2.0s]: train==[6074.09654=6065.17969 + 1.80914 + 0.00000 + 1.26027 + 5.84741]
Epoch 937 [2.1s]: train==[6125.09431=6116.20541 + 1.80746 + 0.00000 + 1.25583 + 5.82556]
Epoch 938 [2.1s]: train==[6174.36444=6165.49608 + 1.80470 + 0.00000 + 1.25348 + 5.81021]
drop_flag:  True ,	 mess_dropout:  [0.0, 0.0]
rate_batch  torch.Size([1162, 753])
gt_count  8427
candidate_count  874986
ideal candidate count  874986
Epoch 939 [2.1s + 0.8s]: train==[5978.78267=5969.94572 + 1.80819 + 0.00000 + 1.24625 + 5.78244]
 recall=[0.23277, 0.50218], precision=[0.31515, 0.17939],  f1=[0.24649, 0.24791], RMRR=[0.11009, 0.15488]
Epoch 940 [2.1s]: train==[6050.92905=6042.08759 + 1.81095 + 0.00000 + 1.25262 + 5.77790]
Epoch 941 [2.0s]: train==[6177.40254=6168.54071 + 1.81226 + 0.00000 + 1.25154 + 5.79802]
Epoch 942 [2.0s]: train==[6006.60830=5997.73904 + 1.81071 + 0.00000 + 1.24972 + 5.80884]
Epoch 943 [2.0s]: train==[6179.55381=6170.64572 + 1.81223 + 0.00000 + 1.25231 + 5.84356]
Epoch 944 [2.1s]: train==[6006.24628=5997.32680 + 1.80942 + 0.00000 + 1.25151 + 5.85857]
Epoch 945 [2.0s]: train==[6079.84675=6070.93759 + 1.81381 + 0.00000 + 1.25238 + 5.84299]
Epoch 946 [2.0s]: train==[6015.07397=6006.17050 + 1.81331 + 0.00000 + 1.25114 + 5.83900]
Epoch 947 [2.0s]: train==[6007.87036=5998.98550 + 1.81344 + 0.00000 + 1.24854 + 5.82284]
Epoch 948 [2.1s]: train==[6029.41811=6020.58775 + 1.81190 + 0.00000 + 1.24785 + 5.77063]
drop_flag:  True ,	 mess_dropout:  [0.0, 0.0]
rate_batch  torch.Size([1162, 753])
gt_count  8427
candidate_count  874986
ideal candidate count  874986
Epoch 949 [2.1s + 0.8s]: train==[6270.64587=6261.76416 + 1.81854 + 0.00000 + 1.24705 + 5.81612]
 recall=[0.23024, 0.50269], precision=[0.31102, 0.17904],  f1=[0.24322, 0.24725], RMRR=[0.10972, 0.15931]
Epoch 950 [2.0s]: train==[6042.64817=6033.75377 + 1.81736 + 0.00000 + 1.24986 + 5.82713]
Epoch 951 [2.0s]: train==[6211.55708=6202.67970 + 1.81577 + 0.00000 + 1.24770 + 5.81391]
Epoch 952 [2.1s]: train==[6074.05818=6065.24777 + 1.81668 + 0.00000 + 1.24182 + 5.75192]
Epoch 953 [2.1s]: train==[6122.72265=6113.88176 + 1.81624 + 0.00000 + 1.24493 + 5.77968]
Epoch 954 [2.1s]: train==[6258.90304=6250.03999 + 1.81961 + 0.00000 + 1.24351 + 5.79984]
Epoch 955 [2.1s]: train==[5908.49066=5899.64116 + 1.82018 + 0.00000 + 1.24298 + 5.78630]
Epoch 956 [2.0s]: train==[6192.46215=6183.61081 + 1.82028 + 0.00000 + 1.24287 + 5.78819]
Epoch 957 [2.0s]: train==[6104.59556=6095.73784 + 1.82088 + 0.00000 + 1.24052 + 5.79636]
Epoch 958 [2.0s]: train==[6261.47030=6252.67439 + 1.82161 + 0.00000 + 1.24116 + 5.73311]
drop_flag:  True ,	 mess_dropout:  [0.0, 0.0]
rate_batch  torch.Size([1162, 753])
gt_count  8427
candidate_count  874986
ideal candidate count  874986
Epoch 959 [2.0s + 0.8s]: train==[6152.68676=6143.87549 + 1.82323 + 0.00000 + 1.23778 + 5.75025]
 recall=[0.23219, 0.50483], precision=[0.31583, 0.17991],  f1=[0.24690, 0.24875], RMRR=[0.11129, 0.15832]
Epoch 960 [2.1s]: train==[5958.57901=5949.76982 + 1.82271 + 0.00000 + 1.23836 + 5.74815]
Epoch 961 [2.1s]: train==[5850.91518=5842.05107 + 1.82827 + 0.00000 + 1.24031 + 5.79552]
Epoch 962 [2.0s]: train==[6127.34271=6118.47939 + 1.82424 + 0.00000 + 1.23874 + 5.80039]
Epoch 963 [2.0s]: train==[6065.45571=6056.62457 + 1.82563 + 0.00000 + 1.23990 + 5.76564]
Epoch 964 [2.0s]: train==[6194.64089=6185.77930 + 1.82477 + 0.00000 + 1.24189 + 5.79495]
Epoch 965 [2.0s]: train==[6287.52993=6278.70430 + 1.82511 + 0.00000 + 1.23445 + 5.76602]
Epoch 966 [2.0s]: train==[6381.81386=6372.96112 + 1.82976 + 0.00000 + 1.23649 + 5.78652]
Epoch 967 [2.0s]: train==[5977.69918=5968.83850 + 1.82247 + 0.00000 + 1.24134 + 5.79689]
Epoch 968 [2.0s]: train==[6029.78845=6020.92506 + 1.82327 + 0.00000 + 1.24146 + 5.79870]
drop_flag:  True ,	 mess_dropout:  [0.0, 0.0]
rate_batch  torch.Size([1162, 753])
gt_count  8427
candidate_count  874986
ideal candidate count  874986
Epoch 969 [2.1s + 0.8s]: train==[6012.27632=6003.42926 + 1.82626 + 0.00000 + 1.24099 + 5.77981]
 recall=[0.23175, 0.50422], precision=[0.31480, 0.17999],  f1=[0.24559, 0.24865], RMRR=[0.11362, 0.16255]
Epoch 970 [2.1s]: train==[5963.19541=5954.38499 + 1.82482 + 0.00000 + 1.23566 + 5.74994]
Epoch 971 [2.0s]: train==[6124.30815=6115.45337 + 1.82928 + 0.00000 + 1.23787 + 5.78763]
Epoch 972 [2.0s]: train==[6178.09609=6169.29146 + 1.82893 + 0.00000 + 1.23484 + 5.74083]
Epoch 973 [2.0s]: train==[6313.81167=6305.01349 + 1.82819 + 0.00000 + 1.23220 + 5.73780]
Epoch 974 [2.1s]: train==[6084.31256=6075.46239 + 1.83191 + 0.00000 + 1.23366 + 5.78457]
Epoch 975 [2.0s]: train==[6055.30002=6046.49295 + 1.83107 + 0.00000 + 1.22988 + 5.74613]
Epoch 976 [2.0s]: train==[6209.43783=6200.64421 + 1.83365 + 0.00000 + 1.23087 + 5.72908]
Epoch 977 [2.1s]: train==[6079.53307=6070.69405 + 1.83464 + 0.00000 + 1.23056 + 5.77386]
Epoch 978 [2.0s]: train==[5948.48685=5939.65724 + 1.83070 + 0.00000 + 1.23164 + 5.76733]
drop_flag:  True ,	 mess_dropout:  [0.0, 0.0]
rate_batch  torch.Size([1162, 753])
gt_count  8427
candidate_count  874986
ideal candidate count  874986
Epoch 979 [2.1s + 0.8s]: train==[5860.38077=5851.55536 + 1.83333 + 0.00000 + 1.22913 + 5.76295]
 recall=[0.23340, 0.50550], precision=[0.32014, 0.18085],  f1=[0.24890, 0.24970], RMRR=[0.11382, 0.16265]
Epoch 980 [2.1s]: train==[6053.19844=6044.39307 + 1.83507 + 0.00000 + 1.22653 + 5.74377]
Epoch 981 [2.0s]: train==[6226.73512=6217.95944 + 1.83153 + 0.00000 + 1.22554 + 5.71857]
Epoch 982 [2.0s]: train==[6146.67249=6137.84529 + 1.83449 + 0.00000 + 1.22962 + 5.76308]
Epoch 983 [2.1s]: train==[6053.52219=6044.70453 + 1.83458 + 0.00000 + 1.22633 + 5.75678]
Epoch 984 [2.1s]: train==[6056.81323=6047.97598 + 1.83559 + 0.00000 + 1.22859 + 5.77305]
Epoch 985 [2.0s]: train==[6170.05286=6161.19562 + 1.83826 + 0.00000 + 1.23157 + 5.78738]
Epoch 986 [2.1s]: train==[6099.69598=6090.84283 + 1.83571 + 0.00000 + 1.22920 + 5.78828]
Epoch 987 [2.1s]: train==[5937.24860=5928.43515 + 1.83760 + 0.00000 + 1.22097 + 5.75485]
Epoch 988 [2.1s]: train==[6077.14558=6068.36717 + 1.83790 + 0.00000 + 1.21929 + 5.72127]
drop_flag:  True ,	 mess_dropout:  [0.0, 0.0]
rate_batch  torch.Size([1162, 753])
gt_count  8427
candidate_count  874986
ideal candidate count  874986
Epoch 989 [2.0s + 0.8s]: train==[6208.92326=6200.13927 + 1.84027 + 0.00000 + 1.22105 + 5.72265]
 recall=[0.23442, 0.50827], precision=[0.32031, 0.18003],  f1=[0.24937, 0.24916], RMRR=[0.11397, 0.16130]
Epoch 990 [2.0s]: train==[5887.37718=5878.53976 + 1.84310 + 0.00000 + 1.22254 + 5.77175]
Epoch 991 [2.1s]: train==[6178.64555=6169.82613 + 1.84197 + 0.00000 + 1.21946 + 5.75800]
Epoch 992 [2.1s]: train==[6247.06755=6238.26501 + 1.83972 + 0.00000 + 1.21339 + 5.74949]
Epoch 993 [2.0s]: train==[6132.83974=6124.02716 + 1.84880 + 0.00000 + 1.21775 + 5.74603]
Epoch 994 [2.0s]: train==[6010.03458=6001.23079 + 1.84828 + 0.00000 + 1.21752 + 5.73799]
Epoch 995 [2.0s]: train==[6075.36329=6066.56392 + 1.84527 + 0.00000 + 1.21734 + 5.73680]
Epoch 996 [2.1s]: train==[6076.72751=6067.98167 + 1.84777 + 0.00000 + 1.21072 + 5.68737]
Epoch 997 [2.0s]: train==[6123.63271=6114.86990 + 1.84579 + 0.00000 + 1.21550 + 5.70147]
Epoch 998 [2.0s]: train==[6274.45122=6265.68486 + 1.84612 + 0.00000 + 1.21065 + 5.70959]
drop_flag:  True ,	 mess_dropout:  [0.0, 0.0]
rate_batch  torch.Size([1162, 753])
gt_count  8427
candidate_count  874986
ideal candidate count  874986
Epoch 999 [2.0s + 0.8s]: train==[6178.37892=6169.65538 + 1.84683 + 0.00000 + 1.20686 + 5.66981]
 recall=[0.23745, 0.50562], precision=[0.32100, 0.18038],  f1=[0.25102, 0.24919], RMRR=[0.11401, 0.15929]
Epoch 1000 [2.0s]: train==[6295.71795=6286.97633 + 1.84676 + 0.00000 + 1.21321 + 5.68170]
Epoch 1001 [2.1s]: train==[6085.80728=6077.05193 + 1.84865 + 0.00000 + 1.21009 + 5.69665]
Epoch 1002 [2.1s]: train==[6062.75139=6053.94965 + 1.85374 + 0.00000 + 1.21469 + 5.73329]
Epoch 1003 [2.0s]: train==[6228.55790=6219.80632 + 1.85162 + 0.00000 + 1.20700 + 5.69292]
Epoch 1004 [2.0s]: train==[6356.26221=6347.49654 + 1.85134 + 0.00000 + 1.21080 + 5.70349]
Epoch 1005 [2.0s]: train==[6062.75795=6054.00894 + 1.85283 + 0.00000 + 1.20706 + 5.68912]
Epoch 1006 [2.1s]: train==[6183.85827=6175.08954 + 1.85100 + 0.00000 + 1.21007 + 5.70761]
Epoch 1007 [2.0s]: train==[6029.57021=6020.79378 + 1.85036 + 0.00000 + 1.20785 + 5.71824]
Epoch 1008 [2.1s]: train==[6241.87273=6233.09590 + 1.85019 + 0.00000 + 1.20971 + 5.71689]
drop_flag:  True ,	 mess_dropout:  [0.0, 0.0]
rate_batch  torch.Size([1162, 753])
gt_count  8427
candidate_count  874986
ideal candidate count  874986
Epoch 1009 [2.0s + 0.8s]: train==[6138.07851=6129.34560 + 1.85200 + 0.00000 + 1.20626 + 5.67458]
 recall=[0.23478, 0.50501], precision=[0.31997, 0.17939],  f1=[0.24931, 0.24805], RMRR=[0.11127, 0.15778]
Epoch 1010 [2.1s]: train==[5928.30429=5919.54402 + 1.85530 + 0.00000 + 1.20770 + 5.69726]
Epoch 1011 [2.1s]: train==[6300.83303=6292.07703 + 1.85534 + 0.00000 + 1.20646 + 5.69424]
Epoch 1012 [2.1s]: train==[6210.98461=6202.21817 + 1.85488 + 0.00000 + 1.21140 + 5.70015]
Epoch 1013 [2.0s]: train==[6203.90703=6195.14139 + 1.85525 + 0.00000 + 1.20954 + 5.70087]
Epoch 1014 [2.0s]: train==[6069.14381=6060.35962 + 1.85779 + 0.00000 + 1.21198 + 5.71439]
Epoch 1015 [2.0s]: train==[6215.27884=6206.48961 + 1.85830 + 0.00000 + 1.20594 + 5.72497]
Epoch 1016 [2.1s]: train==[6258.90005=6250.11098 + 1.85465 + 0.00000 + 1.20570 + 5.72871]
Epoch 1017 [2.1s]: train==[6151.76232=6143.01117 + 1.85643 + 0.00000 + 1.19911 + 5.69554]
Epoch 1018 [2.0s]: train==[6110.77718=6102.03868 + 1.85676 + 0.00000 + 1.20342 + 5.67832]
drop_flag:  True ,	 mess_dropout:  [0.0, 0.0]
rate_batch  torch.Size([1162, 753])
gt_count  8427
candidate_count  874986
ideal candidate count  874986
Epoch 1019 [2.1s + 0.8s]: train==[6046.16342=6037.40543 + 1.86105 + 0.00000 + 1.20184 + 5.69505]
 recall=[0.24132, 0.51077], precision=[0.32444, 0.18167],  f1=[0.25440, 0.25114], RMRR=[0.11735, 0.16458]
Epoch 1020 [2.0s]: train==[6084.03474=6075.31119 + 1.85948 + 0.00000 + 1.20159 + 5.66248]
Epoch 1021 [2.1s]: train==[6176.58017=6167.85225 + 1.85810 + 0.00000 + 1.20053 + 5.66925]
Epoch 1022 [2.0s]: train==[6227.26024=6218.49892 + 1.86085 + 0.00000 + 1.19787 + 5.70261]
Epoch 1023 [2.1s]: train==[6174.67472=6165.91832 + 1.85771 + 0.00000 + 1.19489 + 5.70380]
Epoch 1024 [2.0s]: train==[6271.59954=6262.83478 + 1.85891 + 0.00000 + 1.19636 + 5.70952]
Epoch 1025 [2.0s]: train==[6057.34295=6048.58632 + 1.85901 + 0.00000 + 1.19456 + 5.70306]
Epoch 1026 [2.1s]: train==[6060.32499=6051.53386 + 1.86420 + 0.00000 + 1.19870 + 5.72827]
Epoch 1027 [2.1s]: train==[6118.83368=6110.12668 + 1.86268 + 0.00000 + 1.19273 + 5.65160]
Epoch 1028 [2.1s]: train==[6313.53704=6304.77303 + 1.86856 + 0.00000 + 1.19578 + 5.69966]
drop_flag:  True ,	 mess_dropout:  [0.0, 0.0]
rate_batch  torch.Size([1162, 753])
gt_count  8427
candidate_count  874986
ideal candidate count  874986
Epoch 1029 [2.1s + 0.8s]: train==[6055.80792=6047.07144 + 1.86387 + 0.00000 + 1.19650 + 5.67608]
 recall=[0.23188, 0.51040], precision=[0.31566, 0.18176],  f1=[0.24594, 0.25106], RMRR=[0.11227, 0.16213]
Epoch 1030 [2.1s]: train==[5926.48365=5917.75020 + 1.86492 + 0.00000 + 1.19672 + 5.67183]
Epoch 1031 [2.0s]: train==[6361.46081=6352.70416 + 1.87194 + 0.00000 + 1.19320 + 5.69154]
Epoch 1032 [2.1s]: train==[6300.47283=6291.72023 + 1.86636 + 0.00000 + 1.19466 + 5.69157]
Epoch 1033 [2.1s]: train==[5951.74036=5942.98460 + 1.86769 + 0.00000 + 1.19596 + 5.69209]
Epoch 1034 [2.0s]: train==[6131.17132=6122.43625 + 1.86775 + 0.00000 + 1.19154 + 5.67579]
Epoch 1035 [2.0s]: train==[6145.94706=6137.21349 + 1.86706 + 0.00000 + 1.18682 + 5.67968]
Epoch 1036 [2.3s]: train==[6246.95204=6238.18307 + 1.87062 + 0.00000 + 1.19304 + 5.70527]
Epoch 1037 [2.6s]: train==[6031.41743=6022.66838 + 1.87050 + 0.00000 + 1.18855 + 5.68989]
Epoch 1038 [2.1s]: train==[6227.93717=6219.16037 + 1.87118 + 0.00000 + 1.18895 + 5.71666]
drop_flag:  True ,	 mess_dropout:  [0.0, 0.0]
rate_batch  torch.Size([1162, 753])
gt_count  8427
candidate_count  874986
ideal candidate count  874986
Epoch 1039 [2.1s + 0.8s]: train==[6306.92261=6298.17717 + 1.86914 + 0.00000 + 1.18926 + 5.68710]
 recall=[0.23801, 0.50972], precision=[0.32048, 0.18098],  f1=[0.25142, 0.25024], RMRR=[0.11541, 0.16352]
Epoch 1040 [2.1s]: train==[5913.56501=5904.88676 + 1.86939 + 0.00000 + 1.18272 + 5.62617]
Epoch 1041 [2.1s]: train==[6205.68189=6196.98187 + 1.87317 + 0.00000 + 1.18591 + 5.64092]
Epoch 1042 [2.1s]: train==[6155.31479=6146.61244 + 1.87030 + 0.00000 + 1.18628 + 5.64571]
Epoch 1043 [3.1s]: train==[6173.49808=6164.74078 + 1.87459 + 0.00000 + 1.18648 + 5.69619]
Epoch 1044 [2.7s]: train==[5883.42092=5874.73335 + 1.87995 + 0.00000 + 1.18426 + 5.62335]
Epoch 1045 [2.3s]: train==[6237.19274=6228.54176 + 1.88160 + 0.00000 + 1.17970 + 5.58963]
Epoch 1046 [2.1s]: train==[6254.57007=6245.87326 + 1.87484 + 0.00000 + 1.17901 + 5.64289]
Epoch 1047 [2.3s]: train==[6050.36804=6041.67072 + 1.87702 + 0.00000 + 1.18107 + 5.63925]
Epoch 1048 [2.1s]: train==[6190.98944=6182.28984 + 1.87840 + 0.00000 + 1.17722 + 5.64396]
drop_flag:  True ,	 mess_dropout:  [0.0, 0.0]
rate_batch  torch.Size([1162, 753])
gt_count  8427
candidate_count  874986
ideal candidate count  874986
Epoch 1049 [2.1s + 0.9s]: train==[6172.35482=6163.60217 + 1.87859 + 0.00000 + 1.18099 + 5.69301]
 recall=[0.23693, 0.51283], precision=[0.32065, 0.18373],  f1=[0.25084, 0.25362], RMRR=[0.11414, 0.16260]
Epoch 1050 [2.1s]: train==[5984.89306=5976.16789 + 1.87744 + 0.00000 + 1.17695 + 5.67076]
Epoch 1051 [2.1s]: train==[6075.22717=6066.52002 + 1.87743 + 0.00000 + 1.17648 + 5.65328]
Epoch 1052 [2.1s]: train==[6073.07161=6064.39647 + 1.87773 + 0.00000 + 1.17699 + 5.62042]
Epoch 1053 [2.1s]: train==[6076.43309=6067.75972 + 1.87990 + 0.00000 + 1.17438 + 5.61911]
Epoch 1054 [2.1s]: train==[6132.72790=6124.04024 + 1.88497 + 0.00000 + 1.17870 + 5.62399]
Epoch 1055 [2.1s]: train==[6132.26803=6123.57689 + 1.87980 + 0.00000 + 1.17823 + 5.63313]
Epoch 1056 [2.1s]: train==[6138.41928=6129.74547 + 1.87963 + 0.00000 + 1.17539 + 5.61875]
Epoch 1057 [2.1s]: train==[6114.42923=6105.77744 + 1.87807 + 0.00000 + 1.17250 + 5.60123]
Epoch 1058 [2.1s]: train==[6207.29106=6198.59500 + 1.88319 + 0.00000 + 1.17426 + 5.63861]
drop_flag:  True ,	 mess_dropout:  [0.0, 0.0]
rate_batch  torch.Size([1162, 753])
gt_count  8427
candidate_count  874986
ideal candidate count  874986
Epoch 1059 [2.1s + 0.8s]: train==[6155.52634=6146.86555 + 1.88010 + 0.00000 + 1.17775 + 5.60290]
 recall=[0.23583, 0.50892], precision=[0.32065, 0.18128],  f1=[0.25053, 0.25056], RMRR=[0.11325, 0.16151]
Epoch 1060 [2.2s]: train==[5983.61149=5974.96877 + 1.88148 + 0.00000 + 1.17491 + 5.58633]
Epoch 1061 [2.4s]: train==[5991.14215=5982.40138 + 1.88377 + 0.00000 + 1.17596 + 5.68104]
Epoch 1062 [2.1s]: train==[6128.36059=6119.64424 + 1.88245 + 0.00000 + 1.17294 + 5.66089]
Epoch 1063 [2.2s]: train==[6078.66424=6069.95932 + 1.88602 + 0.00000 + 1.17032 + 5.64859]
Epoch 1064 [2.2s]: train==[5942.38124=5933.67427 + 1.88411 + 0.00000 + 1.16792 + 5.65492]
Epoch 1065 [2.1s]: train==[6085.76599=6077.09126 + 1.88741 + 0.00000 + 1.17040 + 5.61692]
Epoch 1066 [2.1s]: train==[6101.89714=6093.22791 + 1.88543 + 0.00000 + 1.16467 + 5.61914]
Epoch 1067 [2.1s]: train==[6178.28005=6169.60222 + 1.88466 + 0.00000 + 1.16677 + 5.62639]
Epoch 1068 [2.1s]: train==[6095.35995=6086.65710 + 1.88355 + 0.00000 + 1.17120 + 5.64811]
drop_flag:  True ,	 mess_dropout:  [0.0, 0.0]
rate_batch  torch.Size([1162, 753])
gt_count  8427
candidate_count  874986
ideal candidate count  874986
Epoch 1069 [2.1s + 0.8s]: train==[5927.44764=5918.78915 + 1.88693 + 0.00000 + 1.16665 + 5.60489]
 recall=[0.23576, 0.50631], precision=[0.31704, 0.18163],  f1=[0.24815, 0.25075], RMRR=[0.11318, 0.16167]
Epoch 1070 [2.3s]: train==[6135.41678=6126.73540 + 1.88642 + 0.00000 + 1.16759 + 5.62735]
Epoch 1071 [2.1s]: train==[6259.44032=6250.76802 + 1.88605 + 0.00000 + 1.16700 + 5.61913]
Epoch 1072 [2.1s]: train==[6001.95681=5993.26541 + 1.88763 + 0.00000 + 1.16830 + 5.63541]
Epoch 1073 [2.1s]: train==[6027.17705=6018.53137 + 1.88432 + 0.00000 + 1.16321 + 5.59814]
Epoch 1074 [2.1s]: train==[5848.03956=5839.42709 + 1.88940 + 0.00000 + 1.16195 + 5.56112]
Epoch 1075 [2.2s]: train==[6159.62268=6150.96738 + 1.89346 + 0.00000 + 1.16518 + 5.59677]
Epoch 1076 [2.1s]: train==[6213.81463=6205.14969 + 1.89448 + 0.00000 + 1.16665 + 5.60377]
Epoch 1077 [2.1s]: train==[5835.16330=5826.46622 + 1.89478 + 0.00000 + 1.16159 + 5.64068]
Epoch 1078 [2.1s]: train==[6148.99867=6140.31464 + 1.89244 + 0.00000 + 1.16312 + 5.62848]
drop_flag:  True ,	 mess_dropout:  [0.0, 0.0]
rate_batch  torch.Size([1162, 753])
gt_count  8427
candidate_count  874986
ideal candidate count  874986
Epoch 1079 [2.1s + 0.9s]: train==[6227.34831=6218.67624 + 1.89095 + 0.00000 + 1.16786 + 5.61331]
 recall=[0.23259, 0.50657], precision=[0.31652, 0.18072],  f1=[0.24659, 0.24987], RMRR=[0.11239, 0.16024]
Epoch 1080 [2.1s]: train==[6109.81609=6101.16551 + 1.89150 + 0.00000 + 1.15982 + 5.59924]
Epoch 1081 [2.1s]: train==[5972.72807=5964.11783 + 1.89103 + 0.00000 + 1.16097 + 5.55821]
Epoch 1082 [2.1s]: train==[6045.48634=6036.80492 + 1.89307 + 0.00000 + 1.16254 + 5.62583]
Epoch 1083 [2.1s]: train==[6226.63478=6217.94987 + 1.89518 + 0.00000 + 1.16137 + 5.62841]
Epoch 1084 [2.1s]: train==[5949.96380=5941.28207 + 1.89216 + 0.00000 + 1.16114 + 5.62841]
Epoch 1085 [2.1s]: train==[6041.14271=6032.48889 + 1.89656 + 0.00000 + 1.15959 + 5.59767]
Epoch 1086 [2.1s]: train==[6119.21851=6110.56653 + 1.89466 + 0.00000 + 1.16061 + 5.59674]
Epoch 1087 [2.3s]: train==[5746.40226=5737.76344 + 1.89619 + 0.00000 + 1.15823 + 5.58439]
Epoch 1088 [2.1s]: train==[6108.73003=6100.07034 + 1.89738 + 0.00000 + 1.15813 + 5.60417]
drop_flag:  True ,	 mess_dropout:  [0.0, 0.0]
rate_batch  torch.Size([1162, 753])
gt_count  8427
candidate_count  874986
ideal candidate count  874986
Epoch 1089 [2.1s + 0.8s]: train==[6153.28149=6144.57666 + 1.89874 + 0.00000 + 1.15995 + 5.64616]
 recall=[0.23795, 0.50961], precision=[0.31997, 0.18180],  f1=[0.25080, 0.25137], RMRR=[0.11298, 0.16021]
Epoch 1090 [2.1s]: train==[6020.14415=6011.46078 + 1.90074 + 0.00000 + 1.15700 + 5.62567]
Epoch 1091 [2.1s]: train==[6311.61853=6302.99701 + 1.90064 + 0.00000 + 1.15148 + 5.56942]
Epoch 1092 [2.1s]: train==[6285.28540=6276.65189 + 1.90120 + 0.00000 + 1.15044 + 5.58192]
Epoch 1093 [2.1s]: train==[5917.97758=5909.36966 + 1.90004 + 0.00000 + 1.14616 + 5.56167]
Epoch 1094 [2.1s]: train==[6045.51699=6036.87930 + 1.90008 + 0.00000 + 1.14975 + 5.58785]
Epoch 1095 [2.2s]: train==[6041.97380=6033.31544 + 1.90159 + 0.00000 + 1.15980 + 5.59701]
Epoch 1096 [2.2s]: train==[5952.03426=5943.38840 + 1.90018 + 0.00000 + 1.15469 + 5.59098]
Epoch 1097 [2.1s]: train==[6279.55420=6270.93956 + 1.90492 + 0.00000 + 1.14782 + 5.56187]
Epoch 1098 [2.1s]: train==[6119.94384=6111.30846 + 1.90294 + 0.00000 + 1.15135 + 5.58109]
drop_flag:  True ,	 mess_dropout:  [0.0, 0.0]
rate_batch  torch.Size([1162, 753])
gt_count  8427
candidate_count  874986
ideal candidate count  874986
Epoch 1099 [2.1s + 0.9s]: train==[6319.92714=6311.30009 + 1.89773 + 0.00000 + 1.15251 + 5.57681]
 recall=[0.23655, 0.51333], precision=[0.32117, 0.18335],  f1=[0.25060, 0.25315], RMRR=[0.11066, 0.15850]
Epoch 1100 [2.1s]: train==[5938.57745=5929.95349 + 1.89896 + 0.00000 + 1.15555 + 5.56939]
Epoch 1101 [2.1s]: train==[6002.22002=5993.61830 + 1.90592 + 0.00000 + 1.15326 + 5.54256]
Epoch 1102 [2.1s]: train==[6237.40386=6228.73798 + 1.90137 + 0.00000 + 1.15405 + 5.61047]
Epoch 1103 [2.1s]: train==[6214.75730=6206.11055 + 1.90381 + 0.00000 + 1.15063 + 5.59233]
Epoch 1104 [2.1s]: train==[6125.69358=6117.01859 + 1.90826 + 0.00000 + 1.15520 + 5.61159]
Epoch 1105 [2.1s]: train==[5901.07765=5892.38620 + 1.90547 + 0.00000 + 1.15364 + 5.63233]
Epoch 1106 [2.1s]: train==[6107.75780=6099.11169 + 1.91063 + 0.00000 + 1.15180 + 5.58369]
Epoch 1107 [2.1s]: train==[6439.69805=6431.05606 + 1.90410 + 0.00000 + 1.14986 + 5.58799]
Epoch 1108 [2.1s]: train==[6187.17302=6178.53749 + 1.90825 + 0.00000 + 1.15026 + 5.57708]
drop_flag:  True ,	 mess_dropout:  [0.0, 0.0]
rate_batch  torch.Size([1162, 753])
gt_count  8427
candidate_count  874986
ideal candidate count  874986
Epoch 1109 [2.1s + 0.8s]: train==[6071.13743=6062.47246 + 1.90789 + 0.00000 + 1.15054 + 5.60650]
 recall=[0.23265, 0.51298], precision=[0.31824, 0.18188],  f1=[0.24785, 0.25156], RMRR=[0.11086, 0.16027]
Epoch 1110 [2.1s]: train==[6038.66326=6030.02159 + 1.91012 + 0.00000 + 1.14769 + 5.58378]
Epoch 1111 [2.1s]: train==[6227.85952=6219.19897 + 1.90854 + 0.00000 + 1.15252 + 5.59946]
Epoch 1112 [2.1s]: train==[6177.08223=6168.47011 + 1.91115 + 0.00000 + 1.14403 + 5.55696]
Epoch 1113 [2.1s]: train==[5882.14281=5873.49580 + 1.90738 + 0.00000 + 1.14506 + 5.59452]
Epoch 1114 [2.1s]: train==[6280.12419=6271.54291 + 1.91109 + 0.00000 + 1.14033 + 5.52986]
Epoch 1115 [2.1s]: train==[5913.71534=5905.07458 + 1.90526 + 0.00000 + 1.14394 + 5.59156]
Epoch 1116 [2.1s]: train==[6052.11441=6043.51369 + 1.91027 + 0.00000 + 1.14572 + 5.54474]
Epoch 1117 [2.1s]: train==[6088.09637=6079.49216 + 1.91002 + 0.00000 + 1.14176 + 5.55243]
Epoch 1118 [2.1s]: train==[6030.82378=6022.20694 + 1.90650 + 0.00000 + 1.13926 + 5.57106]
drop_flag:  True ,	 mess_dropout:  [0.0, 0.0]
rate_batch  torch.Size([1162, 753])
gt_count  8427
candidate_count  874986
ideal candidate count  874986
Epoch 1119 [2.1s + 0.8s]: train==[6310.56914=6301.93399 + 1.91296 + 0.00000 + 1.13871 + 5.58354]
 recall=[0.23513, 0.50917], precision=[0.31910, 0.18145],  f1=[0.24914, 0.25092], RMRR=[0.11547, 0.16388]
Epoch 1120 [2.1s]: train==[6025.93687=6017.28008 + 1.91133 + 0.00000 + 1.14315 + 5.60229]
Epoch 1121 [2.1s]: train==[6092.53928=6083.93852 + 1.91367 + 0.00000 + 1.14129 + 5.54577]
Epoch 1122 [2.1s]: train==[6036.49298=6027.88892 + 1.91145 + 0.00000 + 1.14190 + 5.55065]
Epoch 1123 [2.1s]: train==[6203.40071=6194.78387 + 1.91194 + 0.00000 + 1.13944 + 5.56548]
Epoch 1124 [2.2s]: train==[5767.66438=5759.03169 + 1.91214 + 0.00000 + 1.13896 + 5.58158]
Epoch 1125 [2.2s]: train==[6141.78288=6133.18869 + 1.91374 + 0.00000 + 1.13938 + 5.54104]
Epoch 1126 [2.1s]: train==[6104.22759=6095.65262 + 1.91322 + 0.00000 + 1.13557 + 5.52619]
Epoch 1127 [2.2s]: train==[6383.49302=6374.92390 + 1.91410 + 0.00000 + 1.13670 + 5.51837]
Epoch 1128 [2.3s]: train==[6139.84814=6131.21922 + 1.91333 + 0.00000 + 1.13720 + 5.57834]
drop_flag:  True ,	 mess_dropout:  [0.0, 0.0]
rate_batch  torch.Size([1162, 753])
gt_count  8427
candidate_count  874986
ideal candidate count  874986
Epoch 1129 [2.2s + 0.8s]: train==[6232.23744=6223.61432 + 1.91549 + 0.00000 + 1.13632 + 5.57128]
 recall=[0.23614, 0.50706], precision=[0.31945, 0.18184],  f1=[0.24984, 0.25096], RMRR=[0.11274, 0.16091]
Epoch 1130 [2.1s]: train==[6133.84420=6125.28694 + 1.91201 + 0.00000 + 1.13042 + 5.51485]
Epoch 1131 [2.1s]: train==[6058.17338=6049.58246 + 1.91532 + 0.00000 + 1.13449 + 5.54119]
Epoch 1132 [2.1s]: train==[6292.33436=6283.79547 + 1.91581 + 0.00000 + 1.13420 + 5.48894]
Epoch 1133 [2.1s]: train==[6161.48862=6152.89381 + 1.92147 + 0.00000 + 1.13341 + 5.53999]
Epoch 1134 [2.1s]: train==[6180.03775=6171.47762 + 1.91737 + 0.00000 + 1.13135 + 5.51146]
Epoch 1135 [2.1s]: train==[6366.01267=6357.43842 + 1.91789 + 0.00000 + 1.13306 + 5.52327]
Epoch 1136 [2.0s]: train==[6259.07218=6250.51180 + 1.91698 + 0.00000 + 1.13714 + 5.50631]
Epoch 1137 [2.1s]: train==[6037.35940=6028.73216 + 1.91891 + 0.00000 + 1.14016 + 5.56815]
Epoch 1138 [2.1s]: train==[6066.03707=6057.45866 + 1.91491 + 0.00000 + 1.13457 + 5.52893]
drop_flag:  True ,	 mess_dropout:  [0.0, 0.0]
rate_batch  torch.Size([1162, 753])
gt_count  8427
candidate_count  874986
ideal candidate count  874986
Epoch 1139 [2.1s + 0.8s]: train==[5865.10122=5856.54994 + 1.91800 + 0.00000 + 1.13336 + 5.49998]
 recall=[0.23856, 0.51303], precision=[0.32565, 0.18270],  f1=[0.25377, 0.25257], RMRR=[0.11332, 0.16041]
Epoch 1140 [2.1s]: train==[6276.79767=6268.24947 + 1.91532 + 0.00000 + 1.13268 + 5.50026]
Epoch 1141 [2.1s]: train==[5924.23737=5915.69852 + 1.91615 + 0.00000 + 1.13152 + 5.49122]
Epoch 1142 [2.2s]: train==[6055.55248=6046.99062 + 1.92259 + 0.00000 + 1.13321 + 5.50606]
Epoch 1143 [2.1s]: train==[6168.44285=6159.90193 + 1.92941 + 0.00000 + 1.13447 + 5.47698]
Epoch 1144 [2.1s]: train==[6098.05820=6089.49298 + 1.92485 + 0.00000 + 1.13214 + 5.50823]
Epoch 1145 [2.1s]: train==[5979.27679=5970.74113 + 1.92225 + 0.00000 + 1.13012 + 5.48331]
Epoch 1146 [2.1s]: train==[5949.37293=5940.81180 + 1.92686 + 0.00000 + 1.13008 + 5.50425]
Epoch 1147 [2.1s]: train==[5974.04147=5965.50116 + 1.92695 + 0.00000 + 1.12943 + 5.48391]
Epoch 1148 [2.1s]: train==[6172.04192=6163.45572 + 1.92122 + 0.00000 + 1.13139 + 5.53356]
drop_flag:  True ,	 mess_dropout:  [0.0, 0.0]
rate_batch  torch.Size([1162, 753])
gt_count  8427
candidate_count  874986
ideal candidate count  874986
Epoch 1149 [2.1s + 0.8s]: train==[5952.04960=5943.50323 + 1.92224 + 0.00000 + 1.12901 + 5.49512]
 recall=[0.23854, 0.50886], precision=[0.32496, 0.18270],  f1=[0.25265, 0.25216], RMRR=[0.11636, 0.16392]
Epoch 1150 [2.1s]: train==[6076.13869=6067.59097 + 1.92552 + 0.00000 + 1.13060 + 5.49158]
Epoch 1151 [2.1s]: train==[6029.72573=6021.13681 + 1.92882 + 0.00000 + 1.12833 + 5.53174]
Epoch 1152 [2.1s]: train==[6060.33680=6051.82938 + 1.92404 + 0.00000 + 1.12724 + 5.45616]
Epoch 1153 [2.1s]: train==[6145.82525=6137.30206 + 1.92392 + 0.00000 + 1.12691 + 5.47237]
Epoch 1154 [2.1s]: train==[6228.58617=6220.05516 + 1.92211 + 0.00000 + 1.12510 + 5.48381]
Epoch 1155 [2.1s]: train==[6066.72972=6058.17992 + 1.92761 + 0.00000 + 1.12673 + 5.49542]
Epoch 1156 [2.1s]: train==[6365.89365=6357.33000 + 1.92646 + 0.00000 + 1.12963 + 5.50758]
Epoch 1157 [2.1s]: train==[6227.30059=6218.76758 + 1.92373 + 0.00000 + 1.12435 + 5.48495]
Epoch 1158 [2.1s]: train==[6126.91498=6118.36957 + 1.92702 + 0.00000 + 1.12563 + 5.49270]
drop_flag:  True ,	 mess_dropout:  [0.0, 0.0]
rate_batch  torch.Size([1162, 753])
gt_count  8427
candidate_count  874986
ideal candidate count  874986
Epoch 1159 [2.1s + 0.8s]: train==[6097.98514=6089.40704 + 1.92797 + 0.00000 + 1.13096 + 5.51918]
 recall=[0.23447, 0.50938], precision=[0.31687, 0.18197],  f1=[0.24761, 0.25122], RMRR=[0.11274, 0.16203]
Epoch 1160 [2.1s]: train==[6191.95938=6183.40359 + 1.93139 + 0.00000 + 1.12633 + 5.49804]
Epoch 1161 [2.1s]: train==[6350.78476=6342.27092 + 1.92961 + 0.00000 + 1.12040 + 5.46380]
Epoch 1162 [2.1s]: train==[6014.95760=6006.42001 + 1.93136 + 0.00000 + 1.12416 + 5.48205]
Epoch 1163 [2.1s]: train==[6023.87893=6015.32259 + 1.92974 + 0.00000 + 1.12719 + 5.49945]
Epoch 1164 [2.1s]: train==[6144.03493=6135.47461 + 1.92719 + 0.00000 + 1.12392 + 5.50926]
Epoch 1165 [2.1s]: train==[6137.08563=6128.54526 + 1.93075 + 0.00000 + 1.12466 + 5.48497]
Epoch 1166 [2.1s]: train==[6142.14948=6133.61133 + 1.93318 + 0.00000 + 1.12449 + 5.48042]
Epoch 1167 [2.1s]: train==[5962.25983=5953.74153 + 1.92999 + 0.00000 + 1.12386 + 5.46440]
Epoch 1168 [2.1s]: train==[6035.63656=6027.13618 + 1.93220 + 0.00000 + 1.11959 + 5.44864]
drop_flag:  True ,	 mess_dropout:  [0.0, 0.0]
rate_batch  torch.Size([1162, 753])
gt_count  8427
candidate_count  874986
ideal candidate count  874986
Epoch 1169 [2.1s + 0.8s]: train==[5872.93105=5864.39587 + 1.93126 + 0.00000 + 1.11725 + 5.48666]
 recall=[0.23893, 0.51601], precision=[0.32272, 0.18361],  f1=[0.25253, 0.25387], RMRR=[0.11795, 0.16505]
Epoch 1170 [2.1s]: train==[5963.60932=5955.07303 + 1.93265 + 0.00000 + 1.11784 + 5.48586]
Epoch 1171 [2.1s]: train==[5868.96371=5860.42670 + 1.93701 + 0.00000 + 1.12049 + 5.47952]
Epoch 1172 [2.1s]: train==[5993.75526=5985.22269 + 1.93699 + 0.00000 + 1.12047 + 5.47509]
Epoch 1173 [2.1s]: train==[6089.07034=6080.53223 + 1.93620 + 0.00000 + 1.11920 + 5.48277]
Epoch 1174 [2.1s]: train==[6009.06777=6000.54582 + 1.93477 + 0.00000 + 1.12002 + 5.46719]
Epoch 1175 [2.1s]: train==[6018.00671=6009.48825 + 1.93534 + 0.00000 + 1.11296 + 5.47021]
Epoch 1176 [2.1s]: train==[5946.83926=5938.33992 + 1.93343 + 0.00000 + 1.11622 + 5.44971]
Epoch 1177 [2.1s]: train==[6261.08601=6252.59314 + 1.93533 + 0.00000 + 1.11513 + 5.44242]
Epoch 1178 [2.1s]: train==[6284.43271=6275.93964 + 1.93466 + 0.00000 + 1.11597 + 5.44246]
drop_flag:  True ,	 mess_dropout:  [0.0, 0.0]
rate_batch  torch.Size([1162, 753])
gt_count  8427
candidate_count  874986
ideal candidate count  874986
Epoch 1179 [2.1s + 0.8s]: train==[6104.43037=6095.91956 + 1.93715 + 0.00000 + 1.11389 + 5.45965]
 recall=[0.23655, 0.50951], precision=[0.31928, 0.18107],  f1=[0.25003, 0.25035], RMRR=[0.11368, 0.16142]
Epoch 1180 [2.1s]: train==[5984.57467=5976.06482 + 1.93885 + 0.00000 + 1.11398 + 5.45701]
Epoch 1181 [2.1s]: train==[6240.78708=6232.26076 + 1.93601 + 0.00000 + 1.11371 + 5.47666]
Epoch 1182 [2.1s]: train==[6014.53361=6006.02158 + 1.93818 + 0.00000 + 1.11214 + 5.46174]
Epoch 1183 [2.1s]: train==[6224.95482=6216.47086 + 1.93987 + 0.00000 + 1.11244 + 5.43170]
Epoch 1184 [2.1s]: train==[5873.89953=5865.40346 + 1.93979 + 0.00000 + 1.11080 + 5.44547]
Epoch 1185 [2.1s]: train==[6050.48309=6041.97983 + 1.94020 + 0.00000 + 1.11283 + 5.45022]
Epoch 1186 [2.1s]: train==[6211.20926=6202.69669 + 1.93976 + 0.00000 + 1.11272 + 5.46010]
Epoch 1187 [2.1s]: train==[6098.50765=6089.99965 + 1.93855 + 0.00000 + 1.11193 + 5.45758]
Epoch 1188 [2.1s]: train==[6130.20987=6121.70341 + 1.94008 + 0.00000 + 1.11062 + 5.45576]
drop_flag:  True ,	 mess_dropout:  [0.0, 0.0]
rate_batch  torch.Size([1162, 753])
gt_count  8427
candidate_count  874986
ideal candidate count  874986
Epoch 1189 [2.1s + 0.8s]: train==[5979.29247=5970.80133 + 1.93815 + 0.00000 + 1.10839 + 5.44456]
 recall=[0.23880, 0.51369], precision=[0.32238, 0.18335],  f1=[0.25218, 0.25338], RMRR=[0.11237, 0.16060]
Epoch 1190 [2.1s]: train==[6028.89393=6020.40182 + 1.94146 + 0.00000 + 1.11037 + 5.44028]
Epoch 1191 [2.1s]: train==[5979.32259=5970.78447 + 1.93827 + 0.00000 + 1.11113 + 5.48876]
Epoch 1192 [2.1s]: train==[6090.93162=6082.45911 + 1.94123 + 0.00000 + 1.10991 + 5.42137]
Epoch 1193 [2.1s]: train==[6040.59720=6032.12781 + 1.94065 + 0.00000 + 1.10494 + 5.42379]
Epoch 1194 [2.1s]: train==[6170.19596=6161.67352 + 1.94103 + 0.00000 + 1.10396 + 5.47741]
Epoch 1195 [2.1s]: train==[6180.08371=6171.56937 + 1.94046 + 0.00000 + 1.10837 + 5.46555]
Epoch 1196 [2.1s]: train==[6098.58248=6090.07074 + 1.94270 + 0.00000 + 1.10619 + 5.46291]
Epoch 1197 [2.1s]: train==[5941.38526=5932.86981 + 1.94457 + 0.00000 + 1.10996 + 5.46096]
Epoch 1198 [2.1s]: train==[6138.06913=6129.56607 + 1.94594 + 0.00000 + 1.10672 + 5.45039]
drop_flag:  True ,	 mess_dropout:  [0.0, 0.0]
rate_batch  torch.Size([1162, 753])
gt_count  8427
candidate_count  874986
ideal candidate count  874986
Epoch 1199 [2.1s + 0.8s]: train==[6118.67162=6110.18431 + 1.94435 + 0.00000 + 1.10290 + 5.44005]
 recall=[0.23818, 0.51515], precision=[0.32031, 0.18335],  f1=[0.25159, 0.25328], RMRR=[0.11431, 0.16195]
Epoch 1200 [2.1s]: train==[5993.40309=5984.91989 + 1.94673 + 0.00000 + 1.10496 + 5.43151]
Epoch 1201 [2.1s]: train==[6093.86224=6085.39272 + 1.94570 + 0.00000 + 1.10232 + 5.42155]
Epoch 1202 [2.1s]: train==[6181.98703=6173.51555 + 1.94571 + 0.00000 + 1.10421 + 5.42158]
Epoch 1203 [2.1s]: train==[6222.90006=6214.43188 + 1.94847 + 0.00000 + 1.10334 + 5.41637]
Epoch 1204 [2.1s]: train==[6101.48864=6093.03018 + 1.94724 + 0.00000 + 1.10407 + 5.40714]
Epoch 1205 [2.1s]: train==[6033.54289=6025.07274 + 1.94830 + 0.00000 + 1.10851 + 5.41334]
Epoch 1206 [2.1s]: train==[6040.49049=6032.00134 + 1.94753 + 0.00000 + 1.10353 + 5.43810]
Epoch 1207 [2.1s]: train==[5969.33925=5960.88351 + 1.94994 + 0.00000 + 1.10708 + 5.39874]
Epoch 1208 [2.1s]: train==[6258.48761=6250.05310 + 1.94799 + 0.00000 + 1.10316 + 5.38341]
drop_flag:  True ,	 mess_dropout:  [0.0, 0.0]
rate_batch  torch.Size([1162, 753])
gt_count  8427
candidate_count  874986
ideal candidate count  874986
Epoch 1209 [2.1s + 0.8s]: train==[6214.55110=6206.11334 + 1.94338 + 0.00000 + 1.10357 + 5.39085]
 recall=[0.24182, 0.51462], precision=[0.32737, 0.18361],  f1=[0.25631, 0.25371], RMRR=[0.11395, 0.16263]
Epoch 1210 [2.1s]: train==[5982.40640=5973.95911 + 1.95005 + 0.00000 + 1.10173 + 5.39556]
Epoch 1211 [2.1s]: train==[5953.18876=5944.70253 + 1.95450 + 0.00000 + 1.10449 + 5.42723]
Epoch 1212 [2.1s]: train==[6158.69190=6150.21365 + 1.94955 + 0.00000 + 1.10375 + 5.42495]
Epoch 1213 [2.1s]: train==[6073.13950=6064.65096 + 1.95162 + 0.00000 + 1.10100 + 5.43600]
Epoch 1214 [2.1s]: train==[6293.74934=6285.29561 + 1.95005 + 0.00000 + 1.10305 + 5.40062]
Epoch 1215 [2.1s]: train==[6006.54340=5998.05301 + 1.95180 + 0.00000 + 1.10345 + 5.43513]
Epoch 1216 [2.1s]: train==[6065.61400=6057.12801 + 1.95238 + 0.00000 + 1.10061 + 5.43302]
Epoch 1217 [2.1s]: train==[5896.50684=5888.01881 + 1.95523 + 0.00000 + 1.10244 + 5.43033]
Epoch 1218 [2.1s]: train==[6122.61368=6114.10367 + 1.95279 + 0.00000 + 1.10194 + 5.45530]
drop_flag:  True ,	 mess_dropout:  [0.0, 0.0]
rate_batch  torch.Size([1162, 753])
gt_count  8427
candidate_count  874986
ideal candidate count  874986
Epoch 1219 [2.1s + 0.8s]: train==[6034.81948=6026.36417 + 1.95422 + 0.00000 + 1.09680 + 5.40433]
 recall=[0.23567, 0.51032], precision=[0.31893, 0.18227],  f1=[0.24920, 0.25173], RMRR=[0.11080, 0.15808]
Epoch 1220 [2.1s]: train==[6038.56411=6030.07301 + 1.95658 + 0.00000 + 1.09931 + 5.43523]
Epoch 1221 [2.1s]: train==[5976.63411=5968.16020 + 1.95628 + 0.00000 + 1.10000 + 5.41769]
Epoch 1222 [2.1s]: train==[6268.31670=6259.88261 + 1.95202 + 0.00000 + 1.09614 + 5.38592]
Epoch 1223 [2.1s]: train==[6091.63734=6083.18837 + 1.95814 + 0.00000 + 1.09835 + 5.39248]
Epoch 1224 [2.1s]: train==[6006.24594=5997.74611 + 1.95742 + 0.00000 + 1.09956 + 5.44286]
Epoch 1225 [2.1s]: train==[6031.38062=6022.93828 + 1.95618 + 0.00000 + 1.09848 + 5.38768]
Epoch 1226 [2.1s]: train==[6095.74239=6087.28949 + 1.95097 + 0.00000 + 1.09744 + 5.40444]
Epoch 1227 [2.1s]: train==[6002.56214=5994.05830 + 1.96081 + 0.00000 + 1.10062 + 5.44233]
Epoch 1228 [2.1s]: train==[5662.09657=5653.62224 + 1.95710 + 0.00000 + 1.09339 + 5.42382]
drop_flag:  True ,	 mess_dropout:  [0.0, 0.0]
rate_batch  torch.Size([1162, 753])
gt_count  8427
candidate_count  874986
ideal candidate count  874986
Epoch 1229 [2.1s + 0.8s]: train==[6266.06435=6257.60675 + 1.95602 + 0.00000 + 1.09289 + 5.40869]
 recall=[0.24039, 0.51517], precision=[0.32565, 0.18365],  f1=[0.25443, 0.25361], RMRR=[0.11461, 0.16260]
Epoch 1230 [2.1s]: train==[5927.74849=5919.26518 + 1.95517 + 0.00000 + 1.09533 + 5.43278]
Epoch 1231 [2.1s]: train==[6131.87360=6123.39842 + 1.95315 + 0.00000 + 1.09144 + 5.43059]
Epoch 1232 [2.1s]: train==[6196.08405=6187.61281 + 1.95572 + 0.00000 + 1.09507 + 5.42047]
Epoch 1233 [2.1s]: train==[6392.28990=6383.83311 + 1.95840 + 0.00000 + 1.09455 + 5.40383]
Epoch 1234 [2.1s]: train==[6028.07789=6019.63097 + 1.95487 + 0.00000 + 1.08965 + 5.40243]
Epoch 1235 [2.1s]: train==[5974.89908=5966.46664 + 1.96258 + 0.00000 + 1.09395 + 5.37587]
Epoch 1236 [2.1s]: train==[6013.41897=6004.98763 + 1.96086 + 0.00000 + 1.09237 + 5.37811]
Epoch 1237 [2.1s]: train==[6014.03626=6005.56798 + 1.96310 + 0.00000 + 1.09216 + 5.41302]
Epoch 1238 [2.1s]: train==[5968.96854=5960.49110 + 1.96267 + 0.00000 + 1.09190 + 5.42290]
drop_flag:  True ,	 mess_dropout:  [0.0, 0.0]
rate_batch  torch.Size([1162, 753])
gt_count  8427
candidate_count  874986
ideal candidate count  874986
Epoch 1239 [2.1s + 0.9s]: train==[6069.86565=6061.42191 + 1.95866 + 0.00000 + 1.08976 + 5.39532]
 recall=[0.24082, 0.51566], precision=[0.32823, 0.18442],  f1=[0.25540, 0.25478], RMRR=[0.11418, 0.16243]
Epoch 1240 [2.3s]: train==[6202.12992=6193.68193 + 1.96153 + 0.00000 + 1.09002 + 5.39649]
Epoch 1241 [2.4s]: train==[6107.20383=6098.79579 + 1.96105 + 0.00000 + 1.08969 + 5.35735]
Epoch 1242 [2.3s]: train==[6004.16778=5995.74835 + 1.96137 + 0.00000 + 1.08955 + 5.36848]
Epoch 1243 [2.4s]: train==[6008.42643=6000.01021 + 1.96293 + 0.00000 + 1.09030 + 5.36303]
Epoch 1244 [2.4s]: train==[5973.79174=5965.36681 + 1.96215 + 0.00000 + 1.09144 + 5.37142]
Epoch 1245 [2.4s]: train==[6174.36796=6165.92072 + 1.96053 + 0.00000 + 1.09228 + 5.39440]
Epoch 1246 [2.4s]: train==[6058.33718=6049.86186 + 1.96892 + 0.00000 + 1.08769 + 5.41867]
Epoch 1247 [2.4s]: train==[6047.65385=6039.21422 + 1.96284 + 0.00000 + 1.08590 + 5.39088]
Epoch 1248 [2.4s]: train==[6107.24701=6098.81187 + 1.96126 + 0.00000 + 1.08936 + 5.38451]
drop_flag:  True ,	 mess_dropout:  [0.0, 0.0]
rate_batch  torch.Size([1162, 753])
gt_count  8427
candidate_count  874986
ideal candidate count  874986
Epoch 1249 [2.4s + 1.0s]: train==[5955.87222=5947.42993 + 1.96529 + 0.00000 + 1.08511 + 5.39190]
 recall=[0.24138, 0.51449], precision=[0.33029, 0.18399],  f1=[0.25685, 0.25382], RMRR=[0.11441, 0.16255]
Epoch 1250 [2.4s]: train==[6099.67855=6091.23381 + 1.96539 + 0.00000 + 1.08669 + 5.39267]
Epoch 1251 [2.5s]: train==[6300.85354=6292.45439 + 1.96596 + 0.00000 + 1.08525 + 5.34797]
Epoch 1252 [2.4s]: train==[5966.15917=5957.72423 + 1.96679 + 0.00000 + 1.08292 + 5.38524]
Epoch 1253 [2.4s]: train==[6077.70345=6069.25934 + 1.97072 + 0.00000 + 1.08473 + 5.38873]
Epoch 1254 [2.5s]: train==[6056.30037=6047.85930 + 1.96683 + 0.00000 + 1.08421 + 5.39000]
Epoch 1255 [2.4s]: train==[6145.36563=6136.94075 + 1.96827 + 0.00000 + 1.08409 + 5.37251]
Epoch 1256 [2.4s]: train==[6097.34507=6088.92683 + 1.96769 + 0.00000 + 1.08309 + 5.36742]
Epoch 1257 [2.4s]: train==[5880.73848=5872.38507 + 1.96787 + 0.00000 + 1.08161 + 5.30393]
Epoch 1258 [2.4s]: train==[5839.37751=5830.93008 + 1.96466 + 0.00000 + 1.08309 + 5.39969]
drop_flag:  True ,	 mess_dropout:  [0.0, 0.0]
rate_batch  torch.Size([1162, 753])
gt_count  8427
candidate_count  874986
ideal candidate count  874986
Epoch 1259 [2.5s + 1.0s]: train==[6200.72545=6192.31091 + 1.96484 + 0.00000 + 1.08005 + 5.36964]
 recall=[0.24371, 0.51081], precision=[0.33064, 0.18318],  f1=[0.25804, 0.25286], RMRR=[0.11428, 0.16151]
Epoch 1260 [2.4s]: train==[6242.69342=6234.26894 + 1.97061 + 0.00000 + 1.07988 + 5.37400]
Epoch 1261 [2.4s]: train==[5951.75063=5943.31795 + 1.96901 + 0.00000 + 1.07942 + 5.38431]
Epoch 1262 [2.4s]: train==[6114.97290=6106.57423 + 1.97263 + 0.00000 + 1.07904 + 5.34702]
Epoch 1263 [2.4s]: train==[6145.21025=6136.81248 + 1.97005 + 0.00000 + 1.08066 + 5.34710]
Epoch 1264 [2.4s]: train==[6171.48625=6163.09911 + 1.96986 + 0.00000 + 1.07508 + 5.34220]
Epoch 1265 [2.4s]: train==[6080.41395=6072.00435 + 1.97161 + 0.00000 + 1.07985 + 5.35813]
Epoch 1266 [2.3s]: train==[6044.82668=6036.41559 + 1.96923 + 0.00000 + 1.08079 + 5.36109]
Epoch 1267 [2.4s]: train==[6042.77608=6034.37515 + 1.97436 + 0.00000 + 1.08240 + 5.34422]
Epoch 1268 [2.4s]: train==[6068.58211=6060.19041 + 1.97102 + 0.00000 + 1.07956 + 5.34113]
drop_flag:  True ,	 mess_dropout:  [0.0, 0.0]
rate_batch  torch.Size([1162, 753])
gt_count  8427
candidate_count  874986
ideal candidate count  874986
Epoch 1269 [2.4s + 1.0s]: train==[6022.40372=6014.01331 + 1.96969 + 0.00000 + 1.07633 + 5.34437]
 recall=[0.23863, 0.51381], precision=[0.32513, 0.18455],  f1=[0.25363, 0.25478], RMRR=[0.11512, 0.16422]
Epoch 1270 [2.3s]: train==[6159.02735=6150.62651 + 1.97423 + 0.00000 + 1.07838 + 5.34823]
Epoch 1271 [2.3s]: train==[6059.75120=6051.31569 + 1.97462 + 0.00000 + 1.07926 + 5.38170]
Epoch 1272 [2.3s]: train==[5958.08897=5949.64186 + 1.97428 + 0.00000 + 1.07970 + 5.39315]
Epoch 1273 [2.3s]: train==[5941.99766=5933.60583 + 1.97510 + 0.00000 + 1.07277 + 5.34393]
Epoch 1274 [2.3s]: train==[6023.54312=6015.12576 + 1.97324 + 0.00000 + 1.07682 + 5.36724]
Epoch 1275 [2.3s]: train==[6112.11558=6103.70819 + 1.97909 + 0.00000 + 1.07485 + 5.35350]
Epoch 1276 [2.3s]: train==[6032.61409=6024.23152 + 1.97353 + 0.00000 + 1.07174 + 5.33738]
Epoch 1277 [2.3s]: train==[6074.85321=6066.48035 + 1.97986 + 0.00000 + 1.07063 + 5.32236]
Epoch 1278 [2.2s]: train==[5992.60415=5984.19911 + 1.97940 + 0.00000 + 1.07405 + 5.35156]
drop_flag:  True ,	 mess_dropout:  [0.0, 0.0]
rate_batch  torch.Size([1162, 753])
gt_count  8427
candidate_count  874986
ideal candidate count  874986
Epoch 1279 [2.2s + 0.9s]: train==[6117.88660=6109.50281 + 1.97412 + 0.00000 + 1.07350 + 5.33618]
 recall=[0.24146, 0.50956], precision=[0.32392, 0.18098],  f1=[0.25425, 0.25025], RMRR=[0.11321, 0.16167]
Epoch 1280 [2.2s]: train==[6110.30942=6101.93491 + 1.97865 + 0.00000 + 1.07329 + 5.32270]
Epoch 1281 [2.3s]: train==[6056.55377=6048.14310 + 1.97603 + 0.00000 + 1.07373 + 5.36092]
Epoch 1282 [2.3s]: train==[5936.62585=5928.23076 + 1.97584 + 0.00000 + 1.07531 + 5.34389]
Epoch 1283 [2.3s]: train==[6110.61369=6102.19904 + 1.97386 + 0.00000 + 1.07210 + 5.36868]
Epoch 1284 [2.2s]: train==[6087.06347=6078.66772 + 1.97549 + 0.00000 + 1.07472 + 5.34548]
Epoch 1285 [2.2s]: train==[6029.40089=6021.04141 + 1.97580 + 0.00000 + 1.06868 + 5.31497]
Epoch 1286 [2.2s]: train==[5999.44899=5991.05522 + 1.97782 + 0.00000 + 1.07310 + 5.34290]
Epoch 1287 [2.2s]: train==[6103.65844=6095.26439 + 1.97918 + 0.00000 + 1.07231 + 5.34267]
Epoch 1288 [2.4s]: train==[5983.73851=5975.33821 + 1.97636 + 0.00000 + 1.07499 + 5.34891]
drop_flag:  True ,	 mess_dropout:  [0.0, 0.0]
rate_batch  torch.Size([1162, 753])
gt_count  8427
candidate_count  874986
ideal candidate count  874986
Epoch 1289 [2.2s + 0.9s]: train==[6150.65615=6142.25822 + 1.97674 + 0.00000 + 1.06851 + 5.35270]
 recall=[0.24199, 0.51216], precision=[0.32392, 0.18335],  f1=[0.25393, 0.25309], RMRR=[0.11534, 0.16443]
Epoch 1290 [2.3s]: train==[5883.31334=5874.91620 + 1.97994 + 0.00000 + 1.07285 + 5.34439]
Epoch 1291 [2.2s]: train==[6062.51569=6054.13527 + 1.97983 + 0.00000 + 1.06665 + 5.33393]
Epoch 1292 [2.2s]: train==[6157.06752=6148.68364 + 1.98255 + 0.00000 + 1.06633 + 5.33504]
Epoch 1293 [2.2s]: train==[6053.22079=6044.84726 + 1.98006 + 0.00000 + 1.06882 + 5.32469]
Epoch 1294 [2.2s]: train==[6225.67526=6217.28258 + 1.98208 + 0.00000 + 1.06358 + 5.34704]
Epoch 1295 [2.2s]: train==[6112.59186=6104.24252 + 1.98095 + 0.00000 + 1.06536 + 5.30308]
Epoch 1296 [2.2s]: train==[5980.31709=5971.97098 + 1.98444 + 0.00000 + 1.06036 + 5.30133]
Epoch 1297 [2.3s]: train==[6040.10353=6031.74556 + 1.98254 + 0.00000 + 1.06498 + 5.31046]
Epoch 1298 [2.2s]: train==[6123.57141=6115.18155 + 1.98060 + 0.00000 + 1.06457 + 5.34474]
drop_flag:  True ,	 mess_dropout:  [0.0, 0.0]
rate_batch  torch.Size([1162, 753])
gt_count  8427
candidate_count  874986
ideal candidate count  874986
Epoch 1299 [2.2s + 0.9s]: train==[6222.58884=6214.22333 + 1.98383 + 0.00000 + 1.06910 + 5.31264]
 recall=[0.23592, 0.51225], precision=[0.32083, 0.18460],  f1=[0.24974, 0.25439], RMRR=[0.11672, 0.16535]
Epoch 1300 [2.2s]: train==[6078.86439=6070.47719 + 1.98528 + 0.00000 + 1.06921 + 5.33269]
Epoch 1301 [2.2s]: train==[6087.85066=6079.44749 + 1.98673 + 0.00000 + 1.06688 + 5.34956]
Epoch 1302 [2.2s]: train==[6129.30456=6120.96558 + 1.98336 + 0.00000 + 1.06350 + 5.29209]
Epoch 1303 [2.2s]: train==[5958.06852=5949.70970 + 1.98614 + 0.00000 + 1.06655 + 5.30612]
Epoch 1304 [2.2s]: train==[6077.86780=6069.48186 + 1.98969 + 0.00000 + 1.06797 + 5.32824]
Epoch 1305 [2.3s]: train==[5874.65719=5866.29471 + 1.98820 + 0.00000 + 1.06441 + 5.30991]
Epoch 1306 [2.2s]: train==[5773.39795=5765.02425 + 1.98582 + 0.00000 + 1.06002 + 5.32781]
Epoch 1307 [2.2s]: train==[6006.77755=5998.40228 + 1.99037 + 0.00000 + 1.06195 + 5.32294]
Epoch 1308 [2.2s]: train==[5945.66229=5937.25903 + 1.98965 + 0.00000 + 1.06547 + 5.34813]
drop_flag:  True ,	 mess_dropout:  [0.0, 0.0]
rate_batch  torch.Size([1162, 753])
gt_count  8427
candidate_count  874986
ideal candidate count  874986
Epoch 1309 [2.2s + 0.9s]: train==[6024.76278=6016.38255 + 1.99293 + 0.00000 + 1.06281 + 5.32452]
 recall=[0.23938, 0.51075], precision=[0.32341, 0.18365],  f1=[0.25339, 0.25327], RMRR=[0.11366, 0.16175]
Epoch 1310 [2.2s]: train==[6126.38558=6117.97319 + 1.98697 + 0.00000 + 1.06379 + 5.36161]
Epoch 1311 [2.2s]: train==[6104.33514=6095.98264 + 1.99165 + 0.00000 + 1.05881 + 5.30206]
Epoch 1312 [2.2s]: train==[6094.74343=6086.39084 + 1.99111 + 0.00000 + 1.06219 + 5.29926]
Epoch 1313 [2.2s]: train==[5883.75552=5875.38638 + 1.98937 + 0.00000 + 1.06652 + 5.31328]
Epoch 1314 [2.2s]: train==[5822.09744=5813.72037 + 1.98517 + 0.00000 + 1.06479 + 5.32703]
Epoch 1315 [2.2s]: train==[6137.92697=6129.55263 + 1.99076 + 0.00000 + 1.06419 + 5.31936]
Epoch 1316 [2.2s]: train==[6170.92726=6162.51619 + 1.99218 + 0.00000 + 1.06331 + 5.35564]
Epoch 1317 [2.2s]: train==[5966.11398=5957.73112 + 1.99186 + 0.00000 + 1.06266 + 5.32832]
Epoch 1318 [2.2s]: train==[6059.94201=6051.57166 + 1.99256 + 0.00000 + 1.06165 + 5.31617]
drop_flag:  True ,	 mess_dropout:  [0.0, 0.0]
rate_batch  torch.Size([1162, 753])
gt_count  8427
candidate_count  874986
ideal candidate count  874986
Epoch 1319 [2.2s + 0.9s]: train==[6170.66866=6162.31165 + 1.99495 + 0.00000 + 1.06111 + 5.30095]
 recall=[0.24393, 0.51430], precision=[0.32857, 0.18429],  f1=[0.25768, 0.25432], RMRR=[0.11710, 0.16548]
Epoch 1320 [2.2s]: train==[6027.92783=6019.56564 + 1.99338 + 0.00000 + 1.06070 + 5.30809]
Epoch 1321 [2.2s]: train==[6021.36728=6013.01411 + 1.98793 + 0.00000 + 1.06133 + 5.30391]
Epoch 1322 [2.2s]: train==[6198.48124=6190.14273 + 1.99450 + 0.00000 + 1.06057 + 5.28347]
Epoch 1323 [2.2s]: train==[6252.35728=6244.00977 + 2.00040 + 0.00000 + 1.06016 + 5.28693]
Epoch 1324 [2.2s]: train==[6159.39075=6151.03529 + 1.99774 + 0.00000 + 1.05587 + 5.30184]
Epoch 1325 [2.3s]: train==[5856.86869=5848.52823 + 1.99427 + 0.00000 + 1.05540 + 5.29081]
Epoch 1326 [2.2s]: train==[6219.23814=6210.91614 + 1.99230 + 0.00000 + 1.05923 + 5.27046]
Epoch 1327 [2.2s]: train==[6198.04758=6189.72185 + 1.99366 + 0.00000 + 1.05842 + 5.27365]
Epoch 1328 [2.2s]: train==[5945.20321=5936.87523 + 1.99590 + 0.00000 + 1.06074 + 5.27131]
drop_flag:  True ,	 mess_dropout:  [0.0, 0.0]
rate_batch  torch.Size([1162, 753])
gt_count  8427
candidate_count  874986
ideal candidate count  874986
Epoch 1329 [2.2s + 0.9s]: train==[6209.04420=6200.70067 + 1.99425 + 0.00000 + 1.05945 + 5.28981]
 recall=[0.23627, 0.51458], precision=[0.32306, 0.18395],  f1=[0.25138, 0.25395], RMRR=[0.10986, 0.15979]
Epoch 1330 [2.2s]: train==[5852.49164=5844.16483 + 1.99409 + 0.00000 + 1.05987 + 5.27289]
Epoch 1331 [2.2s]: train==[5848.72675=5840.38007 + 1.99561 + 0.00000 + 1.05711 + 5.29396]
Epoch 1332 [2.2s]: train==[6128.21662=6119.87601 + 1.99683 + 0.00000 + 1.05475 + 5.28900]
Epoch 1333 [2.3s]: train==[5990.26835=5981.88200 + 1.99740 + 0.00000 + 1.05658 + 5.33239]
Epoch 1334 [2.4s]: train==[5948.07404=5939.75984 + 1.99702 + 0.00000 + 1.05400 + 5.26320]
Epoch 1335 [2.2s]: train==[6004.67962=5996.36821 + 1.99745 + 0.00000 + 1.05550 + 5.25848]
Epoch 1336 [2.2s]: train==[5993.59726=5985.28148 + 1.99631 + 0.00000 + 1.05770 + 5.26179]
Epoch 1337 [2.4s]: train==[5966.51789=5958.18085 + 1.99624 + 0.00000 + 1.05338 + 5.28739]
Epoch 1338 [2.5s]: train==[6081.68506=6073.34470 + 2.00086 + 0.00000 + 1.05582 + 5.28372]
drop_flag:  True ,	 mess_dropout:  [0.0, 0.0]
rate_batch  torch.Size([1162, 753])
gt_count  8427
candidate_count  874986
ideal candidate count  874986
Epoch 1339 [2.7s + 1.1s]: train==[6100.30911=6092.02475 + 1.99936 + 0.00000 + 1.05310 + 5.23188]
 recall=[0.24132, 0.51749], precision=[0.33029, 0.18498],  f1=[0.25714, 0.25568], RMRR=[0.11556, 0.16460]
Epoch 1340 [2.2s]: train==[6213.32220=6205.01604 + 2.00047 + 0.00000 + 1.05171 + 5.25397]
Epoch 1341 [2.2s]: train==[6039.81845=6031.47159 + 2.00313 + 0.00000 + 1.05516 + 5.28855]
Epoch 1342 [2.2s]: train==[6232.63846=6224.27734 + 1.99797 + 0.00000 + 1.05856 + 5.30456]
Epoch 1343 [2.2s]: train==[6079.12343=6070.80011 + 2.00069 + 0.00000 + 1.05164 + 5.27103]
Epoch 1344 [2.2s]: train==[6133.39687=6125.06757 + 2.00221 + 0.00000 + 1.05056 + 5.27657]
Epoch 1345 [2.2s]: train==[5868.68258=5860.36804 + 2.00245 + 0.00000 + 1.04940 + 5.26273]
Epoch 1346 [2.2s]: train==[5815.80159=5807.45807 + 2.00316 + 0.00000 + 1.05181 + 5.28854]
Epoch 1347 [2.2s]: train==[6154.71197=6146.41714 + 2.00084 + 0.00000 + 1.04583 + 5.24818]
Epoch 1348 [2.2s]: train==[6068.97396=6060.64412 + 2.00096 + 0.00000 + 1.04504 + 5.28392]
drop_flag:  True ,	 mess_dropout:  [0.0, 0.0]
rate_batch  torch.Size([1162, 753])
gt_count  8427
candidate_count  874986
ideal candidate count  874986
Epoch 1349 [2.1s + 0.9s]: train==[6011.85013=6003.53395 + 1.99697 + 0.00000 + 1.05028 + 5.26887]
 recall=[0.23958, 0.51663], precision=[0.32530, 0.18584],  f1=[0.25423, 0.25619], RMRR=[0.11447, 0.16375]
Epoch 1350 [2.1s]: train==[6128.36808=6120.05470 + 2.00369 + 0.00000 + 1.05020 + 5.25944]
Epoch 1351 [2.2s]: train==[6041.92589=6033.62907 + 2.00501 + 0.00000 + 1.04843 + 5.24334]
Epoch 1352 [2.3s]: train==[6188.45301=6180.13170 + 2.00289 + 0.00000 + 1.05245 + 5.26601]
Epoch 1353 [2.2s]: train==[6088.63766=6080.32841 + 2.00446 + 0.00000 + 1.04963 + 5.25519]
Epoch 1354 [2.1s]: train==[5903.69190=5895.36649 + 2.00223 + 0.00000 + 1.04933 + 5.27384]
Epoch 1355 [2.2s]: train==[6075.27175=6066.98701 + 1.99721 + 0.00000 + 1.04477 + 5.24273]
Epoch 1356 [2.3s]: train==[6096.64135=6088.30389 + 2.00301 + 0.00000 + 1.04661 + 5.28782]
Epoch 1357 [2.2s]: train==[5999.09352=5990.79001 + 1.99817 + 0.00000 + 1.04591 + 5.25941]
Epoch 1358 [2.1s]: train==[6078.90085=6070.57106 + 2.00476 + 0.00000 + 1.04756 + 5.27752]
drop_flag:  True ,	 mess_dropout:  [0.0, 0.0]
rate_batch  torch.Size([1162, 753])
gt_count  8427
candidate_count  874986
ideal candidate count  874986
Epoch 1359 [2.2s + 0.9s]: train==[6168.74175=6160.44815 + 2.00462 + 0.00000 + 1.04504 + 5.24396]
 recall=[0.23983, 0.51118], precision=[0.32461, 0.18343],  f1=[0.25398, 0.25328], RMRR=[0.11048, 0.15860]
Epoch 1360 [2.1s]: train==[6005.36443=5997.05693 + 2.00148 + 0.00000 + 1.04368 + 5.26230]
Epoch 1361 [2.2s]: train==[6130.61242=6122.31802 + 2.00256 + 0.00000 + 1.04725 + 5.24456]
Epoch 1362 [2.1s]: train==[5989.54601=5981.23079 + 2.00363 + 0.00000 + 1.04857 + 5.26297]
Epoch 1363 [2.2s]: train==[6253.51140=6245.17268 + 1.99978 + 0.00000 + 1.04673 + 5.29222]
Epoch 1364 [2.2s]: train==[6005.54896=5997.24931 + 2.00466 + 0.00000 + 1.04440 + 5.25060]
Epoch 1365 [2.2s]: train==[6141.08430=6132.76651 + 2.00359 + 0.00000 + 1.04401 + 5.27021]
Epoch 1366 [2.3s]: train==[6168.61502=6160.32402 + 2.00556 + 0.00000 + 1.04655 + 5.23885]
Epoch 1367 [2.2s]: train==[6209.30274=6200.98940 + 2.01037 + 0.00000 + 1.04327 + 5.25977]
Epoch 1368 [2.2s]: train==[6025.14345=6016.83748 + 2.00773 + 0.00000 + 1.04506 + 5.25318]
drop_flag:  True ,	 mess_dropout:  [0.0, 0.0]
rate_batch  torch.Size([1162, 753])
gt_count  8427
candidate_count  874986
ideal candidate count  874986
Epoch 1369 [2.8s + 1.0s]: train==[6293.76524=6285.46397 + 2.00747 + 0.00000 + 1.04372 + 5.25006]
 recall=[0.23982, 0.51536], precision=[0.32823, 0.18477],  f1=[0.25534, 0.25502], RMRR=[0.11634, 0.16526]
Epoch 1370 [2.1s]: train==[6211.88898=6203.61058 + 2.00520 + 0.00000 + 1.04071 + 5.23248]
Epoch 1371 [2.1s]: train==[6024.02176=6015.73425 + 2.00390 + 0.00000 + 1.04151 + 5.24211]
Epoch 1372 [2.2s]: train==[6237.90481=6229.55966 + 2.00950 + 0.00000 + 1.04544 + 5.29019]
Epoch 1373 [2.1s]: train==[5906.15444=5897.88887 + 2.00953 + 0.00000 + 1.04372 + 5.21229]
Epoch 1374 [2.2s]: train==[6000.86874=5992.60918 + 2.00956 + 0.00000 + 1.04069 + 5.20930]
Epoch 1375 [2.2s]: train==[5880.85380=5872.57222 + 2.00897 + 0.00000 + 1.04386 + 5.22875]
Epoch 1376 [2.2s]: train==[6076.75664=6068.48547 + 2.00851 + 0.00000 + 1.04119 + 5.22143]
Epoch 1377 [2.3s]: train==[6345.95767=6337.69006 + 2.00365 + 0.00000 + 1.04194 + 5.22200]
Epoch 1378 [2.3s]: train==[6008.10520=5999.78944 + 2.00703 + 0.00000 + 1.04153 + 5.26717]
drop_flag:  True ,	 mess_dropout:  [0.0, 0.0]
rate_batch  torch.Size([1162, 753])
gt_count  8427
candidate_count  874986
ideal candidate count  874986
Epoch 1379 [2.2s + 1.0s]: train==[6115.42852=6107.11673 + 2.01193 + 0.00000 + 1.04107 + 5.25883]
 recall=[0.24431, 0.51269], precision=[0.32874, 0.18399],  f1=[0.25766, 0.25397], RMRR=[0.11608, 0.16417]
Epoch 1380 [2.1s]: train==[6027.18242=6018.86418 + 2.00284 + 0.00000 + 1.04151 + 5.27381]
Epoch 1381 [2.1s]: train==[6012.22102=6003.91173 + 2.01201 + 0.00000 + 1.04251 + 5.25477]
Epoch 1382 [2.1s]: train==[6141.21623=6132.95778 + 2.00950 + 0.00000 + 1.04136 + 5.20754]
Epoch 1383 [2.2s]: train==[5901.51968=5893.24399 + 2.00583 + 0.00000 + 1.03852 + 5.23130]
Epoch 1384 [2.2s]: train==[6104.51664=6096.21004 + 2.00881 + 0.00000 + 1.03942 + 5.25841]
Epoch 1385 [2.2s]: train==[5989.96702=5981.71469 + 2.00996 + 0.00000 + 1.03598 + 5.20635]
Epoch 1386 [2.2s]: train==[6093.91474=6085.66359 + 2.00865 + 0.00000 + 1.03644 + 5.20603]
Epoch 1387 [2.1s]: train==[6085.76667=6077.43027 + 2.00473 + 0.00000 + 1.03834 + 5.29335]
Epoch 1388 [2.2s]: train==[6163.71801=6155.40431 + 2.00999 + 0.00000 + 1.03627 + 5.26746]
drop_flag:  True ,	 mess_dropout:  [0.0, 0.0]
rate_batch  torch.Size([1162, 753])
gt_count  8427
candidate_count  874986
ideal candidate count  874986
Epoch 1389 [2.1s + 0.9s]: train==[6072.04563=6063.74385 + 2.01153 + 0.00000 + 1.04037 + 5.24988]
 recall=[0.24655, 0.51539], precision=[0.33201, 0.18515],  f1=[0.25994, 0.25544], RMRR=[0.11876, 0.16617]
Epoch 1390 [2.1s]: train==[6086.44357=6078.12357 + 2.00794 + 0.00000 + 1.04080 + 5.27125]
Epoch 1391 [2.1s]: train==[5957.55773=5949.22311 + 2.01264 + 0.00000 + 1.04055 + 5.28142]
Epoch 1392 [2.1s]: train==[6113.63451=6105.35406 + 2.01320 + 0.00000 + 1.03712 + 5.23008]
Epoch 1393 [2.1s]: train==[6045.80811=6037.54930 + 2.00921 + 0.00000 + 1.03746 + 5.21213]
Epoch 1394 [2.1s]: train==[6156.55909=6148.33968 + 2.01496 + 0.00000 + 1.03394 + 5.17056]
Epoch 1395 [2.1s]: train==[6096.89191=6088.63672 + 2.01017 + 0.00000 + 1.03713 + 5.20790]
Epoch 1396 [2.2s]: train==[6181.04766=6172.81386 + 2.01396 + 0.00000 + 1.03069 + 5.18912]
Epoch 1397 [2.1s]: train==[6221.75761=6213.50903 + 2.01039 + 0.00000 + 1.03500 + 5.20322]
Epoch 1398 [2.2s]: train==[5913.63618=5905.36090 + 2.01145 + 0.00000 + 1.03547 + 5.22837]
drop_flag:  True ,	 mess_dropout:  [0.0, 0.0]
rate_batch  torch.Size([1162, 753])
gt_count  8427
candidate_count  874986
ideal candidate count  874986
Epoch 1399 [2.1s + 0.9s]: train==[6094.34955=6086.04985 + 2.01607 + 0.00000 + 1.03524 + 5.24830]
 recall=[0.24150, 0.51595], precision=[0.32806, 0.18498],  f1=[0.25582, 0.25521], RMRR=[0.11627, 0.16527]
Epoch 1400 [2.1s]: train==[6073.04696=6064.77342 + 2.01266 + 0.00000 + 1.03576 + 5.22505]
Epoch 1401 [2.1s]: train==[6157.20367=6148.90331 + 2.01389 + 0.00000 + 1.03446 + 5.25202]
Epoch 1402 [2.1s]: train==[6130.95095=6122.70473 + 2.01364 + 0.00000 + 1.03475 + 5.19783]
Epoch 1403 [2.2s]: train==[5997.46987=5989.22789 + 2.01182 + 0.00000 + 1.03216 + 5.19800]
Epoch 1404 [2.1s]: train==[6239.74488=6231.50812 + 2.01430 + 0.00000 + 1.03199 + 5.19046]
Epoch 1405 [2.1s]: train==[6138.02319=6129.75308 + 2.01711 + 0.00000 + 1.03824 + 5.21473]
Epoch 1406 [2.1s]: train==[6039.70001=6031.45335 + 2.01310 + 0.00000 + 1.03077 + 5.20276]
Epoch 1407 [2.1s]: train==[5997.24186=5988.96552 + 2.01275 + 0.00000 + 1.03520 + 5.22844]
Epoch 1408 [2.2s]: train==[6223.59424=6215.33113 + 2.02207 + 0.00000 + 1.03139 + 5.20968]
drop_flag:  True ,	 mess_dropout:  [0.0, 0.0]
rate_batch  torch.Size([1162, 753])
gt_count  8427
candidate_count  874986
ideal candidate count  874986
Epoch 1409 [2.2s + 0.9s]: train==[6229.96288=6221.70175 + 2.01923 + 0.00000 + 1.03216 + 5.20981]
 recall=[0.24336, 0.52114], precision=[0.33029, 0.18627],  f1=[0.25767, 0.25715], RMRR=[0.11682, 0.16542]
Epoch 1410 [2.1s]: train==[6122.35634=6114.08197 + 2.01319 + 0.00000 + 1.02758 + 5.23359]
Epoch 1411 [2.1s]: train==[6102.37972=6094.11821 + 2.02005 + 0.00000 + 1.02889 + 5.21259]
Epoch 1412 [2.5s]: train==[6076.39854=6068.14748 + 2.01389 + 0.00000 + 1.03017 + 5.20695]
Epoch 1413 [2.8s]: train==[6122.22644=6113.98837 + 2.01847 + 0.00000 + 1.03345 + 5.18625]
Epoch 1414 [2.5s]: train==[6056.20157=6047.99200 + 2.01924 + 0.00000 + 1.03051 + 5.15981]
Epoch 1415 [2.3s]: train==[6215.77930=6207.52544 + 2.01979 + 0.00000 + 1.02678 + 5.20733]
Epoch 1416 [2.4s]: train==[6017.14280=6008.89928 + 2.01068 + 0.00000 + 1.03139 + 5.20144]
Epoch 1417 [2.6s]: train==[6155.35333=6147.10974 + 2.01901 + 0.00000 + 1.03181 + 5.19279]
Epoch 1418 [3.5s]: train==[6241.72854=6233.48463 + 2.01912 + 0.00000 + 1.02872 + 5.19610]
drop_flag:  True ,	 mess_dropout:  [0.0, 0.0]
rate_batch  torch.Size([1162, 753])
gt_count  8427
candidate_count  874986
ideal candidate count  874986
Epoch 1419 [2.5s + 0.9s]: train==[5948.52900=5940.33533 + 2.01662 + 0.00000 + 1.02385 + 5.15322]
 recall=[0.24435, 0.51145], precision=[0.33270, 0.18262],  f1=[0.25978, 0.25211], RMRR=[0.11442, 0.16052]
Epoch 1420 [2.5s]: train==[6151.02714=6142.80350 + 2.02152 + 0.00000 + 1.02921 + 5.17288]
Epoch 1421 [2.6s]: train==[6031.73655=6023.52936 + 2.02278 + 0.00000 + 1.02866 + 5.15574]
Epoch 1422 [2.3s]: train==[6104.82276=6096.60323 + 2.02126 + 0.00000 + 1.03029 + 5.16795]
Epoch 1423 [2.2s]: train==[6105.92515=6097.65709 + 2.01668 + 0.00000 + 1.03112 + 5.22020]
Epoch 1424 [3.6s]: train==[5977.24882=5969.00177 + 2.01887 + 0.00000 + 1.02828 + 5.19988]
Epoch 1425 [2.2s]: train==[6158.38494=6150.13824 + 2.02501 + 0.00000 + 1.03104 + 5.19067]
Epoch 1426 [2.1s]: train==[5834.23417=5825.97870 + 2.02378 + 0.00000 + 1.03047 + 5.20123]
Epoch 1427 [2.1s]: train==[5907.14014=5898.85670 + 2.02396 + 0.00000 + 1.02829 + 5.23117]
Epoch 1428 [2.2s]: train==[6047.49333=6039.23312 + 2.02196 + 0.00000 + 1.02817 + 5.21014]
drop_flag:  True ,	 mess_dropout:  [0.0, 0.0]
rate_batch  torch.Size([1162, 753])
gt_count  8427
candidate_count  874986
ideal candidate count  874986
Epoch 1429 [2.2s + 0.9s]: train==[5938.78775=5930.53699 + 2.01923 + 0.00000 + 1.02742 + 5.20416]
 recall=[0.24475, 0.51763], precision=[0.32857, 0.18507],  f1=[0.25841, 0.25558], RMRR=[0.11807, 0.16650]
Epoch 1430 [2.1s]: train==[6040.43632=6032.18964 + 2.02094 + 0.00000 + 1.02703 + 5.19868]
Epoch 1431 [2.2s]: train==[6085.92596=6077.67238 + 2.02098 + 0.00000 + 1.02327 + 5.20929]
Epoch 1432 [2.2s]: train==[6112.54031=6104.29944 + 2.01814 + 0.00000 + 1.02630 + 5.19640]
Epoch 1433 [2.2s]: train==[5935.04061=5926.80730 + 2.02378 + 0.00000 + 1.02867 + 5.18084]
Epoch 1434 [2.3s]: train==[6050.34617=6042.09999 + 2.02665 + 0.00000 + 1.02633 + 5.19326]
Epoch 1435 [2.2s]: train==[5815.26174=5807.02397 + 2.02293 + 0.00000 + 1.02214 + 5.19272]
Epoch 1436 [2.2s]: train==[6149.70285=6141.47137 + 2.02320 + 0.00000 + 1.02474 + 5.18355]
Epoch 1437 [2.2s]: train==[6023.58551=6015.31985 + 2.02489 + 0.00000 + 1.02253 + 5.21825]
Epoch 1438 [2.2s]: train==[6005.62508=5997.40976 + 2.02392 + 0.00000 + 1.02245 + 5.16897]
drop_flag:  True ,	 mess_dropout:  [0.0, 0.0]
rate_batch  torch.Size([1162, 753])
gt_count  8427
candidate_count  874986
ideal candidate count  874986
Epoch 1439 [2.2s + 0.9s]: train==[6103.98953=6095.79839 + 2.02293 + 0.00000 + 1.02185 + 5.14631]
 recall=[0.24180, 0.51834], precision=[0.32788, 0.18580],  f1=[0.25624, 0.25651], RMRR=[0.11462, 0.16371]
Epoch 1440 [2.2s]: train==[6015.41319=6007.21286 + 2.02740 + 0.00000 + 1.02299 + 5.14990]
Epoch 1441 [2.2s]: train==[6042.24881=6034.02811 + 2.02694 + 0.00000 + 1.02274 + 5.17101]
Epoch 1442 [5.0s]: train==[5921.81213=5913.61530 + 2.02617 + 0.00000 + 1.02157 + 5.14905]
Epoch 1443 [3.4s]: train==[6033.03450=6024.80063 + 2.02585 + 0.00000 + 1.02435 + 5.18372]
Epoch 1444 [2.6s]: train==[6086.59656=6078.34879 + 2.02203 + 0.00000 + 1.02323 + 5.20256]
Epoch 1445 [2.3s]: train==[6148.21426=6139.96886 + 2.02479 + 0.00000 + 1.02369 + 5.19684]
Epoch 1446 [2.7s]: train==[5983.49529=5975.24045 + 2.02711 + 0.00000 + 1.02244 + 5.20533]
Epoch 1447 [2.5s]: train==[6116.18269=6107.96732 + 2.02375 + 0.00000 + 1.01925 + 5.17241]
Epoch 1448 [2.4s]: train==[6169.97215=6161.74455 + 2.02638 + 0.00000 + 1.02118 + 5.18006]
drop_flag:  True ,	 mess_dropout:  [0.0, 0.0]
rate_batch  torch.Size([1162, 753])
gt_count  8427
candidate_count  874986
ideal candidate count  874986
Epoch 1449 [2.5s + 1.0s]: train==[6071.96095=6063.74741 + 2.02300 + 0.00000 + 1.01989 + 5.17067]
 recall=[0.23871, 0.51876], precision=[0.32926, 0.18515],  f1=[0.25624, 0.25573], RMRR=[0.11426, 0.16354]
Epoch 1450 [2.3s]: train==[5996.29214=5988.02351 + 2.02808 + 0.00000 + 1.02400 + 5.21657]
Epoch 1451 [3.0s]: train==[6156.20418=6147.95987 + 2.02564 + 0.00000 + 1.02387 + 5.19485]
Epoch 1452 [2.4s]: train==[5894.64093=5886.40331 + 2.02495 + 0.00000 + 1.02149 + 5.19119]
Epoch 1453 [2.7s]: train==[5912.39605=5904.17868 + 2.02829 + 0.00000 + 1.02087 + 5.16824]
Epoch 1454 [2.7s]: train==[6122.14853=6113.92236 + 2.02441 + 0.00000 + 1.01904 + 5.18274]
Epoch 1455 [2.7s]: train==[6086.90022=6078.67870 + 2.02691 + 0.00000 + 1.02056 + 5.17403]
Epoch 1456 [3.8s]: train==[5916.13426=5907.91635 + 2.02740 + 0.00000 + 1.02133 + 5.16917]
Epoch 1457 [2.4s]: train==[6042.13807=6033.93404 + 2.02857 + 0.00000 + 1.02130 + 5.15409]
Epoch 1458 [2.3s]: train==[6153.39628=6145.18196 + 2.02776 + 0.00000 + 1.01572 + 5.17086]
drop_flag:  True ,	 mess_dropout:  [0.0, 0.0]
rate_batch  torch.Size([1162, 753])
gt_count  8427
candidate_count  874986
ideal candidate count  874986
Epoch 1459 [2.2s + 0.9s]: train==[5912.54442=5904.31218 + 2.02508 + 0.00000 + 1.02120 + 5.18595]
 recall=[0.24320, 0.51725], precision=[0.33012, 0.18554],  f1=[0.25810, 0.25609], RMRR=[0.11569, 0.16366]
Epoch 1460 [2.1s]: train==[6124.01089=6115.77791 + 2.03365 + 0.00000 + 1.02066 + 5.17868]
Epoch 1461 [2.2s]: train==[6112.12788=6103.94357 + 2.03056 + 0.00000 + 1.02012 + 5.13360]
Epoch 1462 [2.2s]: train==[6035.00382=6026.83296 + 2.03596 + 0.00000 + 1.01739 + 5.11750]
Epoch 1463 [2.2s]: train==[6170.30091=6162.11497 + 2.03146 + 0.00000 + 1.01856 + 5.13596]
Epoch 1464 [2.2s]: train==[6342.86899=6334.65570 + 2.02922 + 0.00000 + 1.01825 + 5.16577]
Epoch 1465 [2.2s]: train==[6114.53312=6106.32088 + 2.02695 + 0.00000 + 1.01375 + 5.17158]
Epoch 1466 [2.3s]: train==[6067.62099=6059.38391 + 2.02834 + 0.00000 + 1.01921 + 5.18955]
Epoch 1467 [2.2s]: train==[5947.85463=5939.63272 + 2.02769 + 0.00000 + 1.01963 + 5.17457]
Epoch 1468 [2.2s]: train==[6084.82743=6076.65849 + 2.03117 + 0.00000 + 1.01445 + 5.12331]
drop_flag:  True ,	 mess_dropout:  [0.0, 0.0]
rate_batch  torch.Size([1162, 753])
gt_count  8427
candidate_count  874986
ideal candidate count  874986
Epoch 1469 [2.2s + 0.9s]: train==[5934.39428=5926.17964 + 2.03455 + 0.00000 + 1.02139 + 5.15869]
 recall=[0.24713, 0.51490], precision=[0.33253, 0.18494],  f1=[0.26047, 0.25521], RMRR=[0.12221, 0.17047]
Epoch 1470 [2.2s]: train==[6154.58240=6146.37186 + 2.03282 + 0.00000 + 1.01627 + 5.16147]
Epoch 1471 [2.2s]: train==[5929.66765=5921.48792 + 2.03144 + 0.00000 + 1.01478 + 5.13352]
Epoch 1472 [2.2s]: train==[6013.70292=6005.46634 + 2.03403 + 0.00000 + 1.01631 + 5.18618]
Epoch 1473 [2.2s]: train==[6020.49887=6012.28404 + 2.03664 + 0.00000 + 1.01473 + 5.16348]
Epoch 1474 [2.2s]: train==[6031.42258=6023.22360 + 2.04103 + 0.00000 + 1.01486 + 5.14310]
Epoch 1475 [2.2s]: train==[6045.66907=6037.49820 + 2.03639 + 0.00000 + 1.01448 + 5.12003]
Epoch 1476 [2.2s]: train==[6219.01541=6210.82887 + 2.03694 + 0.00000 + 1.01747 + 5.13210]
Epoch 1477 [2.1s]: train==[6059.47056=6051.29810 + 2.03684 + 0.00000 + 1.01542 + 5.12023]
Epoch 1478 [2.2s]: train==[5975.83891=5967.65317 + 2.03844 + 0.00000 + 1.01259 + 5.13470]
drop_flag:  True ,	 mess_dropout:  [0.0, 0.0]
rate_batch  torch.Size([1162, 753])
gt_count  8427
candidate_count  874986
ideal candidate count  874986
Epoch 1479 [2.2s + 0.9s]: train==[5959.77581=5951.57092 + 2.03546 + 0.00000 + 1.01638 + 5.15303]
 recall=[0.24062, 0.51834], precision=[0.32943, 0.18468],  f1=[0.25668, 0.25492], RMRR=[0.11441, 0.16367]
Epoch 1480 [2.1s]: train==[5879.85672=5871.67744 + 2.03767 + 0.00000 + 1.01104 + 5.13058]
Epoch 1481 [2.2s]: train==[6126.04626=6117.84848 + 2.03889 + 0.00000 + 1.01330 + 5.14552]
Epoch 1482 [2.5s]: train==[5938.77727=5930.58609 + 2.04051 + 0.00000 + 1.01066 + 5.13999]
Epoch 1483 [3.1s]: train==[5902.55622=5894.37941 + 2.03834 + 0.00000 + 1.01059 + 5.12787]
Epoch 1484 [2.2s]: train==[6215.68443=6207.50885 + 2.03667 + 0.00000 + 1.01229 + 5.12664]
Epoch 1485 [2.3s]: train==[5993.43361=5985.24704 + 2.03449 + 0.00000 + 1.00867 + 5.14342]
Epoch 1486 [2.2s]: train==[5934.40996=5926.20201 + 2.04019 + 0.00000 + 1.01110 + 5.15664]
Epoch 1487 [2.2s]: train==[6036.86982=6028.68288 + 2.03829 + 0.00000 + 1.00983 + 5.13880]
Epoch 1488 [2.2s]: train==[5952.89398=5944.71251 + 2.04191 + 0.00000 + 1.00993 + 5.12960]
drop_flag:  True ,	 mess_dropout:  [0.0, 0.0]
rate_batch  torch.Size([1162, 753])
gt_count  8427
candidate_count  874986
ideal candidate count  874986
Epoch 1489 [2.2s + 0.9s]: train==[6097.77977=6089.61325 + 2.03802 + 0.00000 + 1.00938 + 5.11911]
 recall=[0.23566, 0.51766], precision=[0.32565, 0.18460],  f1=[0.25223, 0.25485], RMRR=[0.11130, 0.16002]
Epoch 1490 [2.2s]: train==[6038.33376=6030.17268 + 2.03890 + 0.00000 + 1.00934 + 5.11286]
Epoch 1491 [2.1s]: train==[5899.81428=5891.63777 + 2.03993 + 0.00000 + 1.00833 + 5.12831]
Epoch 1492 [2.2s]: train==[5793.13388=5784.97804 + 2.03627 + 0.00000 + 1.00619 + 5.11341]
Epoch 1493 [2.2s]: train==[6205.81228=6197.61687 + 2.04123 + 0.00000 + 1.00858 + 5.14566]
Epoch 1494 [2.3s]: train==[6030.19963=6022.00446 + 2.04241 + 0.00000 + 1.00715 + 5.14558]
Epoch 1495 [2.2s]: train==[5920.30525=5912.14731 + 2.03658 + 0.00000 + 1.00875 + 5.11263]
Epoch 1496 [2.2s]: train==[5927.77284=5919.61807 + 2.03779 + 0.00000 + 1.00749 + 5.10951]
Epoch 1497 [2.2s]: train==[5906.06200=5897.89078 + 2.03839 + 0.00000 + 1.00785 + 5.12494]
Epoch 1498 [2.2s]: train==[6018.18949=6010.00075 + 2.04044 + 0.00000 + 1.01157 + 5.13676]
drop_flag:  True ,	 mess_dropout:  [0.0, 0.0]
rate_batch  torch.Size([1162, 753])
gt_count  8427
candidate_count  874986
ideal candidate count  874986
Epoch 1499 [2.2s + 0.9s]: train==[5964.66637=5956.48134 + 2.04306 + 0.00000 + 1.00984 + 5.13207]
 recall=[0.24142, 0.51448], precision=[0.33046, 0.18455],  f1=[0.25730, 0.25473], RMRR=[0.11417, 0.16270]
Epoch 1500 [2.2s]: train==[6092.67203=6084.52396 + 2.03894 + 0.00000 + 1.00918 + 5.10000]
Epoch 1501 [2.2s]: train==[5915.47134=5907.26833 + 2.04422 + 0.00000 + 1.01215 + 5.14673]
Epoch 1502 [2.2s]: train==[5993.79652=5985.58157 + 2.04425 + 0.00000 + 1.00845 + 5.16219]
Epoch 1503 [2.1s]: train==[5974.44338=5966.30347 + 2.04153 + 0.00000 + 1.00482 + 5.09359]
Epoch 1504 [2.2s]: train==[6006.53899=5998.42258 + 2.04416 + 0.00000 + 1.00388 + 5.06839]
Epoch 1505 [2.2s]: train==[6043.55227=6035.38100 + 2.04200 + 0.00000 + 1.00542 + 5.12384]
Epoch 1506 [2.1s]: train==[6138.48831=6130.35271 + 2.03712 + 0.00000 + 1.00421 + 5.09427]
Epoch 1507 [2.1s]: train==[6099.05071=6090.86896 + 2.04374 + 0.00000 + 1.00722 + 5.13083]
Epoch 1508 [2.2s]: train==[6382.68832=6374.55907 + 2.04126 + 0.00000 + 1.00439 + 5.08357]
drop_flag:  True ,	 mess_dropout:  [0.0, 0.0]
rate_batch  torch.Size([1162, 753])
gt_count  8427
candidate_count  874986
ideal candidate count  874986
Epoch 1509 [2.2s + 0.9s]: train==[5934.20605=5926.06850 + 2.04082 + 0.00000 + 1.00674 + 5.09000]
 recall=[0.24247, 0.51656], precision=[0.33356, 0.18623],  f1=[0.25906, 0.25665], RMRR=[0.11494, 0.16408]
Epoch 1510 [2.1s]: train==[6050.94264=6042.77499 + 2.04455 + 0.00000 + 1.00450 + 5.11863]
Epoch 1511 [2.2s]: train==[6017.58255=6009.39439 + 2.04271 + 0.00000 + 1.00768 + 5.13772]
Epoch 1512 [2.2s]: train==[6040.23628=6032.04855 + 2.04678 + 0.00000 + 1.00463 + 5.13628]
Epoch 1513 [2.3s]: train==[5916.69607=5908.50854 + 2.04411 + 0.00000 + 1.00059 + 5.14283]
Epoch 1514 [2.2s]: train==[5922.99348=5914.83890 + 2.04490 + 0.00000 + 1.00607 + 5.10359]
Epoch 1515 [2.1s]: train==[6264.72607=6256.55962 + 2.04605 + 0.00000 + 1.00789 + 5.11249]
Epoch 1516 [2.2s]: train==[6140.77164=6132.60629 + 2.03934 + 0.00000 + 1.00841 + 5.11768]
Epoch 1517 [2.2s]: train==[5859.86083=5851.68102 + 2.04437 + 0.00000 + 1.00595 + 5.12946]
Epoch 1518 [3.4s]: train==[6088.30888=6080.12579 + 2.04489 + 0.00000 + 1.00190 + 5.13627]
drop_flag:  True ,	 mess_dropout:  [0.0, 0.0]
rate_batch  torch.Size([1162, 753])
gt_count  8427
candidate_count  874986
ideal candidate count  874986
Epoch 1519 [2.3s + 0.9s]: train==[6096.15102=6087.98897 + 2.04575 + 0.00000 + 1.00257 + 5.11370]
 recall=[0.24176, 0.51702], precision=[0.32702, 0.18503],  f1=[0.25566, 0.25544], RMRR=[0.11328, 0.16269]
Epoch 1520 [2.1s]: train==[5930.27656=5922.10297 + 2.05044 + 0.00000 + 1.00411 + 5.11899]
Epoch 1521 [2.2s]: train==[6125.35077=6117.15999 + 2.04675 + 0.00000 + 1.00250 + 5.14154]
Epoch 1522 [2.2s]: train==[5938.09109=5929.92690 + 2.04616 + 0.00000 + 1.00205 + 5.11602]
Epoch 1523 [2.2s]: train==[6101.77167=6093.57481 + 2.04924 + 0.00000 + 1.00405 + 5.14358]
Epoch 1524 [2.1s]: train==[6187.79781=6179.60104 + 2.04881 + 0.00000 + 1.00092 + 5.14707]
Epoch 1525 [2.1s]: train==[5871.14001=5862.95242 + 2.05045 + 0.00000 + 1.00388 + 5.13316]
Epoch 1526 [2.2s]: train==[5718.85293=5710.69560 + 2.05000 + 0.00000 + 1.00261 + 5.10473]
Epoch 1527 [2.2s]: train==[6054.52174=6046.34383 + 2.05351 + 0.00000 + 0.99840 + 5.12600]
Epoch 1528 [2.2s]: train==[5991.55661=5983.39618 + 2.05183 + 0.00000 + 0.99860 + 5.11000]
drop_flag:  True ,	 mess_dropout:  [0.0, 0.0]
rate_batch  torch.Size([1162, 753])
gt_count  8427
candidate_count  874986
ideal candidate count  874986
Epoch 1529 [2.2s + 0.9s]: train==[6129.10411=6120.95650 + 2.04865 + 0.00000 + 1.00071 + 5.09823]
 recall=[0.24713, 0.51939], precision=[0.33649, 0.18610],  f1=[0.26282, 0.25687], RMRR=[0.11701, 0.16547]
Epoch 1530 [2.2s]: train==[5992.61845=5984.48895 + 2.04268 + 0.00000 + 1.00124 + 5.08561]
Epoch 1531 [2.2s]: train==[6057.46684=6049.32491 + 2.04418 + 0.00000 + 0.99620 + 5.10154]
Epoch 1532 [2.1s]: train==[5957.10018=5948.94965 + 2.05172 + 0.00000 + 1.00052 + 5.09830]
Epoch 1533 [2.1s]: train==[5974.76922=5966.59277 + 2.05608 + 0.00000 + 1.00585 + 5.11457]
Epoch 1534 [2.1s]: train==[6135.17937=6127.00034 + 2.04922 + 0.00000 + 1.00150 + 5.12838]
Epoch 1535 [2.2s]: train==[6041.85117=6033.65620 + 2.04855 + 0.00000 + 1.00565 + 5.14070]
Epoch 1536 [2.3s]: train==[6198.47364=6190.35127 + 2.04842 + 0.00000 + 0.99891 + 5.07510]
Epoch 1537 [2.2s]: train==[5943.45802=5935.29103 + 2.05269 + 0.00000 + 1.00023 + 5.11407]
Epoch 1538 [2.1s]: train==[6049.57448=6041.39749 + 2.05241 + 0.00000 + 1.00233 + 5.12226]
drop_flag:  True ,	 mess_dropout:  [0.0, 0.0]
rate_batch  torch.Size([1162, 753])
gt_count  8427
candidate_count  874986
ideal candidate count  874986
Epoch 1539 [2.1s + 0.9s]: train==[6051.61063=6043.43408 + 2.05269 + 0.00000 + 1.00040 + 5.12347]
 recall=[0.24508, 0.51776], precision=[0.32943, 0.18563],  f1=[0.25814, 0.25617], RMRR=[0.11734, 0.16600]
Epoch 1540 [2.4s]: train==[6041.70809=6033.54065 + 2.05246 + 0.00000 + 0.99809 + 5.11694]
Epoch 1541 [2.3s]: train==[6083.04971=6074.91745 + 2.04939 + 0.00000 + 0.99867 + 5.08419]
Epoch 1542 [2.2s]: train==[5774.70992=5766.54456 + 2.04828 + 0.00000 + 0.99703 + 5.11998]
Epoch 1543 [2.1s]: train==[5977.29193=5969.10097 + 2.05327 + 0.00000 + 1.00139 + 5.13629]
Epoch 1544 [2.2s]: train==[5950.34580=5942.18378 + 2.05667 + 0.00000 + 0.99897 + 5.10646]
Epoch 1545 [2.5s]: train==[6177.46045=6169.31242 + 2.05555 + 0.00000 + 0.99625 + 5.09623]
Epoch 1546 [2.2s]: train==[5863.48565=5855.27957 + 2.05252 + 0.00000 + 1.00193 + 5.15164]
Epoch 1547 [2.1s]: train==[5971.85873=5963.68051 + 2.05428 + 0.00000 + 0.99561 + 5.12827]
Epoch 1548 [2.1s]: train==[5925.01141=5916.84668 + 2.05541 + 0.00000 + 0.99274 + 5.11657]
drop_flag:  True ,	 mess_dropout:  [0.0, 0.0]
rate_batch  torch.Size([1162, 753])
gt_count  8427
candidate_count  874986
ideal candidate count  874986
Epoch 1549 [2.1s + 0.9s]: train==[6170.18687=6162.02119 + 2.05430 + 0.00000 + 0.99465 + 5.11670]
 recall=[0.24202, 0.50938], precision=[0.32909, 0.18352],  f1=[0.25731, 0.25298], RMRR=[0.11449, 0.16232]
Epoch 1550 [2.1s]: train==[6167.56913=6159.40155 + 2.05629 + 0.00000 + 0.99765 + 5.11369]
Epoch 1551 [2.2s]: train==[5967.73746=5959.59241 + 2.05471 + 0.00000 + 0.99301 + 5.09736]
Epoch 1552 [2.1s]: train==[5899.12909=5890.95119 + 2.05649 + 0.00000 + 0.99436 + 5.12707]
Epoch 1553 [2.2s]: train==[5954.18171=5946.00835 + 2.04977 + 0.00000 + 0.99664 + 5.12695]
Epoch 1554 [2.1s]: train==[6014.74481=6006.60123 + 2.04821 + 0.00000 + 0.99500 + 5.10041]
Epoch 1555 [2.1s]: train==[6008.65800=6000.50824 + 2.05020 + 0.00000 + 0.99273 + 5.10680]
Epoch 1556 [2.1s]: train==[6073.32363=6065.17421 + 2.05427 + 0.00000 + 0.99523 + 5.09993]
Epoch 1557 [2.1s]: train==[6106.63097=6098.49141 + 2.05486 + 0.00000 + 0.99497 + 5.08975]
Epoch 1558 [2.2s]: train==[6055.32042=6047.19662 + 2.05488 + 0.00000 + 0.99271 + 5.07619]
drop_flag:  True ,	 mess_dropout:  [0.0, 0.0]
rate_batch  torch.Size([1162, 753])
gt_count  8427
candidate_count  874986
ideal candidate count  874986
Epoch 1559 [2.1s + 0.9s]: train==[6047.54344=6039.38644 + 2.05237 + 0.00000 + 0.99031 + 5.11438]
 recall=[0.24593, 0.51176], precision=[0.33425, 0.18442],  f1=[0.26081, 0.25418], RMRR=[0.11897, 0.16631]
Epoch 1560 [2.1s]: train==[6072.13523=6063.96539 + 2.05466 + 0.00000 + 0.99098 + 5.12415]
Epoch 1561 [2.1s]: train==[6146.03110=6137.92683 + 2.05506 + 0.00000 + 0.99221 + 5.05703]
Epoch 1562 [2.1s]: train==[5943.37700=5935.25409 + 2.05454 + 0.00000 + 0.99273 + 5.07560]
Epoch 1563 [2.2s]: train==[5898.79051=5890.63820 + 2.05855 + 0.00000 + 0.99452 + 5.09927]
Epoch 1564 [2.2s]: train==[6110.65734=6102.51526 + 2.05352 + 0.00000 + 0.99272 + 5.09584]
Epoch 1565 [2.1s]: train==[5852.41712=5844.26509 + 2.05317 + 0.00000 + 0.99488 + 5.10397]
Epoch 1566 [2.1s]: train==[6265.66331=6257.50963 + 2.05180 + 0.00000 + 0.99577 + 5.10610]
Epoch 1567 [2.1s]: train==[6088.04095=6079.88864 + 2.05891 + 0.00000 + 0.99615 + 5.09728]
Epoch 1568 [2.1s]: train==[6075.19143=6067.03215 + 2.05763 + 0.00000 + 0.99514 + 5.10656]
drop_flag:  True ,	 mess_dropout:  [0.0, 0.0]
rate_batch  torch.Size([1162, 753])
gt_count  8427
candidate_count  874986
ideal candidate count  874986
Epoch 1569 [2.2s + 0.9s]: train==[5822.46449=5814.33514 + 2.06006 + 0.00000 + 0.99421 + 5.07509]
 recall=[0.24630, 0.51609], precision=[0.33373, 0.18636],  f1=[0.26057, 0.25684], RMRR=[0.11810, 0.16541]
Epoch 1570 [2.1s]: train==[5889.77903=5881.62958 + 2.05949 + 0.00000 + 0.99457 + 5.09539]
Epoch 1571 [2.1s]: train==[5858.72693=5850.59706 + 2.06226 + 0.00000 + 0.99246 + 5.07513]
Epoch 1572 [2.1s]: train==[6123.71881=6115.53931 + 2.06236 + 0.00000 + 0.99417 + 5.12299]
Epoch 1573 [2.1s]: train==[6161.45650=6153.30835 + 2.06213 + 0.00000 + 0.99176 + 5.09424]
Epoch 1574 [2.2s]: train==[6176.26901=6168.09090 + 2.05905 + 0.00000 + 0.99415 + 5.12491]
Epoch 1575 [2.1s]: train==[5971.28987=5963.13913 + 2.06141 + 0.00000 + 0.99518 + 5.09416]
Epoch 1576 [2.1s]: train==[6030.25330=6022.07404 + 2.06048 + 0.00000 + 0.99261 + 5.12616]
Epoch 1577 [2.1s]: train==[5960.11808=5951.97369 + 2.05919 + 0.00000 + 0.99351 + 5.09169]
Epoch 1578 [2.1s]: train==[6073.12807=6065.00548 + 2.05510 + 0.00000 + 0.98951 + 5.07802]
drop_flag:  True ,	 mess_dropout:  [0.0, 0.0]
rate_batch  torch.Size([1162, 753])
gt_count  8427
candidate_count  874986
ideal candidate count  874986
Epoch 1579 [2.5s + 1.3s]: train==[5958.16902=5950.00789 + 2.06045 + 0.00000 + 0.99181 + 5.10888]
 recall=[0.24505, 0.51742], precision=[0.33408, 0.18580],  f1=[0.26043, 0.25628], RMRR=[0.11793, 0.16589]
Epoch 1580 [2.5s]: train==[6305.45115=6297.30397 + 2.06362 + 0.00000 + 0.98777 + 5.09578]
Epoch 1581 [2.2s]: train==[6029.80696=6021.65231 + 2.06491 + 0.00000 + 0.98757 + 5.10215]
Epoch 1582 [2.1s]: train==[5665.19235=5657.04938 + 2.05963 + 0.00000 + 0.98705 + 5.09628]
Epoch 1583 [2.2s]: train==[5980.26433=5972.14032 + 2.06037 + 0.00000 + 0.98690 + 5.07679]
Epoch 1584 [2.4s]: train==[6001.39378=5993.28622 + 2.06006 + 0.00000 + 0.98492 + 5.06257]
Epoch 1585 [2.4s]: train==[5930.04421=5921.92667 + 2.05612 + 0.00000 + 0.98784 + 5.07359]
Epoch 1586 [3.0s]: train==[6204.88426=6196.75224 + 2.05923 + 0.00000 + 0.98699 + 5.08580]
Epoch 1587 [2.4s]: train==[6115.65443=6107.47466 + 2.05705 + 0.00000 + 0.99221 + 5.13053]
Epoch 1588 [2.7s]: train==[6304.41018=6296.25529 + 2.05894 + 0.00000 + 0.99057 + 5.10537]
drop_flag:  True ,	 mess_dropout:  [0.0, 0.0]
rate_batch  torch.Size([1162, 753])
gt_count  8427
candidate_count  874986
ideal candidate count  874986
Epoch 1589 [2.3s + 0.9s]: train==[6092.91075=6084.71440 + 2.06718 + 0.00000 + 0.98794 + 5.14124]
 recall=[0.23890, 0.51080], precision=[0.32702, 0.18270],  f1=[0.25493, 0.25221], RMRR=[0.11424, 0.16130]
Epoch 1590 [2.2s]: train==[5937.58692=5929.36995 + 2.05960 + 0.00000 + 0.98918 + 5.16817]
Epoch 1591 [2.3s]: train==[6128.37361=6120.20317 + 2.06438 + 0.00000 + 0.99002 + 5.11606]
Epoch 1592 [2.5s]: train==[6027.25048=6019.08215 + 2.06158 + 0.00000 + 0.98879 + 5.11798]
Epoch 1593 [2.4s]: train==[6166.48824=6158.34277 + 2.05762 + 0.00000 + 0.98835 + 5.09949]
Epoch 1594 [2.5s]: train==[6068.61606=6060.47798 + 2.06621 + 0.00000 + 0.98891 + 5.08291]
Epoch 1595 [2.4s]: train==[6139.16350=6131.01234 + 2.06367 + 0.00000 + 0.98907 + 5.09842]
Epoch 1596 [2.5s]: train==[5916.17122=5907.99411 + 2.05958 + 0.00000 + 0.98759 + 5.12992]
Epoch 1597 [2.4s]: train==[5990.09080=5981.90977 + 2.06375 + 0.00000 + 0.98667 + 5.13062]
Epoch 1598 [2.3s]: train==[5993.61336=5985.43849 + 2.06208 + 0.00000 + 0.98531 + 5.12752]
drop_flag:  True ,	 mess_dropout:  [0.0, 0.0]
rate_batch  torch.Size([1162, 753])
gt_count  8427
candidate_count  874986
ideal candidate count  874986
Epoch 1599 [2.2s + 0.9s]: train==[6245.61351=6237.46797 + 2.06553 + 0.00000 + 0.98720 + 5.09283]
 recall=[0.24864, 0.51886], precision=[0.33563, 0.18636],  f1=[0.26301, 0.25690], RMRR=[0.11812, 0.16516]
Epoch 1600 [2.2s]: train==[6053.12697=6044.97697 + 2.06314 + 0.00000 + 0.98441 + 5.10245]
Epoch 1601 [2.2s]: train==[5962.62195=5954.46388 + 2.06063 + 0.00000 + 0.98519 + 5.11225]
Epoch 1602 [2.3s]: train==[5909.50598=5901.35939 + 2.05847 + 0.00000 + 0.98566 + 5.10250]
Epoch 1603 [2.5s]: train==[6093.45406=6085.28201 + 2.05612 + 0.00000 + 0.99001 + 5.12587]
Epoch 1604 [2.3s]: train==[6186.08253=6177.94243 + 2.06295 + 0.00000 + 0.98789 + 5.08928]
Epoch 1605 [2.3s]: train==[6115.06158=6106.88950 + 2.06419 + 0.00000 + 0.98685 + 5.12105]
Epoch 1606 [2.4s]: train==[6042.19551=6034.06476 + 2.06460 + 0.00000 + 0.98524 + 5.08088]
Epoch 1607 [2.4s]: train==[5986.07690=5977.94827 + 2.06407 + 0.00000 + 0.98056 + 5.08395]
Epoch 1608 [2.4s]: train==[6104.99912=6096.85750 + 2.06407 + 0.00000 + 0.98182 + 5.09568]
drop_flag:  True ,	 mess_dropout:  [0.0, 0.0]
rate_batch  torch.Size([1162, 753])
gt_count  8427
candidate_count  874986
ideal candidate count  874986
Epoch 1609 [2.4s + 0.9s]: train==[5831.83250=5823.71706 + 2.06436 + 0.00000 + 0.98557 + 5.06556]
 recall=[0.24579, 0.51236], precision=[0.33201, 0.18369],  f1=[0.26024, 0.25371], RMRR=[0.11241, 0.15906]
Epoch 1610 [2.2s]: train==[6150.41888=6142.31087 + 2.06669 + 0.00000 + 0.98603 + 5.05530]
Epoch 1611 [2.2s]: train==[5996.57764=5988.43758 + 2.06755 + 0.00000 + 0.98625 + 5.08625]
Epoch 1612 [2.3s]: train==[6046.11453=6038.00105 + 2.06870 + 0.00000 + 0.98345 + 5.06132]
Epoch 1613 [2.4s]: train==[5867.32376=5859.22900 + 2.06574 + 0.00000 + 0.98359 + 5.04537]
Epoch 1614 [2.3s]: train==[6024.21018=6016.10555 + 2.06448 + 0.00000 + 0.98465 + 5.05540]
Epoch 1615 [2.4s]: train==[5971.86009=5963.73698 + 2.06948 + 0.00000 + 0.98178 + 5.07185]
Epoch 1616 [2.4s]: train==[5987.47650=5979.36813 + 2.06840 + 0.00000 + 0.97971 + 5.06024]
Epoch 1617 [2.3s]: train==[5869.06216=5860.91853 + 2.06978 + 0.00000 + 0.98016 + 5.09370]
Epoch 1618 [2.2s]: train==[5984.73761=5976.58160 + 2.07093 + 0.00000 + 0.98734 + 5.09770]
drop_flag:  True ,	 mess_dropout:  [0.0, 0.0]
rate_batch  torch.Size([1162, 753])
gt_count  8427
candidate_count  874986
ideal candidate count  874986
Epoch 1619 [2.2s + 1.0s]: train==[6006.92789=5998.82578 + 2.07371 + 0.00000 + 0.98336 + 5.04509]
 recall=[0.24460, 0.51776], precision=[0.33184, 0.18653],  f1=[0.25880, 0.25719], RMRR=[0.11568, 0.16420]
Epoch 1620 [2.4s]: train==[5945.64948=5937.50923 + 2.07047 + 0.00000 + 0.98192 + 5.08785]
Epoch 1621 [2.4s]: train==[5850.66882=5842.58704 + 2.06743 + 0.00000 + 0.97715 + 5.03716]
Epoch 1622 [2.6s]: train==[5989.20784=5981.09435 + 2.07043 + 0.00000 + 0.97741 + 5.06564]
Epoch 1623 [2.3s]: train==[5982.12250=5974.00536 + 2.07455 + 0.00000 + 0.98324 + 5.05934]
Epoch 1624 [2.4s]: train==[6077.47142=6069.36559 + 2.07009 + 0.00000 + 0.98274 + 5.05294]
Epoch 1625 [2.4s]: train==[5991.45315=5983.31503 + 2.07392 + 0.00000 + 0.98230 + 5.08188]
Epoch 1626 [2.4s]: train==[6205.26943=6197.14139 + 2.06598 + 0.00000 + 0.98214 + 5.07988]
Epoch 1627 [2.4s]: train==[6169.77429=6161.68538 + 2.07401 + 0.00000 + 0.98189 + 5.03306]
Epoch 1628 [2.3s]: train==[6038.22413=6030.12088 + 2.07344 + 0.00000 + 0.97992 + 5.04990]
drop_flag:  True ,	 mess_dropout:  [0.0, 0.0]
rate_batch  torch.Size([1162, 753])
gt_count  8427
candidate_count  874986
ideal candidate count  874986
Epoch 1629 [2.3s + 0.9s]: train==[5898.64375=5890.52472 + 2.07283 + 0.00000 + 0.98131 + 5.06486]
 recall=[0.25003, 0.51548], precision=[0.33494, 0.18460],  f1=[0.26288, 0.25490], RMRR=[0.12127, 0.16846]
Epoch 1630 [2.4s]: train==[6163.69225=6155.55893 + 2.07298 + 0.00000 + 0.98062 + 5.07966]
Epoch 1631 [2.4s]: train==[6156.54045=6148.42474 + 2.07022 + 0.00000 + 0.97955 + 5.06599]
Epoch 1632 [2.3s]: train==[6097.45521=6089.29308 + 2.07477 + 0.00000 + 0.98235 + 5.10500]
Epoch 1633 [2.4s]: train==[6062.28743=6054.17029 + 2.07784 + 0.00000 + 0.97976 + 5.05951]
Epoch 1634 [2.3s]: train==[6071.80896=6063.71797 + 2.07364 + 0.00000 + 0.97630 + 5.04099]
Epoch 1635 [2.4s]: train==[6232.65943=6224.55998 + 2.07521 + 0.00000 + 0.97837 + 5.04590]
Epoch 1636 [2.5s]: train==[6235.25078=6227.12703 + 2.07287 + 0.00000 + 0.97514 + 5.07569]
Epoch 1637 [2.4s]: train==[6101.21764=6093.07436 + 2.07467 + 0.00000 + 0.97995 + 5.08871]
Epoch 1638 [2.4s]: train==[6016.08499=6007.95448 + 2.07420 + 0.00000 + 0.97402 + 5.08232]
drop_flag:  True ,	 mess_dropout:  [0.0, 0.0]
rate_batch  torch.Size([1162, 753])
gt_count  8427
candidate_count  874986
ideal candidate count  874986
Epoch 1639 [2.3s + 1.0s]: train==[6036.28154=6028.17812 + 2.07635 + 0.00000 + 0.97685 + 5.05024]
 recall=[0.24618, 0.52082], precision=[0.33494, 0.18722],  f1=[0.26161, 0.25815], RMRR=[0.11705, 0.16445]
Epoch 1640 [2.4s]: train==[6130.92115=6122.78957 + 2.08003 + 0.00000 + 0.98005 + 5.07151]
Epoch 1641 [2.5s]: train==[6142.95087=6134.84401 + 2.07708 + 0.00000 + 0.97818 + 5.05163]
Epoch 1642 [2.5s]: train==[6201.61084=6193.48909 + 2.07269 + 0.00000 + 0.97904 + 5.07005]
Epoch 1643 [2.3s]: train==[5882.42360=5874.29820 + 2.07756 + 0.00000 + 0.97761 + 5.07019]
Epoch 1644 [2.3s]: train==[6164.75289=6156.61943 + 2.07712 + 0.00000 + 0.97657 + 5.07974]
Epoch 1645 [2.5s]: train==[5993.13443=5985.00581 + 2.07736 + 0.00000 + 0.97608 + 5.07520]
Epoch 1646 [2.6s]: train==[5925.65940=5917.55026 + 2.07712 + 0.00000 + 0.97356 + 5.05840]
Epoch 1647 [2.6s]: train==[6063.11332=6054.98645 + 2.07558 + 0.00000 + 0.97331 + 5.07792]
Epoch 1648 [2.4s]: train==[6240.00181=6231.91827 + 2.07481 + 0.00000 + 0.97628 + 5.03247]
drop_flag:  True ,	 mess_dropout:  [0.0, 0.0]
rate_batch  torch.Size([1162, 753])
gt_count  8427
candidate_count  874986
ideal candidate count  874986
Epoch 1649 [2.2s + 0.9s]: train==[5959.94938=5951.85010 + 2.07844 + 0.00000 + 0.97262 + 5.04817]
 recall=[0.24306, 0.51892], precision=[0.33270, 0.18666],  f1=[0.25928, 0.25725], RMRR=[0.11766, 0.16652]
Epoch 1650 [2.2s]: train==[5889.66263=5881.56465 + 2.07871 + 0.00000 + 0.97679 + 5.04242]
Epoch 1651 [2.4s]: train==[5981.88536=5973.75961 + 2.08024 + 0.00000 + 0.97543 + 5.07009]
Epoch 1652 [2.5s]: train==[6050.29183=6042.20172 + 2.08493 + 0.00000 + 0.97180 + 5.03334]
Epoch 1653 [2.4s]: train==[5917.62653=5909.54710 + 2.07625 + 0.00000 + 0.97053 + 5.03260]
Epoch 1654 [2.3s]: train==[6328.91989=6320.81210 + 2.07721 + 0.00000 + 0.97294 + 5.05758]
Epoch 1655 [2.3s]: train==[6021.14211=6013.01775 + 2.07697 + 0.00000 + 0.97470 + 5.07266]
Epoch 1656 [2.2s]: train==[5993.13151=5985.03671 + 2.07945 + 0.00000 + 0.97534 + 5.04003]
Epoch 1657 [2.3s]: train==[6008.65926=6000.54062 + 2.08014 + 0.00000 + 0.97481 + 5.06366]
Epoch 1658 [2.3s]: train==[6066.64411=6058.53960 + 2.07734 + 0.00000 + 0.97069 + 5.05643]
drop_flag:  True ,	 mess_dropout:  [0.0, 0.0]
rate_batch  torch.Size([1162, 753])
gt_count  8427
candidate_count  874986
ideal candidate count  874986
Epoch 1659 [2.2s + 0.9s]: train==[5852.17809=5844.09641 + 2.08035 + 0.00000 + 0.96991 + 5.03137]
 recall=[0.24733, 0.52000], precision=[0.33597, 0.18696],  f1=[0.26279, 0.25785], RMRR=[0.11763, 0.16534]
Epoch 1660 [2.1s]: train==[5992.36186=5984.26524 + 2.07812 + 0.00000 + 0.97093 + 5.04754]
Epoch 1661 [2.2s]: train==[6112.32981=6104.25729 + 2.07857 + 0.00000 + 0.96812 + 5.02588]
Epoch 1662 [2.2s]: train==[5904.21568=5896.12068 + 2.07779 + 0.00000 + 0.96926 + 5.04799]
Epoch 1663 [2.2s]: train==[5938.95260=5930.84904 + 2.08219 + 0.00000 + 0.97505 + 5.04631]
Epoch 1664 [2.2s]: train==[5887.17211=5879.05678 + 2.07671 + 0.00000 + 0.97050 + 5.06817]
Epoch 1665 [2.2s]: train==[6101.36930=6093.28284 + 2.07532 + 0.00000 + 0.96925 + 5.04191]
Epoch 1666 [2.2s]: train==[5976.07688=5967.98021 + 2.08807 + 0.00000 + 0.97205 + 5.03658]
Epoch 1667 [2.3s]: train==[5953.28673=5945.22346 + 2.07991 + 0.00000 + 0.96866 + 5.01470]
Epoch 1668 [2.3s]: train==[6078.42986=6070.34973 + 2.08014 + 0.00000 + 0.96910 + 5.03096]
drop_flag:  True ,	 mess_dropout:  [0.0, 0.0]
rate_batch  torch.Size([1162, 753])
gt_count  8427
candidate_count  874986
ideal candidate count  874986
Epoch 1669 [2.5s + 1.0s]: train==[6117.97227=6109.91342 + 2.07725 + 0.00000 + 0.96725 + 5.01433]
 recall=[0.24329, 0.52058], precision=[0.33219, 0.18602],  f1=[0.25953, 0.25682], RMRR=[0.11775, 0.16574]
Epoch 1670 [2.3s]: train==[5873.10361=5865.01471 + 2.07489 + 0.00000 + 0.96772 + 5.04630]
Epoch 1671 [2.2s]: train==[5985.30139=5977.22826 + 2.08101 + 0.00000 + 0.96568 + 5.02642]
Epoch 1672 [2.4s]: train==[6009.75862=6001.73210 + 2.07822 + 0.00000 + 0.96659 + 4.98172]
Epoch 1673 [2.4s]: train==[5836.07803=5828.00270 + 2.08142 + 0.00000 + 0.96369 + 5.03023]
Epoch 1674 [2.3s]: train==[6158.03595=6149.98775 + 2.08008 + 0.00000 + 0.96416 + 5.00392]
Epoch 1675 [2.3s]: train==[6198.13647=6190.05730 + 2.08441 + 0.00000 + 0.96854 + 5.02620]
Epoch 1676 [2.3s]: train==[6111.63549=6103.55746 + 2.08080 + 0.00000 + 0.96672 + 5.03048]
Epoch 1677 [2.2s]: train==[6036.24958=6028.14131 + 2.08076 + 0.00000 + 0.96633 + 5.06114]
Epoch 1678 [2.3s]: train==[5962.63519=5954.57680 + 2.08094 + 0.00000 + 0.97068 + 5.00676]
drop_flag:  True ,	 mess_dropout:  [0.0, 0.0]
rate_batch  torch.Size([1162, 753])
gt_count  8427
candidate_count  874986
ideal candidate count  874986
Epoch 1679 [2.4s + 0.9s]: train==[6106.14605=6098.07793 + 2.07969 + 0.00000 + 0.96674 + 5.02166]
 recall=[0.24459, 0.51198], precision=[0.33098, 0.18373],  f1=[0.25951, 0.25346], RMRR=[0.11767, 0.16618]
Epoch 1680 [2.2s]: train==[6219.19219=6211.15314 + 2.07494 + 0.00000 + 0.96224 + 5.00183]
Epoch 1681 [2.3s]: train==[5889.48032=5881.40187 + 2.07756 + 0.00000 + 0.96644 + 5.03440]
Epoch 1682 [2.2s]: train==[5983.51647=5975.45651 + 2.08186 + 0.00000 + 0.96586 + 5.01227]
Epoch 1683 [2.3s]: train==[6136.58377=6128.48639 + 2.08101 + 0.00000 + 0.96814 + 5.04822]
Epoch 1684 [2.3s]: train==[6192.13779=6184.06313 + 2.07904 + 0.00000 + 0.96769 + 5.02795]
Epoch 1685 [2.2s]: train==[6015.32376=6007.28487 + 2.08080 + 0.00000 + 0.96434 + 4.99373]
Epoch 1686 [2.3s]: train==[6039.27426=6031.18240 + 2.07812 + 0.00000 + 0.96596 + 5.04771]
Epoch 1687 [2.2s]: train==[6046.49658=6038.38809 + 2.08046 + 0.00000 + 0.96665 + 5.06138]
Epoch 1688 [2.2s]: train==[6217.35858=6209.27226 + 2.08191 + 0.00000 + 0.96516 + 5.03925]
drop_flag:  True ,	 mess_dropout:  [0.0, 0.0]
rate_batch  torch.Size([1162, 753])
gt_count  8427
candidate_count  874986
ideal candidate count  874986
Epoch 1689 [2.2s + 0.9s]: train==[6033.42796=6025.34218 + 2.08404 + 0.00000 + 0.96599 + 5.03580]
 recall=[0.25008, 0.52136], precision=[0.33494, 0.18640],  f1=[0.26330, 0.25735], RMRR=[0.12041, 0.16769]
Epoch 1690 [2.2s]: train==[6086.17201=6078.06143 + 2.08490 + 0.00000 + 0.96605 + 5.05964]
Epoch 1691 [2.2s]: train==[6133.32668=6125.22507 + 2.08615 + 0.00000 + 0.96354 + 5.05193]
Epoch 1692 [2.3s]: train==[6102.00150=6093.90816 + 2.07968 + 0.00000 + 0.96742 + 5.04619]
Epoch 1693 [2.2s]: train==[5981.25926=5973.19745 + 2.08772 + 0.00000 + 0.96404 + 5.01006]
Epoch 1694 [2.3s]: train==[6054.56864=6046.47903 + 2.08553 + 0.00000 + 0.96316 + 5.04087]
Epoch 1695 [2.2s]: train==[5751.68396=5743.64105 + 2.08303 + 0.00000 + 0.96025 + 4.99962]
Epoch 1696 [2.2s]: train==[5862.04958=5853.94470 + 2.08311 + 0.00000 + 0.96275 + 5.05898]
Epoch 1697 [2.2s]: train==[6109.07117=6101.00824 + 2.08233 + 0.00000 + 0.96353 + 5.01705]
Epoch 1698 [2.2s]: train==[6196.20465=6188.10875 + 2.08623 + 0.00000 + 0.96569 + 5.04395]
drop_flag:  True ,	 mess_dropout:  [0.0, 0.0]
rate_batch  torch.Size([1162, 753])
gt_count  8427
candidate_count  874986
ideal candidate count  874986
Epoch 1699 [2.2s + 0.9s]: train==[5993.37097=5985.30585 + 2.08683 + 0.00000 + 0.96027 + 5.01804]
 recall=[0.24782, 0.51551], precision=[0.33408, 0.18520],  f1=[0.26221, 0.25542], RMRR=[0.11694, 0.16533]
Epoch 1700 [2.2s]: train==[6156.02334=6147.94218 + 2.08403 + 0.00000 + 0.95939 + 5.03774]
Epoch 1701 [2.3s]: train==[5862.29493=5854.18581 + 2.08431 + 0.00000 + 0.96410 + 5.06075]
Epoch 1702 [3.1s]: train==[5945.30179=5937.20038 + 2.08337 + 0.00000 + 0.96363 + 5.05449]
Epoch 1703 [2.5s]: train==[6028.63077=6020.57220 + 2.07851 + 0.00000 + 0.96073 + 5.01933]
Epoch 1704 [2.2s]: train==[6073.26077=6065.17097 + 2.08224 + 0.00000 + 0.96265 + 5.04490]
Epoch 1705 [2.2s]: train==[6077.84731=6069.76715 + 2.08311 + 0.00000 + 0.96165 + 5.03538]
Epoch 1706 [2.2s]: train==[6023.45384=6015.38069 + 2.08378 + 0.00000 + 0.96597 + 5.02341]
Epoch 1707 [2.2s]: train==[6052.91501=6044.82550 + 2.07802 + 0.00000 + 0.96122 + 5.05033]
Epoch 1708 [2.2s]: train==[6024.75783=6016.67896 + 2.08855 + 0.00000 + 0.96178 + 5.02854]
drop_flag:  True ,	 mess_dropout:  [0.0, 0.0]
rate_batch  torch.Size([1162, 753])
gt_count  8427
candidate_count  874986
ideal candidate count  874986
Epoch 1709 [2.2s + 0.9s]: train==[5958.36808=5950.31990 + 2.08695 + 0.00000 + 0.96252 + 4.99868]
 recall=[0.24530, 0.51925], precision=[0.33184, 0.18632],  f1=[0.25982, 0.25701], RMRR=[0.11961, 0.16827]
Epoch 1710 [2.2s]: train==[5871.77006=5863.70877 + 2.08941 + 0.00000 + 0.96245 + 5.00944]
Epoch 1711 [2.2s]: train==[5818.31015=5810.24739 + 2.08674 + 0.00000 + 0.96147 + 5.01459]
Epoch 1712 [2.2s]: train==[5893.07283=5885.01379 + 2.08668 + 0.00000 + 0.95888 + 5.01346]
Epoch 1713 [2.2s]: train==[6113.13227=6105.07054 + 2.08809 + 0.00000 + 0.96002 + 5.01362]
Epoch 1714 [2.2s]: train==[5959.54005=5951.50987 + 2.08664 + 0.00000 + 0.96055 + 4.98290]
Epoch 1715 [2.2s]: train==[5924.91080=5916.87378 + 2.08462 + 0.00000 + 0.95721 + 4.99515]
Epoch 1716 [2.2s]: train==[5836.76325=5828.70271 + 2.08470 + 0.00000 + 0.96074 + 5.01507]
Epoch 1717 [2.3s]: train==[6005.21632=5997.13135 + 2.08562 + 0.00000 + 0.95925 + 5.04011]
Epoch 1718 [2.2s]: train==[5845.71424=5837.68144 + 2.08550 + 0.00000 + 0.95750 + 4.98981]
drop_flag:  True ,	 mess_dropout:  [0.0, 0.0]
rate_batch  torch.Size([1162, 753])
gt_count  8427
candidate_count  874986
ideal candidate count  874986
Epoch 1719 [2.2s + 0.9s]: train==[5841.44543=5833.35599 + 2.08899 + 0.00000 + 0.96048 + 5.03995]
 recall=[0.24514, 0.51689], precision=[0.33425, 0.18584],  f1=[0.26121, 0.25643], RMRR=[0.11588, 0.16396]
Epoch 1720 [2.2s]: train==[5896.26121=5888.20392 + 2.09015 + 0.00000 + 0.95818 + 5.00898]
Epoch 1721 [2.2s]: train==[6023.67519=6015.61064 + 2.08844 + 0.00000 + 0.96179 + 5.01429]
Epoch 1722 [2.2s]: train==[6053.79724=6045.72038 + 2.08550 + 0.00000 + 0.95689 + 5.03444]
Epoch 1723 [2.2s]: train==[5984.03493=5975.95343 + 2.08768 + 0.00000 + 0.95863 + 5.03525]
Epoch 1724 [2.2s]: train==[5891.89198=5883.82666 + 2.08306 + 0.00000 + 0.95785 + 5.02440]
Epoch 1725 [2.2s]: train==[6248.46858=6240.38242 + 2.08824 + 0.00000 + 0.96014 + 5.03774]
Epoch 1726 [2.2s]: train==[6088.53740=6080.45210 + 2.08199 + 0.00000 + 0.95859 + 5.04471]
Epoch 1727 [2.2s]: train==[6127.83933=6119.74988 + 2.08691 + 0.00000 + 0.96018 + 5.04234]
Epoch 1728 [2.5s]: train==[6044.00132=6035.91313 + 2.08864 + 0.00000 + 0.95944 + 5.04014]
drop_flag:  True ,	 mess_dropout:  [0.0, 0.0]
rate_batch  torch.Size([1162, 753])
gt_count  8427
candidate_count  874986
ideal candidate count  874986
Epoch 1729 [2.5s + 0.9s]: train==[5966.90489=5958.81378 + 2.08974 + 0.00000 + 0.96003 + 5.04130]
 recall=[0.24646, 0.51962], precision=[0.33356, 0.18546],  f1=[0.26118, 0.25610], RMRR=[0.11752, 0.16434]
Epoch 1730 [2.1s]: train==[5940.12747=5932.01431 + 2.09153 + 0.00000 + 0.95776 + 5.06393]
Epoch 1731 [2.1s]: train==[6019.68875=6011.61597 + 2.08684 + 0.00000 + 0.95967 + 5.02628]
Epoch 1732 [2.3s]: train==[5996.37548=5988.28981 + 2.09309 + 0.00000 + 0.96150 + 5.03112]
Epoch 1733 [2.3s]: train==[6064.51340=6056.46042 + 2.08552 + 0.00000 + 0.95594 + 5.01153]
Epoch 1734 [2.1s]: train==[6050.41671=6042.36115 + 2.09030 + 0.00000 + 0.95715 + 5.00815]
Epoch 1735 [2.1s]: train==[6032.29103=6024.24622 + 2.08990 + 0.00000 + 0.96096 + 4.99393]
Epoch 1736 [2.1s]: train==[6090.62927=6082.55905 + 2.08959 + 0.00000 + 0.96057 + 5.02003]
Epoch 1737 [2.1s]: train==[5810.82998=5802.74925 + 2.09349 + 0.00000 + 0.96281 + 5.02446]
Epoch 1738 [2.2s]: train==[6012.36513=6004.28841 + 2.09087 + 0.00000 + 0.95536 + 5.03046]
drop_flag:  True ,	 mess_dropout:  [0.0, 0.0]
rate_batch  torch.Size([1162, 753])
gt_count  8427
candidate_count  874986
ideal candidate count  874986
Epoch 1739 [2.1s + 0.9s]: train==[6027.28842=6019.19832 + 2.09360 + 0.00000 + 0.95777 + 5.03881]
 recall=[0.25000, 0.51941], precision=[0.33941, 0.18696],  f1=[0.26515, 0.25779], RMRR=[0.12049, 0.16842]
Epoch 1740 [2.0s]: train==[6247.36483=6239.28867 + 2.09356 + 0.00000 + 0.95574 + 5.02686]
Epoch 1741 [2.1s]: train==[5926.01130=5917.95656 + 2.09176 + 0.00000 + 0.95843 + 5.00458]
Epoch 1742 [2.1s]: train==[5978.01872=5969.95992 + 2.09174 + 0.00000 + 0.95667 + 5.01043]
Epoch 1743 [2.1s]: train==[5881.18806=5873.13040 + 2.09229 + 0.00000 + 0.95580 + 5.00964]
Epoch 1744 [2.1s]: train==[5957.03661=5948.95621 + 2.08833 + 0.00000 + 0.95676 + 5.03530]
Epoch 1745 [2.1s]: train==[5967.15985=5959.14474 + 2.09157 + 0.00000 + 0.95228 + 4.97121]
Epoch 1746 [2.1s]: train==[5829.30307=5821.21489 + 2.09533 + 0.00000 + 0.95799 + 5.03489]
Epoch 1747 [2.1s]: train==[6040.38486=6032.35654 + 2.09041 + 0.00000 + 0.95446 + 4.98343]
Epoch 1748 [2.1s]: train==[6072.06849=6063.98178 + 2.08638 + 0.00000 + 0.95606 + 5.04431]
drop_flag:  True ,	 mess_dropout:  [0.0, 0.0]
rate_batch  torch.Size([1162, 753])
gt_count  8427
candidate_count  874986
ideal candidate count  874986
Epoch 1749 [2.1s + 0.9s]: train==[6191.91623=6183.87761 + 2.09093 + 0.00000 + 0.95247 + 4.99522]
 recall=[0.24307, 0.51367], precision=[0.33115, 0.18537],  f1=[0.25836, 0.25546], RMRR=[0.11821, 0.16636]
Epoch 1750 [2.0s]: train==[6156.38992=6148.29437 + 2.08999 + 0.00000 + 0.95549 + 5.05006]
Epoch 1751 [2.1s]: train==[6170.81613=6162.71696 + 2.09696 + 0.00000 + 0.95745 + 5.04476]
Epoch 1752 [2.1s]: train==[6002.44494=5994.36014 + 2.09252 + 0.00000 + 0.95510 + 5.03717]
Epoch 1753 [2.2s]: train==[6091.42146=6083.35565 + 2.09495 + 0.00000 + 0.95567 + 5.01520]
Epoch 1754 [2.1s]: train==[5914.51207=5906.42532 + 2.09284 + 0.00000 + 0.95692 + 5.03698]
Epoch 1755 [2.0s]: train==[6218.29813=6210.20982 + 2.09282 + 0.00000 + 0.95369 + 5.04170]
Epoch 1756 [2.1s]: train==[6206.62657=6198.59048 + 2.08865 + 0.00000 + 0.95258 + 4.99482]
Epoch 1757 [2.1s]: train==[6021.56049=6013.51584 + 2.08687 + 0.00000 + 0.95347 + 5.00431]
Epoch 1758 [2.1s]: train==[6025.34676=6017.25438 + 2.08952 + 0.00000 + 0.95318 + 5.04968]
drop_flag:  True ,	 mess_dropout:  [0.0, 0.0]
rate_batch  torch.Size([1162, 753])
gt_count  8427
candidate_count  874986
ideal candidate count  874986
Epoch 1759 [2.1s + 0.9s]: train==[6060.67946=6052.58485 + 2.09286 + 0.00000 + 0.95135 + 5.05039]
 recall=[0.24876, 0.52014], precision=[0.33649, 0.18632],  f1=[0.26294, 0.25699], RMRR=[0.12195, 0.17062]
Epoch 1760 [2.0s]: train==[6010.28353=6002.21368 + 2.09440 + 0.00000 + 0.95256 + 5.02296]
Epoch 1761 [2.1s]: train==[5837.50905=5829.44115 + 2.09026 + 0.00000 + 0.95436 + 5.02335]
Epoch 1762 [2.1s]: train==[5921.74284=5913.65544 + 2.09578 + 0.00000 + 0.95680 + 5.03475]
Epoch 1763 [2.1s]: train==[6053.58330=6045.50352 + 2.09383 + 0.00000 + 0.95209 + 5.03383]
Epoch 1764 [2.1s]: train==[5864.71938=5856.63309 + 2.09302 + 0.00000 + 0.95014 + 5.04315]
Epoch 1765 [2.1s]: train==[5913.20468=5905.13019 + 2.08870 + 0.00000 + 0.95047 + 5.03536]
Epoch 1766 [2.1s]: train==[6030.49847=6022.40428 + 2.09852 + 0.00000 + 0.95669 + 5.03892]
Epoch 1767 [2.0s]: train==[6215.48564=6207.44875 + 2.09374 + 0.00000 + 0.94983 + 4.99331]
Epoch 1768 [2.1s]: train==[6115.30879=6107.27805 + 2.09251 + 0.00000 + 0.95015 + 4.98808]
drop_flag:  True ,	 mess_dropout:  [0.0, 0.0]
rate_batch  torch.Size([1162, 753])
gt_count  8427
candidate_count  874986
ideal candidate count  874986
Epoch 1769 [2.0s + 0.9s]: train==[5949.12526=5941.06892 + 2.09253 + 0.00000 + 0.95062 + 5.01314]
 recall=[0.24516, 0.51725], precision=[0.33373, 0.18602],  f1=[0.26013, 0.25636], RMRR=[0.11719, 0.16521]
Epoch 1770 [2.1s]: train==[6010.38181=6002.31081 + 2.09243 + 0.00000 + 0.95384 + 5.02478]
Epoch 1771 [2.0s]: train==[6084.34712=6076.31468 + 2.09463 + 0.00000 + 0.95361 + 4.98418]
Epoch 1772 [2.1s]: train==[6093.81791=6085.76970 + 2.09419 + 0.00000 + 0.95127 + 5.00274]
Epoch 1773 [2.1s]: train==[6095.06810=6086.98914 + 2.09308 + 0.00000 + 0.95199 + 5.03385]
Epoch 1774 [2.0s]: train==[5895.26241=5887.23730 + 2.09352 + 0.00000 + 0.95031 + 4.98131]
Epoch 1775 [2.1s]: train==[6105.56918=6097.52170 + 2.09204 + 0.00000 + 0.94983 + 5.00563]
Epoch 1776 [2.0s]: train==[5988.70856=5980.62939 + 2.09530 + 0.00000 + 0.95402 + 5.02984]
Epoch 1777 [2.1s]: train==[5932.50150=5924.46942 + 2.09463 + 0.00000 + 0.95018 + 4.98728]
Epoch 1778 [2.1s]: train==[6192.97948=6184.88521 + 2.09371 + 0.00000 + 0.95325 + 5.04732]
drop_flag:  True ,	 mess_dropout:  [0.0, 0.0]
rate_batch  torch.Size([1162, 753])
gt_count  8427
candidate_count  874986
ideal candidate count  874986
Epoch 1779 [2.1s + 0.9s]: train==[6090.90194=6082.83240 + 2.09595 + 0.00000 + 0.95344 + 5.02012]
 recall=[0.24939, 0.51894], precision=[0.33993, 0.18787],  f1=[0.26525, 0.25851], RMRR=[0.12255, 0.16981]
Epoch 1780 [2.0s]: train==[5864.56428=5856.47227 + 2.09659 + 0.00000 + 0.95262 + 5.04278]
Epoch 1781 [2.1s]: train==[5871.10949=5863.04378 + 2.09874 + 0.00000 + 0.95059 + 5.01638]
Epoch 1782 [2.1s]: train==[5904.04831=5896.01056 + 2.09480 + 0.00000 + 0.94920 + 4.99375]
Epoch 1783 [2.1s]: train==[5995.54449=5987.47284 + 2.09543 + 0.00000 + 0.94969 + 5.02654]
Epoch 1784 [2.1s]: train==[5977.01507=5968.96216 + 2.08891 + 0.00000 + 0.94841 + 5.01551]
Epoch 1785 [2.1s]: train==[5790.01112=5781.93915 + 2.09229 + 0.00000 + 0.94930 + 5.03036]
Epoch 1786 [2.0s]: train==[5976.70848=5968.65350 + 2.09284 + 0.00000 + 0.94731 + 5.01484]
Epoch 1787 [2.1s]: train==[6194.46339=6186.40379 + 2.09203 + 0.00000 + 0.94691 + 5.02064]
Epoch 1788 [2.1s]: train==[5965.17684=5957.12881 + 2.09720 + 0.00000 + 0.94676 + 5.00409]
drop_flag:  True ,	 mess_dropout:  [0.0, 0.0]
rate_batch  torch.Size([1162, 753])
gt_count  8427
candidate_count  874986
ideal candidate count  874986
Epoch 1789 [2.1s + 0.9s]: train==[5992.72458=5984.67998 + 2.09717 + 0.00000 + 0.94626 + 5.00115]
 recall=[0.24100, 0.52003], precision=[0.33081, 0.18705],  f1=[0.25766, 0.25788], RMRR=[0.11329, 0.16193]
Epoch 1790 [2.1s]: train==[5967.36597=5959.31367 + 2.10286 + 0.00000 + 0.94551 + 5.00399]
Epoch 1791 [2.1s]: train==[6049.82812=6041.79048 + 2.09999 + 0.00000 + 0.94717 + 4.99044]
Epoch 1792 [2.0s]: train==[5992.59975=5984.51639 + 2.09650 + 0.00000 + 0.94629 + 5.04056]
Epoch 1793 [2.1s]: train==[6113.56789=6105.51703 + 2.10094 + 0.00000 + 0.94490 + 5.00495]
Epoch 1794 [2.1s]: train==[6036.05515=6027.97780 + 2.09680 + 0.00000 + 0.94824 + 5.03234]
Epoch 1795 [2.1s]: train==[5897.66093=5889.63371 + 2.09975 + 0.00000 + 0.94601 + 4.98140]
Epoch 1796 [2.1s]: train==[5973.59675=5965.57535 + 2.09877 + 0.00000 + 0.94563 + 4.97700]
Epoch 1797 [2.1s]: train==[6077.57856=6069.54341 + 2.10057 + 0.00000 + 0.94630 + 4.98824]
Epoch 1798 [2.1s]: train==[5779.16544=5771.10043 + 2.09667 + 0.00000 + 0.94856 + 5.01981]
drop_flag:  True ,	 mess_dropout:  [0.0, 0.0]
rate_batch  torch.Size([1162, 753])
gt_count  8427
candidate_count  874986
ideal candidate count  874986
Epoch 1799 [2.1s + 0.9s]: train==[6114.48045=6106.43034 + 2.09541 + 0.00000 + 0.94767 + 5.00701]
 recall=[0.24827, 0.52017], precision=[0.33666, 0.18606],  f1=[0.26355, 0.25702], RMRR=[0.11839, 0.16640]
Epoch 1800 [2.1s]: train==[5771.92228=5763.89526 + 2.09981 + 0.00000 + 0.94503 + 4.98218]
Epoch 1801 [2.1s]: train==[5885.99909=5877.93015 + 2.09912 + 0.00000 + 0.94770 + 5.02211]
Epoch 1802 [2.0s]: train==[6056.76447=6048.71295 + 2.09447 + 0.00000 + 0.94699 + 5.01008]
Epoch 1803 [2.1s]: train==[5925.27220=5917.26068 + 2.10080 + 0.00000 + 0.94452 + 4.96626]
Epoch 1804 [2.1s]: train==[5906.31252=5898.26591 + 2.09953 + 0.00000 + 0.94481 + 5.00228]
Epoch 1805 [2.1s]: train==[5950.03777=5942.02805 + 2.09971 + 0.00000 + 0.94468 + 4.96528]
Epoch 1806 [2.1s]: train==[5971.53085=5963.51814 + 2.09280 + 0.00000 + 0.94339 + 4.97652]
Epoch 1807 [2.1s]: train==[6028.79465=6020.77802 + 2.09850 + 0.00000 + 0.94414 + 4.97403]
Epoch 1808 [2.1s]: train==[6036.47172=6028.45918 + 2.09649 + 0.00000 + 0.94463 + 4.97145]
drop_flag:  True ,	 mess_dropout:  [0.0, 0.0]
rate_batch  torch.Size([1162, 753])
gt_count  8427
candidate_count  874986
ideal candidate count  874986
Epoch 1809 [2.1s + 0.9s]: train==[5967.75326=5959.72914 + 2.10028 + 0.00000 + 0.94821 + 4.97562]
 recall=[0.24502, 0.51941], precision=[0.33305, 0.18666],  f1=[0.25999, 0.25738], RMRR=[0.11452, 0.16268]
Epoch 1810 [2.0s]: train==[6002.30721=5994.27937 + 2.09841 + 0.00000 + 0.94459 + 4.98478]
Epoch 1811 [2.1s]: train==[6034.51832=6026.46892 + 2.10465 + 0.00000 + 0.94514 + 4.99961]
Epoch 1812 [2.1s]: train==[5916.86586=5908.81384 + 2.10099 + 0.00000 + 0.94874 + 5.00225]
Epoch 1813 [2.1s]: train==[5950.48136=5942.42561 + 2.09809 + 0.00000 + 0.94703 + 5.01061]
Epoch 1814 [2.1s]: train==[5762.40890=5754.35033 + 2.09858 + 0.00000 + 0.95037 + 5.00963]
Epoch 1815 [2.1s]: train==[5951.89402=5943.85208 + 2.10063 + 0.00000 + 0.94494 + 4.99632]
Epoch 1816 [2.1s]: train==[6031.24223=6023.19629 + 2.09574 + 0.00000 + 0.94845 + 5.00177]
Epoch 1817 [2.1s]: train==[6030.30833=6022.24727 + 2.09697 + 0.00000 + 0.94395 + 5.02016]
Epoch 1818 [2.0s]: train==[5727.91870=5719.90094 + 2.09962 + 0.00000 + 0.94397 + 4.97418]
drop_flag:  True ,	 mess_dropout:  [0.0, 0.0]
rate_batch  torch.Size([1162, 753])
gt_count  8427
candidate_count  874986
ideal candidate count  874986
Epoch 1819 [2.1s + 0.9s]: train==[6171.47349=6163.46466 + 2.10302 + 0.00000 + 0.94152 + 4.96423]
 recall=[0.23962, 0.51847], precision=[0.33064, 0.18645],  f1=[0.25683, 0.25699], RMRR=[0.11420, 0.16197]
Epoch 1820 [2.0s]: train==[6109.68718=6101.63814 + 2.09908 + 0.00000 + 0.94400 + 5.00595]
Epoch 1821 [2.1s]: train==[5977.53950=5969.50555 + 2.10154 + 0.00000 + 0.94487 + 4.98754]
Epoch 1822 [2.0s]: train==[6026.44231=6018.38634 + 2.10404 + 0.00000 + 0.94212 + 5.00973]
Epoch 1823 [2.0s]: train==[6087.08218=6079.03673 + 2.10075 + 0.00000 + 0.94297 + 5.00171]
Epoch 1824 [2.1s]: train==[5935.61640=5927.58519 + 2.09839 + 0.00000 + 0.94495 + 4.98787]
Epoch 1825 [2.1s]: train==[6038.38549=6030.30901 + 2.10441 + 0.00000 + 0.94535 + 5.02676]
Epoch 1826 [2.1s]: train==[6059.58017=6051.53636 + 2.10360 + 0.00000 + 0.94433 + 4.99585]
Epoch 1827 [2.1s]: train==[6045.55335=6037.51271 + 2.10497 + 0.00000 + 0.94082 + 4.99486]
Epoch 1828 [2.1s]: train==[5782.52852=5774.45850 + 2.10075 + 0.00000 + 0.94419 + 5.02508]
drop_flag:  True ,	 mess_dropout:  [0.0, 0.0]
rate_batch  torch.Size([1162, 753])
gt_count  8427
candidate_count  874986
ideal candidate count  874986
Epoch 1829 [2.1s + 0.9s]: train==[5880.54635=5872.49274 + 2.09815 + 0.00000 + 0.94374 + 5.01168]
 recall=[0.23769, 0.51288], precision=[0.32358, 0.18378],  f1=[0.25295, 0.25343], RMRR=[0.11364, 0.16067]
Epoch 1830 [2.0s]: train==[6038.73249=6030.59937 + 2.09905 + 0.00000 + 0.94208 + 5.09196]
Epoch 1831 [2.1s]: train==[6122.92135=6114.84412 + 2.10076 + 0.00000 + 0.94253 + 5.03396]
Epoch 1832 [2.0s]: train==[6003.74892=5995.65822 + 2.10376 + 0.00000 + 0.94636 + 5.04059]
Epoch 1833 [2.1s]: train==[6180.65537=6172.54344 + 2.10537 + 0.00000 + 0.94498 + 5.06155]
Epoch 1834 [2.1s]: train==[6146.89885=6138.78549 + 2.10511 + 0.00000 + 0.94517 + 5.06306]
Epoch 1835 [2.0s]: train==[6151.87901=6143.77151 + 2.10466 + 0.00000 + 0.94706 + 5.05582]
Epoch 1836 [2.1s]: train==[5881.39572=5873.30949 + 2.10256 + 0.00000 + 0.94485 + 5.03883]
Epoch 1837 [2.0s]: train==[5753.42164=5745.32578 + 2.10296 + 0.00000 + 0.94690 + 5.04594]
Epoch 1838 [2.0s]: train==[6035.79752=6027.70895 + 2.10295 + 0.00000 + 0.94501 + 5.04056]
drop_flag:  True ,	 mess_dropout:  [0.0, 0.0]
rate_batch  torch.Size([1162, 753])
gt_count  8427
candidate_count  874986
ideal candidate count  874986
Epoch 1839 [2.0s + 0.9s]: train==[5977.43478=5969.35019 + 2.10769 + 0.00000 + 0.94584 + 5.03106]
 recall=[0.24829, 0.51508], precision=[0.33769, 0.18653],  f1=[0.26388, 0.25681], RMRR=[0.11817, 0.16611]
Epoch 1840 [2.0s]: train==[5991.62283=5983.52179 + 2.11100 + 0.00000 + 0.94303 + 5.04702]
Epoch 1841 [2.1s]: train==[5844.90786=5836.84911 + 2.10990 + 0.00000 + 0.94133 + 5.00749]
Epoch 1842 [2.1s]: train==[5945.84498=5937.77658 + 2.10608 + 0.00000 + 0.94404 + 5.01830]
Epoch 1843 [2.0s]: train==[6047.94892=6039.85631 + 2.10668 + 0.00000 + 0.94460 + 5.04138]
Epoch 1844 [2.0s]: train==[5857.74183=5849.64551 + 2.10842 + 0.00000 + 0.94630 + 5.04160]
Epoch 1845 [2.1s]: train==[5853.76190=5845.70363 + 2.11119 + 0.00000 + 0.94486 + 5.00227]
Epoch 1846 [2.1s]: train==[6222.37960=6214.34950 + 2.10645 + 0.00000 + 0.94064 + 4.98300]
Epoch 1847 [2.1s]: train==[6010.39947=6002.33395 + 2.10881 + 0.00000 + 0.94312 + 5.01353]
Epoch 1848 [2.0s]: train==[5927.33231=5919.28783 + 2.10941 + 0.00000 + 0.93965 + 4.99547]
drop_flag:  True ,	 mess_dropout:  [0.0, 0.0]
rate_batch  torch.Size([1162, 753])
gt_count  8427
candidate_count  874986
ideal candidate count  874986
Epoch 1849 [2.1s + 0.9s]: train==[6062.65657=6054.59297 + 2.10964 + 0.00000 + 0.94383 + 5.01018]
 recall=[0.24527, 0.51499], precision=[0.33477, 0.18477],  f1=[0.26160, 0.25502], RMRR=[0.11621, 0.16380]
Epoch 1850 [2.1s]: train==[6010.18464=6002.12961 + 2.11143 + 0.00000 + 0.94022 + 5.00338]
Epoch 1851 [2.1s]: train==[5942.16943=5934.09734 + 2.10729 + 0.00000 + 0.94069 + 5.02410]
Epoch 1852 [2.1s]: train==[5825.40855=5817.33376 + 2.10996 + 0.00000 + 0.94166 + 5.02315]
Epoch 1853 [2.1s]: train==[5786.30761=5778.25343 + 2.11199 + 0.00000 + 0.93823 + 5.00393]
Epoch 1854 [2.1s]: train==[5832.14572=5824.08855 + 2.10529 + 0.00000 + 0.93975 + 5.01212]
Epoch 1855 [2.1s]: train==[6029.18215=6021.13008 + 2.11063 + 0.00000 + 0.94166 + 4.99986]
Epoch 1856 [2.1s]: train==[5873.82551=5865.75662 + 2.10250 + 0.00000 + 0.94141 + 5.02497]
Epoch 1857 [2.1s]: train==[6038.42880=6030.36363 + 2.10728 + 0.00000 + 0.94108 + 5.01675]
Epoch 1858 [2.1s]: train==[5788.36998=5780.29535 + 2.10757 + 0.00000 + 0.94208 + 5.02498]
drop_flag:  True ,	 mess_dropout:  [0.0, 0.0]
rate_batch  torch.Size([1162, 753])
gt_count  8427
candidate_count  874986
ideal candidate count  874986
Epoch 1859 [2.1s + 0.9s]: train==[6035.39351=6027.30663 + 2.11360 + 0.00000 + 0.94138 + 5.03190]
 recall=[0.24858, 0.52125], precision=[0.33787, 0.18662],  f1=[0.26362, 0.25756], RMRR=[0.11962, 0.16724]
Epoch 1860 [2.0s]: train==[5921.51281=5913.45041 + 2.10773 + 0.00000 + 0.94269 + 5.01196]
Epoch 1861 [2.1s]: train==[5817.83384=5809.77745 + 2.10618 + 0.00000 + 0.94229 + 5.00791]
Epoch 1862 [2.1s]: train==[5848.40149=5840.34792 + 2.10601 + 0.00000 + 0.94047 + 5.00709]
Epoch 1863 [2.1s]: train==[5847.92416=5839.86929 + 2.10490 + 0.00000 + 0.94246 + 5.00749]
Epoch 1864 [2.1s]: train==[6126.55492=6118.50096 + 2.11345 + 0.00000 + 0.94015 + 5.00031]
Epoch 1865 [2.1s]: train==[6127.48652=6119.40813 + 2.11387 + 0.00000 + 0.93980 + 5.02474]
Epoch 1866 [2.1s]: train==[5937.16079=5929.08911 + 2.10944 + 0.00000 + 0.94173 + 5.02045]
Epoch 1867 [2.1s]: train==[5961.68748=5953.63612 + 2.11247 + 0.00000 + 0.94247 + 4.99644]
Epoch 1868 [2.1s]: train==[5892.01533=5883.99594 + 2.10864 + 0.00000 + 0.93810 + 4.97262]
drop_flag:  True ,	 mess_dropout:  [0.0, 0.0]
rate_batch  torch.Size([1162, 753])
gt_count  8427
candidate_count  874986
ideal candidate count  874986
Epoch 1869 [2.0s + 0.9s]: train==[5906.95315=5898.89644 + 2.11063 + 0.00000 + 0.94095 + 5.00509]
 recall=[0.25023, 0.51876], precision=[0.33614, 0.18610],  f1=[0.26385, 0.25654], RMRR=[0.11902, 0.16694]
Epoch 1870 [2.1s]: train==[6114.18391=6106.13377 + 2.10973 + 0.00000 + 0.93978 + 5.00067]
Epoch 1871 [2.0s]: train==[5961.58860=5953.51109 + 2.11004 + 0.00000 + 0.94079 + 5.02670]
Epoch 1872 [2.1s]: train==[5858.74405=5850.68062 + 2.10839 + 0.00000 + 0.93909 + 5.01598]
Epoch 1873 [2.1s]: train==[6003.98270=5995.95610 + 2.11078 + 0.00000 + 0.93953 + 4.97635]
Epoch 1874 [2.0s]: train==[6033.37766=6025.34506 + 2.10822 + 0.00000 + 0.93890 + 4.98550]
Epoch 1875 [2.1s]: train==[5969.87243=5961.81343 + 2.10869 + 0.00000 + 0.93822 + 5.01204]
Epoch 1876 [2.0s]: train==[5913.77618=5905.73866 + 2.10841 + 0.00000 + 0.94028 + 4.98882]
Epoch 1877 [2.1s]: train==[5908.92765=5900.91769 + 2.11374 + 0.00000 + 0.93773 + 4.95845]
Epoch 1878 [2.1s]: train==[6042.04778=6034.01462 + 2.10838 + 0.00000 + 0.93558 + 4.98924]
drop_flag:  True ,	 mess_dropout:  [0.0, 0.0]
rate_batch  torch.Size([1162, 753])
gt_count  8427
candidate_count  874986
ideal candidate count  874986
Epoch 1879 [2.1s + 0.9s]: train==[5958.42291=5950.34119 + 2.11273 + 0.00000 + 0.93769 + 5.03130]
 recall=[0.25076, 0.51642], precision=[0.33821, 0.18597],  f1=[0.26507, 0.25633], RMRR=[0.11935, 0.16696]
Epoch 1880 [2.0s]: train==[6013.70126=6005.67310 + 2.11061 + 0.00000 + 0.93523 + 4.98236]
Epoch 1881 [2.1s]: train==[6058.30164=6050.27106 + 2.11046 + 0.00000 + 0.93919 + 4.98092]
Epoch 1882 [2.1s]: train==[5929.06289=5921.04413 + 2.10648 + 0.00000 + 0.93782 + 4.97449]
Epoch 1883 [2.0s]: train==[5924.33698=5916.30510 + 2.11359 + 0.00000 + 0.93658 + 4.98171]
Epoch 1884 [2.1s]: train==[6002.72273=5994.63089 + 2.11646 + 0.00000 + 0.94222 + 5.03315]
Epoch 1885 [2.0s]: train==[6058.33674=6050.27725 + 2.11665 + 0.00000 + 0.94017 + 5.00266]
Epoch 1886 [2.1s]: train==[6061.82196=6053.78416 + 2.11007 + 0.00000 + 0.93762 + 4.99006]
Epoch 1887 [2.1s]: train==[6172.98676=6164.95731 + 2.11256 + 0.00000 + 0.93445 + 4.98243]
Epoch 1888 [2.1s]: train==[6022.31092=6014.27226 + 2.11301 + 0.00000 + 0.93441 + 4.99119]
drop_flag:  True ,	 mess_dropout:  [0.0, 0.0]
rate_batch  torch.Size([1162, 753])
gt_count  8427
candidate_count  874986
ideal candidate count  874986
Epoch 1889 [2.1s + 0.9s]: train==[5888.39185=5880.32907 + 2.11368 + 0.00000 + 0.93535 + 5.01376]
 recall=[0.24619, 0.52166], precision=[0.33855, 0.18705],  f1=[0.26321, 0.25808], RMRR=[0.11711, 0.16560]
Epoch 1890 [2.0s]: train==[5986.97405=5978.93256 + 2.11345 + 0.00000 + 0.93427 + 4.99374]
Epoch 1891 [2.0s]: train==[6150.17926=6142.13249 + 2.11388 + 0.00000 + 0.93611 + 4.99673]
Epoch 1892 [2.1s]: train==[5795.47167=5787.41855 + 2.10848 + 0.00000 + 0.93565 + 5.00895]
Epoch 1893 [2.0s]: train==[5831.91128=5823.83173 + 2.11566 + 0.00000 + 0.93726 + 5.02662]
Epoch 1894 [2.0s]: train==[5848.73171=5840.71651 + 2.11387 + 0.00000 + 0.93292 + 4.96846]
Epoch 1895 [2.1s]: train==[6165.60971=6157.57668 + 2.11207 + 0.00000 + 0.93452 + 4.98644]
Epoch 1896 [2.1s]: train==[5826.63739=5818.58389 + 2.11243 + 0.00000 + 0.93363 + 5.00740]
Epoch 1897 [2.0s]: train==[6045.05701=6037.04115 + 2.11000 + 0.00000 + 0.93114 + 4.97471]
Epoch 1898 [2.0s]: train==[6161.81257=6153.79822 + 2.11064 + 0.00000 + 0.93275 + 4.97104]
drop_flag:  True ,	 mess_dropout:  [0.0, 0.0]
rate_batch  torch.Size([1162, 753])
gt_count  8427
candidate_count  874986
ideal candidate count  874986
Epoch 1899 [2.0s + 0.9s]: train==[5804.18435=5796.18666 + 2.10996 + 0.00000 + 0.93193 + 4.95580]
 recall=[0.24753, 0.51978], precision=[0.33718, 0.18774],  f1=[0.26295, 0.25864], RMRR=[0.11575, 0.16425]
Epoch 1900 [2.0s]: train==[6019.06691=6011.04807 + 2.11651 + 0.00000 + 0.93329 + 4.96898]
Epoch 1901 [2.0s]: train==[5965.95554=5957.94279 + 2.11175 + 0.00000 + 0.93078 + 4.97023]
Epoch 1902 [2.0s]: train==[5953.97688=5945.95349 + 2.11382 + 0.00000 + 0.92808 + 4.98140]
Epoch 1903 [2.1s]: train==[5799.17435=5791.16513 + 2.11238 + 0.00000 + 0.92832 + 4.96851]
Epoch 1904 [2.1s]: train==[5881.66305=5873.64258 + 2.11858 + 0.00000 + 0.93045 + 4.97147]
Epoch 1905 [2.1s]: train==[5992.80786=5984.81720 + 2.11335 + 0.00000 + 0.92784 + 4.94945]
Epoch 1906 [2.1s]: train==[5992.80959=5984.78961 + 2.11958 + 0.00000 + 0.92626 + 4.97412]
Epoch 1907 [2.1s]: train==[5998.99957=5990.99065 + 2.11427 + 0.00000 + 0.92881 + 4.96592]
Epoch 1908 [2.1s]: train==[5808.43630=5800.40370 + 2.11470 + 0.00000 + 0.93129 + 4.98659]
drop_flag:  True ,	 mess_dropout:  [0.0, 0.0]
rate_batch  torch.Size([1162, 753])
gt_count  8427
candidate_count  874986
ideal candidate count  874986
Epoch 1909 [2.0s + 0.9s]: train==[6115.35388=6107.30475 + 2.11752 + 0.00000 + 0.92857 + 5.00298]
 recall=[0.24457, 0.52142], precision=[0.33425, 0.18735],  f1=[0.26079, 0.25858], RMRR=[0.11681, 0.16492]
Epoch 1910 [2.0s]: train==[6119.06243=6111.00851 + 2.11812 + 0.00000 + 0.92896 + 5.00688]
Epoch 1911 [2.1s]: train==[6019.72710=6011.67175 + 2.11462 + 0.00000 + 0.93164 + 5.00909]
Epoch 1912 [2.1s]: train==[5967.32103=5959.27139 + 2.11800 + 0.00000 + 0.93072 + 5.00092]
Epoch 1913 [2.1s]: train==[6195.00030=6186.96968 + 2.11864 + 0.00000 + 0.92680 + 4.98517]
Epoch 1914 [2.0s]: train==[5986.33936=5978.34500 + 2.11946 + 0.00000 + 0.92968 + 4.94525]
Epoch 1915 [2.0s]: train==[6132.32887=6124.32578 + 2.11829 + 0.00000 + 0.92830 + 4.95648]
Epoch 1916 [2.0s]: train==[5779.11661=5771.10266 + 2.11430 + 0.00000 + 0.92772 + 4.97195]
Epoch 1917 [2.1s]: train==[6090.61218=6082.55518 + 2.11473 + 0.00000 + 0.93115 + 5.01112]
Epoch 1918 [2.1s]: train==[5817.53250=5809.52068 + 2.11845 + 0.00000 + 0.92837 + 4.96502]
drop_flag:  True ,	 mess_dropout:  [0.0, 0.0]
rate_batch  torch.Size([1162, 753])
gt_count  8427
candidate_count  874986
ideal candidate count  874986
Epoch 1919 [2.0s + 0.9s]: train==[6067.06701=6059.01418 + 2.11996 + 0.00000 + 0.93109 + 5.00175]
 recall=[0.24434, 0.52182], precision=[0.33081, 0.18696],  f1=[0.25876, 0.25800], RMRR=[0.11428, 0.16292]
Epoch 1920 [2.1s]: train==[5894.65001=5886.62527 + 2.11842 + 0.00000 + 0.92527 + 4.98104]
Epoch 1921 [2.0s]: train==[5848.01684=5840.00713 + 2.11771 + 0.00000 + 0.92731 + 4.96470]
Epoch 1922 [2.0s]: train==[6130.29474=6122.28665 + 2.11866 + 0.00000 + 0.92650 + 4.96291]
Epoch 1923 [2.0s]: train==[5884.43476=5876.41470 + 2.11839 + 0.00000 + 0.92657 + 4.97508]
Epoch 1924 [2.1s]: train==[5961.48455=5953.42973 + 2.12129 + 0.00000 + 0.92947 + 5.00400]
Epoch 1925 [2.0s]: train==[6001.08477=5993.07452 + 2.12153 + 0.00000 + 0.92703 + 4.96167]
Epoch 1926 [2.0s]: train==[5938.36049=5930.36699 + 2.11213 + 0.00000 + 0.92515 + 4.95624]
Epoch 1927 [2.1s]: train==[6188.22165=6180.21245 + 2.11551 + 0.00000 + 0.92424 + 4.96950]
Epoch 1928 [2.6s]: train==[6066.77205=6058.75902 + 2.11441 + 0.00000 + 0.92300 + 4.97568]
drop_flag:  True ,	 mess_dropout:  [0.0, 0.0]
rate_batch  torch.Size([1162, 753])
gt_count  8427
candidate_count  874986
ideal candidate count  874986
Epoch 1929 [2.2s + 0.8s]: train==[6058.78093=6050.74838 + 2.11769 + 0.00000 + 0.92767 + 4.98720]
 recall=[0.24404, 0.51957], precision=[0.33649, 0.18756],  f1=[0.26092, 0.25834], RMRR=[0.11612, 0.16439]
Epoch 1930 [2.0s]: train==[5974.34913=5966.35931 + 2.11637 + 0.00000 + 0.92492 + 4.94851]
Epoch 1931 [2.1s]: train==[6063.74911=6055.75311 + 2.11796 + 0.00000 + 0.92294 + 4.95507]
Epoch 1932 [2.0s]: train==[5988.51141=5980.47278 + 2.11784 + 0.00000 + 0.92780 + 4.99303]
Epoch 1933 [2.1s]: train==[5889.35549=5881.33167 + 2.11781 + 0.00000 + 0.92727 + 4.97880]
Epoch 1934 [2.1s]: train==[5946.62828=5938.63542 + 2.11602 + 0.00000 + 0.92584 + 4.95099]
Epoch 1935 [2.0s]: train==[6091.72140=6083.68390 + 2.11649 + 0.00000 + 0.92738 + 4.99358]
Epoch 1936 [2.1s]: train==[6256.33623=6248.35371 + 2.11370 + 0.00000 + 0.92310 + 4.94570]
Epoch 1937 [2.1s]: train==[5956.57321=5948.55692 + 2.11412 + 0.00000 + 0.92494 + 4.97724]
Epoch 1938 [2.0s]: train==[5971.65272=5963.67145 + 2.11256 + 0.00000 + 0.91969 + 4.94901]
drop_flag:  True ,	 mess_dropout:  [0.0, 0.0]
rate_batch  torch.Size([1162, 753])
gt_count  8427
candidate_count  874986
ideal candidate count  874986
Epoch 1939 [2.1s + 0.9s]: train==[5949.87397=5941.85803 + 2.12367 + 0.00000 + 0.92556 + 4.96667]
 recall=[0.24711, 0.51867], precision=[0.33460, 0.18657],  f1=[0.26227, 0.25723], RMRR=[0.11907, 0.16617]
Epoch 1940 [2.1s]: train==[6130.48073=6122.49666 + 2.11815 + 0.00000 + 0.92108 + 4.94484]
Epoch 1941 [2.0s]: train==[5714.05567=5706.04036 + 2.11850 + 0.00000 + 0.92352 + 4.97334]
Epoch 1942 [2.1s]: train==[6113.99612=6105.98181 + 2.12478 + 0.00000 + 0.92449 + 4.96503]
Epoch 1943 [2.1s]: train==[6080.24158=6072.22046 + 2.12354 + 0.00000 + 0.92638 + 4.97119]
Epoch 1944 [2.1s]: train==[6035.06199=6027.03117 + 2.12131 + 0.00000 + 0.92626 + 4.98320]
Epoch 1945 [2.1s]: train==[5763.50504=5755.53432 + 2.12076 + 0.00000 + 0.92357 + 4.92642]
Epoch 1946 [2.0s]: train==[5986.10481=5978.10968 + 2.11588 + 0.00000 + 0.92332 + 4.95589]
Epoch 1947 [2.1s]: train==[5989.20101=5981.16324 + 2.12255 + 0.00000 + 0.92598 + 4.98917]
Epoch 1948 [2.0s]: train==[6212.11870=6204.11147 + 2.12049 + 0.00000 + 0.92548 + 4.96121]
drop_flag:  True ,	 mess_dropout:  [0.0, 0.0]
rate_batch  torch.Size([1162, 753])
gt_count  8427
candidate_count  874986
ideal candidate count  874986
Epoch 1949 [2.0s + 0.9s]: train==[5929.83479=5921.81427 + 2.11795 + 0.00000 + 0.92716 + 4.97540]
 recall=[0.24618, 0.51602], precision=[0.33460, 0.18597],  f1=[0.26125, 0.25641], RMRR=[0.11460, 0.16236]
Epoch 1950 [2.1s]: train==[5923.76176=5915.75018 + 2.12147 + 0.00000 + 0.92590 + 4.96422]
Epoch 1951 [2.0s]: train==[6219.13443=6211.12894 + 2.12412 + 0.00000 + 0.92569 + 4.95567]
Epoch 1952 [2.1s]: train==[5908.90163=5900.87416 + 2.12268 + 0.00000 + 0.92557 + 4.97921]
Epoch 1953 [2.0s]: train==[6019.51288=6011.49419 + 2.11765 + 0.00000 + 0.92438 + 4.97670]
Epoch 1954 [2.1s]: train==[5958.19487=5950.17593 + 2.12196 + 0.00000 + 0.92672 + 4.97029]
Epoch 1955 [2.0s]: train==[5944.10988=5936.08955 + 2.11884 + 0.00000 + 0.91995 + 4.98156]
Epoch 1956 [2.0s]: train==[5950.26276=5942.28284 + 2.11786 + 0.00000 + 0.91812 + 4.94399]
Epoch 1957 [2.1s]: train==[6138.46892=6130.46185 + 2.11731 + 0.00000 + 0.92331 + 4.96646]
Epoch 1958 [2.0s]: train==[6010.62850=6002.60504 + 2.11849 + 0.00000 + 0.92325 + 4.98170]
drop_flag:  True ,	 mess_dropout:  [0.0, 0.0]
rate_batch  torch.Size([1162, 753])
gt_count  8427
candidate_count  874986
ideal candidate count  874986
Epoch 1959 [2.1s + 0.8s]: train==[5967.61668=5959.58344 + 2.12803 + 0.00000 + 0.92410 + 4.98112]
 recall=[0.24447, 0.51911], precision=[0.33494, 0.18705],  f1=[0.26111, 0.25778], RMRR=[0.11467, 0.16441]
Epoch 1960 [2.0s]: train==[6045.66956=6037.68137 + 2.12132 + 0.00000 + 0.91873 + 4.94812]
Epoch 1961 [2.1s]: train==[6172.85758=6164.84410 + 2.12258 + 0.00000 + 0.92203 + 4.96883]
Epoch 1962 [2.1s]: train==[5978.39660=5970.38637 + 2.12122 + 0.00000 + 0.91927 + 4.96970]
Epoch 1963 [2.1s]: train==[5936.66775=5928.65173 + 2.12094 + 0.00000 + 0.91962 + 4.97546]
Epoch 1964 [2.1s]: train==[6085.36731=6077.34030 + 2.12112 + 0.00000 + 0.91833 + 4.98760]
Epoch 1965 [2.0s]: train==[5774.62685=5766.59525 + 2.12108 + 0.00000 + 0.92259 + 4.98792]
Epoch 1966 [2.1s]: train==[6043.44041=6035.43095 + 2.12514 + 0.00000 + 0.92648 + 4.95780]
Epoch 1967 [2.0s]: train==[5820.45672=5812.43594 + 2.12639 + 0.00000 + 0.92159 + 4.97277]
Epoch 1968 [2.1s]: train==[6052.13446=6044.13136 + 2.12475 + 0.00000 + 0.92057 + 4.95780]
drop_flag:  True ,	 mess_dropout:  [0.0, 0.0]
rate_batch  torch.Size([1162, 753])
gt_count  8427
candidate_count  874986
ideal candidate count  874986
Epoch 1969 [2.1s + 0.9s]: train==[5784.58661=5776.57312 + 2.12065 + 0.00000 + 0.92211 + 4.97072]
 recall=[0.24455, 0.52197], precision=[0.33528, 0.18731],  f1=[0.26134, 0.25831], RMRR=[0.11409, 0.16333]
Epoch 1970 [2.0s]: train==[6109.12777=6101.11122 + 2.11796 + 0.00000 + 0.92186 + 4.97672]
Epoch 1971 [2.0s]: train==[6062.70917=6054.71445 + 2.12206 + 0.00000 + 0.91934 + 4.95329]
Epoch 1972 [2.0s]: train==[5942.16018=5934.16710 + 2.12334 + 0.00000 + 0.92154 + 4.94817]
Epoch 1973 [2.1s]: train==[6011.92988=6003.92076 + 2.12331 + 0.00000 + 0.92171 + 4.96418]
Epoch 1974 [2.1s]: train==[5868.92986=5860.89787 + 2.11745 + 0.00000 + 0.92183 + 4.99268]
Epoch 1975 [2.0s]: train==[6064.65949=6056.63422 + 2.12344 + 0.00000 + 0.92102 + 4.98083]
Epoch 1976 [2.0s]: train==[6151.04432=6143.04268 + 2.11996 + 0.00000 + 0.92017 + 4.96155]
Epoch 1977 [2.0s]: train==[6151.54970=6143.52641 + 2.11940 + 0.00000 + 0.92010 + 4.98374]
Epoch 1978 [2.1s]: train==[6134.49063=6126.48509 + 2.11990 + 0.00000 + 0.91847 + 4.96716]
drop_flag:  True ,	 mess_dropout:  [0.0, 0.0]
rate_batch  torch.Size([1162, 753])
gt_count  8427
candidate_count  874986
ideal candidate count  874986
Epoch 1979 [2.0s + 0.8s]: train==[5951.52542=5943.53009 + 2.11987 + 0.00000 + 0.91688 + 4.95858]
 recall=[0.24541, 0.51768], precision=[0.33425, 0.18657],  f1=[0.26162, 0.25736], RMRR=[0.11709, 0.16581]
Epoch 1980 [2.0s]: train==[5933.05032=5925.05214 + 2.11565 + 0.00000 + 0.91719 + 4.96531]
Epoch 1981 [2.1s]: train==[5940.35221=5932.32593 + 2.12685 + 0.00000 + 0.92117 + 4.97823]
Epoch 1982 [2.1s]: train==[6120.59932=6112.58345 + 2.12092 + 0.00000 + 0.92098 + 4.97400]
Epoch 1983 [2.1s]: train==[5895.36473=5887.35028 + 2.11895 + 0.00000 + 0.91954 + 4.97603]
Epoch 1984 [2.1s]: train==[6084.29824=6076.28012 + 2.12133 + 0.00000 + 0.92136 + 4.97543]
Epoch 1985 [2.1s]: train==[5844.96490=5836.95811 + 2.11993 + 0.00000 + 0.91905 + 4.96780]
Epoch 1986 [2.0s]: train==[5795.19999=5787.16777 + 2.12351 + 0.00000 + 0.92267 + 4.98601]
Epoch 1987 [2.0s]: train==[6012.94734=6004.92386 + 2.12260 + 0.00000 + 0.91732 + 4.98358]
Epoch 1988 [2.1s]: train==[6031.58529=6023.55301 + 2.12183 + 0.00000 + 0.91857 + 4.99187]
drop_flag:  True ,	 mess_dropout:  [0.0, 0.0]
rate_batch  torch.Size([1162, 753])
gt_count  8427
candidate_count  874986
ideal candidate count  874986
Epoch 1989 [2.1s + 0.8s]: train==[6008.94726=6000.95662 + 2.12550 + 0.00000 + 0.92023 + 4.94495]
 recall=[0.24706, 0.52182], precision=[0.33718, 0.18812],  f1=[0.26330, 0.25912], RMRR=[0.11677, 0.16485]
Epoch 1990 [2.1s]: train==[6019.84146=6011.84917 + 2.12289 + 0.00000 + 0.92098 + 4.94842]
Epoch 1991 [2.1s]: train==[6231.44773=6223.45082 + 2.12609 + 0.00000 + 0.92176 + 4.94908]
Epoch 1992 [2.1s]: train==[6068.09363=6060.06490 + 2.12318 + 0.00000 + 0.91943 + 4.98614]
Epoch 1993 [2.1s]: train==[6065.01425=6057.02020 + 2.12623 + 0.00000 + 0.91792 + 4.94987]
Epoch 1994 [2.1s]: train==[5905.38302=5897.36398 + 2.12051 + 0.00000 + 0.91969 + 4.97888]
Epoch 1995 [2.1s]: train==[5936.40697=5928.38277 + 2.12291 + 0.00000 + 0.92110 + 4.98019]
Epoch 1996 [2.0s]: train==[5882.16954=5874.17580 + 2.12095 + 0.00000 + 0.91595 + 4.95685]
Epoch 1997 [2.0s]: train==[6132.63790=6124.59805 + 2.12255 + 0.00000 + 0.91804 + 4.99920]
Epoch 1998 [2.0s]: train==[5956.10521=5948.12996 + 2.12461 + 0.00000 + 0.92113 + 4.92948]
drop_flag:  True ,	 mess_dropout:  [0.0, 0.0]
rate_batch  torch.Size([1162, 753])
gt_count  8427
candidate_count  874986
ideal candidate count  874986
Epoch 1999 [2.1s + 0.8s]: train==[5894.81099=5886.82681 + 2.12964 + 0.00000 + 0.91716 + 4.93734]
 recall=[0.24575, 0.51918], precision=[0.33735, 0.18683],  f1=[0.26236, 0.25759], RMRR=[0.11577, 0.16396]
Best Iter=[187]@[4478.0]	recall=[0.25076	0.37496	0.45778	0.51642], precision=[0.33821	0.26411	0.21698	0.18597], f1=[0.26507	0.28657	0.27388	0.25633], RMRR=[0.11935	0.15132	0.16224	0.16696]
end  2025-08-08 01:22:07

结束时间: 2025年 8月 8日 星期五 01时22分08秒 CST
================================

所有实验完成！
日志文件保存在: output/tmp/main_5315ab9_20250808_0007_Herb.log
