开始执行SMGCN训练脚本
执行时间: 2025年 08月 04日 星期一 17:17:55 CST
当前分支: main
Commit ID: 5d46307
========================================
实验参数配置:
  数据集: Herb
  嵌入维度: 64
  层大小: [64,64]
  学习率: 0.001
  批次大小: 1024
  训练轮次: 2000
  GPU ID: 0
  正则化: 7e-3
  Dropout: [0.0,0.0]
  邻接矩阵类型: norm
========================================

开始训练...
执行命令: python -u main.py --dataset Herb --embed_size 64 --layer_size '[64,64]' --lr 0.001 --batch_size 1024 --epoch 2000 --verbose 1 --gpu_id 0
开始时间: 2025年 08月 04日 星期一 17:17:56 CST
================================
symtom个数n_users=360, herb个数n_items=753
#train中的herb个数 train_items 753
#test中的herb个数 test_items 468
#总的herb个数 all_items 753
#用于sample生成batch的train pres 22917
#train中 症状组合-单个herb pair的个数 n_train 22917, #test 行数 n_test 1162
item_weight  753
item_freq_max  9017.0
753   1
#multi-hot for test users	 1162
#test	 1162
#双向 sym pairs  1914
#双向herb pairs  6818
start  2025-08-04 17:17:58
************SMGCN*************** 
result_index  1
already create adjacency matrix (1113, 1113) time: 0.053800344467163086
already create sym_pair adjacency matrix (360, 360) time: 0.0013091564178466797
already create herb_pair adjacency matrix (753, 753) time: 0.0032968521118164062
generate single-normalized adjacency matrix.
generate single-normalized adjacency matrix.
already normalize adjacency matrix 0.04041337966918945
sym_pair 和 herb_pair 有 self-connection, sum!!
use the normalized adjacency matrix
***********fusion method************  add
mlp predict weight  [256]
mlp_predict layer  2
regs  [0.007]
using xavier initialization
mlp_predict_weight_size_list  [64, 256, 64]

 ########################################################################### pair_dimension is  64
SMGCN(
  (weights): ParameterDict(
      (user_embedding): Parameter containing: [torch.cuda.FloatTensor of size 360x64 (GPU 0)]
      (item_embedding): Parameter containing: [torch.cuda.FloatTensor of size 753x64 (GPU 0)]
      (W_gc_user_0): Parameter containing: [torch.cuda.FloatTensor of size 128x64 (GPU 0)]
      (b_gc_user_0): Parameter containing: [torch.cuda.FloatTensor of size 1x64 (GPU 0)]
      (W_gc_item_0): Parameter containing: [torch.cuda.FloatTensor of size 128x64 (GPU 0)]
      (b_gc_item_0): Parameter containing: [torch.cuda.FloatTensor of size 1x64 (GPU 0)]
      (Q_user_0): Parameter containing: [torch.cuda.FloatTensor of size 64x64 (GPU 0)]
      (Q_item_0): Parameter containing: [torch.cuda.FloatTensor of size 64x64 (GPU 0)]
      (W_gc_user_1): Parameter containing: [torch.cuda.FloatTensor of size 128x64 (GPU 0)]
      (b_gc_user_1): Parameter containing: [torch.cuda.FloatTensor of size 1x64 (GPU 0)]
      (W_gc_item_1): Parameter containing: [torch.cuda.FloatTensor of size 128x64 (GPU 0)]
      (b_gc_item_1): Parameter containing: [torch.cuda.FloatTensor of size 1x64 (GPU 0)]
      (Q_user_1): Parameter containing: [torch.cuda.FloatTensor of size 64x64 (GPU 0)]
      (Q_item_1): Parameter containing: [torch.cuda.FloatTensor of size 64x64 (GPU 0)]
      (W_predict_mlp_user_0): Parameter containing: [torch.cuda.FloatTensor of size 64x256 (GPU 0)]
      (b_predict_mlp_user_0): Parameter containing: [torch.cuda.FloatTensor of size 1x256 (GPU 0)]
      (W_predict_mlp_user_1): Parameter containing: [torch.cuda.FloatTensor of size 256x64 (GPU 0)]
      (b_predict_mlp_user_1): Parameter containing: [torch.cuda.FloatTensor of size 1x64 (GPU 0)]
      (M_user): Parameter containing: [torch.cuda.FloatTensor of size 64x64 (GPU 0)]
      (M_item): Parameter containing: [torch.cuda.FloatTensor of size 64x64 (GPU 0)]
  )
)

开始测试超图功能集成...
symtom个数n_users=360, herb个数n_items=753
✅ 超图功能集成成功！
超图邻接矩阵形状: torch.Size([753, 753])
超图嵌入维度: 64
对比学习权重: 0.1
args.pretrain	 0
/home/zhang/Projects/Yuan/SMGCN-torch-master/model/SMGCN.py:326: UserWarning: Creating a tensor from a list of numpy.ndarrays is extremely slow. Please consider converting the list to a single numpy.ndarray with numpy.array() before converting to a tensor. (Triggered internally at  ../torch/csrc/utils/tensor_new.cpp:201.)
  i = torch.tensor([coo.row, coo.col], dtype=torch.long).to(args.device)
Epoch 0 [3.4s]: train==[626188.55183=626143.17862 + 0.43770 + 0.00000 + 16.73311 + 28.18746]
Epoch 1 [3.4s]: train==[7382.64031=7335.31366 + 0.50005 + 0.00000 + 19.00295 + 27.82367]
Epoch 2 [3.4s]: train==[7181.37082=7133.99301 + 0.51002 + 0.00000 + 19.14769 + 27.72005]
Epoch 3 [3.4s]: train==[6900.91778=6853.75214 + 0.51245 + 0.00000 + 19.00936 + 27.64386]
Epoch 4 [3.4s]: train==[7102.84306=7055.93451 + 0.51360 + 0.00000 + 18.81536 + 27.57961]
Epoch 5 [3.4s]: train==[7146.86115=7100.21107 + 0.51481 + 0.00000 + 18.60373 + 27.53161]
Epoch 6 [3.4s]: train==[6886.04553=6839.65463 + 0.51652 + 0.00000 + 18.39006 + 27.48439]
Epoch 7 [3.4s]: train==[7143.27277=7097.13895 + 0.51863 + 0.00000 + 18.18233 + 27.43285]
Epoch 8 [3.4s]: train==[6897.80543=6851.91446 + 0.51978 + 0.00000 + 17.98397 + 27.38732]
drop_flag:  True ,	 mess_dropout:  [0.0, 0.0]
rate_batch  torch.Size([1162, 753])
gt_count  8427
candidate_count  874986
ideal candidate count  874986
Epoch 9 [3.4s + 5.8s]: train==[6831.21750=6785.57916 + 0.52115 + 0.00000 + 17.79523 + 27.32194]
 recall=[0.16491, 0.35047], precision=[0.22633, 0.12263],  f1=[0.17643, 0.17050], RMRR=[0.08147, 0.11077]
Epoch 10 [3.4s]: train==[6773.39754=6727.99370 + 0.52295 + 0.00000 + 17.61826 + 27.26260]
Epoch 11 [3.4s]: train==[6839.00054=6793.81781 + 0.52582 + 0.00000 + 17.45150 + 27.20541]
Epoch 12 [3.4s]: train==[6782.48877=6737.52335 + 0.52794 + 0.00000 + 17.29256 + 27.14497]
Epoch 13 [3.4s]: train==[6902.96904=6858.22232 + 0.53036 + 0.00000 + 17.13920 + 27.07719]
Epoch 14 [3.7s]: train==[6767.68339=6723.15201 + 0.53269 + 0.00000 + 16.99180 + 27.00693]
Epoch 15 [3.5s]: train==[6937.15517=6892.82405 + 0.53485 + 0.00000 + 16.85203 + 26.94429]
Epoch 16 [3.4s]: train==[6864.78256=6820.64761 + 0.53707 + 0.00000 + 16.71954 + 26.87833]
Epoch 17 [3.4s]: train==[6904.18080=6860.22961 + 0.53943 + 0.00000 + 16.59075 + 26.82094]
Epoch 18 [3.4s]: train==[6748.27210=6704.50858 + 0.54112 + 0.00000 + 16.46601 + 26.75634]
drop_flag:  True ,	 mess_dropout:  [0.0, 0.0]
rate_batch  torch.Size([1162, 753])
gt_count  8427
candidate_count  874986
ideal candidate count  874986
Epoch 19 [3.4s + 5.7s]: train==[6832.16505=6788.57642 + 0.54313 + 0.00000 + 16.34416 + 26.70129]
 recall=[0.16677, 0.35038], precision=[0.22719, 0.12242],  f1=[0.17745, 0.17015], RMRR=[0.08222, 0.11166]
Epoch 20 [3.4s]: train==[6631.82463=6588.42867 + 0.54494 + 0.00000 + 16.22593 + 26.62509]
Epoch 21 [3.4s]: train==[6916.90987=6873.69025 + 0.54619 + 0.00000 + 16.11172 + 26.56179]
Epoch 22 [3.4s]: train==[6983.42092=6940.38539 + 0.54833 + 0.00000 + 16.00129 + 26.48599]
Epoch 23 [3.4s]: train==[6783.54732=6740.67358 + 0.55075 + 0.00000 + 15.89577 + 26.42722]
Epoch 24 [3.4s]: train==[6801.94703=6759.24110 + 0.55279 + 0.00000 + 15.79220 + 26.36095]
Epoch 25 [3.4s]: train==[6580.01797=6537.48943 + 0.55472 + 0.00000 + 15.69021 + 26.28359]
Epoch 26 [3.3s]: train==[7031.09952=6988.74641 + 0.55682 + 0.00000 + 15.59006 + 26.20631]
Epoch 27 [3.4s]: train==[6632.48218=6590.29291 + 0.55895 + 0.00000 + 15.49384 + 26.13648]
Epoch 28 [3.4s]: train==[6576.35642=6534.33504 + 0.56144 + 0.00000 + 15.40053 + 26.05936]
drop_flag:  True ,	 mess_dropout:  [0.0, 0.0]
rate_batch  torch.Size([1162, 753])
gt_count  8427
candidate_count  874986
ideal candidate count  874986
Epoch 29 [3.4s + 5.7s]: train==[6709.74703=6667.88039 + 0.56396 + 0.00000 + 15.30886 + 25.99391]
 recall=[0.16411, 0.34822], precision=[0.22478, 0.12207],  f1=[0.17519, 0.16961], RMRR=[0.08106, 0.11173]
Epoch 30 [3.4s]: train==[6777.02815=6735.30005 + 0.56617 + 0.00000 + 15.21822 + 25.94366]
Epoch 31 [3.4s]: train==[6716.07115=6674.49545 + 0.56811 + 0.00000 + 15.12646 + 25.88111]
Epoch 32 [3.4s]: train==[7081.77472=7040.35632 + 0.57039 + 0.00000 + 15.03931 + 25.80871]
Epoch 33 [3.4s]: train==[6726.39717=6685.12146 + 0.57273 + 0.00000 + 14.95598 + 25.74698]
Epoch 34 [3.4s]: train==[7038.10021=6996.97971 + 0.57521 + 0.00000 + 14.87555 + 25.66974]
Epoch 35 [3.4s]: train==[6741.52556=6700.53696 + 0.57789 + 0.00000 + 14.79755 + 25.61319]
Epoch 36 [3.4s]: train==[6736.99243=6696.14781 + 0.58016 + 0.00000 + 14.71996 + 25.54447]
Epoch 37 [3.4s]: train==[7127.14143=7086.41760 + 0.58230 + 0.00000 + 14.64619 + 25.49533]
Epoch 38 [3.4s]: train==[6920.21597=6879.63466 + 0.58494 + 0.00000 + 14.57353 + 25.42282]
drop_flag:  True ,	 mess_dropout:  [0.0, 0.0]
rate_batch  torch.Size([1162, 753])
gt_count  8427
candidate_count  874986
ideal candidate count  874986
Epoch 39 [3.4s + 5.7s]: train==[6955.23085=6914.79538 + 0.58750 + 0.00000 + 14.50326 + 25.34469]
 recall=[0.16672, 0.35339], precision=[0.22702, 0.12375],  f1=[0.17732, 0.17203], RMRR=[0.08248, 0.11198]
Epoch 40 [3.4s]: train==[6903.91543=6863.61215 + 0.59071 + 0.00000 + 14.43734 + 25.27530]
Epoch 41 [3.4s]: train==[6871.30714=6831.13585 + 0.59323 + 0.00000 + 14.37240 + 25.20574]
Epoch 42 [3.4s]: train==[6925.95683=6885.90355 + 0.59647 + 0.00000 + 14.30712 + 25.14968]
Epoch 43 [3.4s]: train==[6659.02175=6619.07684 + 0.59883 + 0.00000 + 14.24570 + 25.10039]
Epoch 44 [3.4s]: train==[6728.13483=6688.31686 + 0.60091 + 0.00000 + 14.18308 + 25.03402]
Epoch 45 [3.4s]: train==[6924.36276=6884.64603 + 0.60414 + 0.00000 + 14.12373 + 24.98889]
Epoch 46 [3.4s]: train==[6688.59970=6649.00397 + 0.60674 + 0.00000 + 14.06462 + 24.92433]
Epoch 47 [3.4s]: train==[7005.36687=6965.86859 + 0.60952 + 0.00000 + 14.00633 + 24.88243]
Epoch 48 [3.3s]: train==[6862.51428=6823.12521 + 0.61208 + 0.00000 + 13.94874 + 24.82822]
drop_flag:  True ,	 mess_dropout:  [0.0, 0.0]
rate_batch  torch.Size([1162, 753])
gt_count  8427
candidate_count  874986
ideal candidate count  874986
Epoch 49 [3.4s + 5.7s]: train==[6642.75585=6603.48622 + 0.61497 + 0.00000 + 13.88994 + 24.76474]
 recall=[0.16513, 0.36491], precision=[0.22702, 0.13163],  f1=[0.17666, 0.18160], RMRR=[0.08156, 0.11383]
Epoch 50 [3.4s]: train==[6759.88687=6720.72546 + 0.61719 + 0.00000 + 13.83274 + 24.71144]
Epoch 51 [3.4s]: train==[6710.65948=6671.60718 + 0.61945 + 0.00000 + 13.77645 + 24.65631]
Epoch 52 [3.4s]: train==[6863.88781=6824.95831 + 0.62163 + 0.00000 + 13.72011 + 24.58780]
Epoch 53 [3.4s]: train==[6912.87576=6873.98737 + 0.62559 + 0.00000 + 13.67104 + 24.59168]
Epoch 54 [3.3s]: train==[6625.47478=6586.13370 + 0.64775 + 0.00000 + 13.71844 + 24.97486]
Epoch 55 [3.4s]: train==[7062.01462=7022.55734 + 0.66102 + 0.00000 + 13.69384 + 25.10234]
Epoch 56 [3.4s]: train==[6804.37413=6765.04062 + 0.66220 + 0.00000 + 13.62065 + 25.05061]
Epoch 57 [3.4s]: train==[6963.00848=6923.80038 + 0.66268 + 0.00000 + 13.55870 + 24.98672]
Epoch 58 [3.4s]: train==[7171.53325=7132.44601 + 0.66265 + 0.00000 + 13.50009 + 24.92442]
drop_flag:  True ,	 mess_dropout:  [0.0, 0.0]
rate_batch  torch.Size([1162, 753])
gt_count  8427
candidate_count  874986
ideal candidate count  874986
Epoch 59 [3.4s + 5.7s]: train==[6829.14871=6790.18961 + 0.66228 + 0.00000 + 13.44183 + 24.85491]
 recall=[0.03563, 0.14688], precision=[0.05215, 0.05417],  f1=[0.03874, 0.07403], RMRR=[0.01563, 0.03216]
Epoch 60 [3.4s]: train==[7033.76447=6994.92035 + 0.66170 + 0.00000 + 13.38279 + 24.79960]
Epoch 61 [3.3s]: train==[6974.73354=6936.03482 + 0.66110 + 0.00000 + 13.32276 + 24.71489]
Epoch 62 [3.3s]: train==[7021.70574=6983.16133 + 0.66014 + 0.00000 + 13.26168 + 24.62260]
Epoch 63 [3.3s]: train==[6721.26844=6682.89682 + 0.65845 + 0.00000 + 13.19862 + 24.51454]
Epoch 64 [3.3s]: train==[7028.11715=6989.92909 + 0.65649 + 0.00000 + 13.13614 + 24.39540]
Epoch 65 [3.3s]: train==[6912.69133=6874.73004 + 0.65294 + 0.00000 + 13.07650 + 24.23188]
Epoch 66 [3.3s]: train==[6627.06976=6589.41943 + 0.64634 + 0.00000 + 13.02688 + 23.97712]
Epoch 67 [3.3s]: train==[6645.65058=6608.10268 + 0.65061 + 0.00000 + 13.00223 + 23.89500]
Epoch 68 [3.3s]: train==[6805.95043=6768.50369 + 0.65266 + 0.00000 + 12.95823 + 23.83584]
drop_flag:  True ,	 mess_dropout:  [0.0, 0.0]
rate_batch  torch.Size([1162, 753])
gt_count  8427
candidate_count  874986
ideal candidate count  874986
Epoch 69 [3.3s + 5.6s]: train==[6679.24301=6641.88805 + 0.65509 + 0.00000 + 12.91562 + 23.78427]
 recall=[0.16671, 0.36701], precision=[0.22754, 0.13210],  f1=[0.17765, 0.18233], RMRR=[0.08132, 0.11431]
Epoch 70 [3.3s]: train==[6731.07860=6693.83197 + 0.65649 + 0.00000 + 12.87295 + 23.71721]
Epoch 71 [3.3s]: train==[6933.77790=6896.61557 + 0.65849 + 0.00000 + 12.82895 + 23.67496]
Epoch 72 [3.3s]: train==[6822.05811=6784.99899 + 0.66042 + 0.00000 + 12.78722 + 23.61150]
Epoch 73 [3.3s]: train==[6696.40638=6659.43190 + 0.66236 + 0.00000 + 12.74361 + 23.56849]
Epoch 74 [3.3s]: train==[6803.71364=6766.81552 + 0.66404 + 0.00000 + 12.70030 + 23.53379]
Epoch 75 [3.3s]: train==[6878.15247=6841.36220 + 0.66564 + 0.00000 + 12.65807 + 23.46654]
Epoch 76 [3.3s]: train==[6819.29260=6782.58386 + 0.66729 + 0.00000 + 12.61592 + 23.42552]
Epoch 77 [3.3s]: train==[6831.13253=6794.51431 + 0.66896 + 0.00000 + 12.57381 + 23.37540]
Epoch 78 [3.3s]: train==[6768.01530=6731.48352 + 0.67129 + 0.00000 + 12.53407 + 23.32645]
drop_flag:  True ,	 mess_dropout:  [0.0, 0.0]
rate_batch  torch.Size([1162, 753])
gt_count  8427
candidate_count  874986
ideal candidate count  874986
Epoch 79 [3.3s + 5.7s]: train==[6726.38294=6689.95212 + 0.67246 + 0.00000 + 12.49300 + 23.26537]
 recall=[0.16754, 0.37813], precision=[0.22926, 0.13511],  f1=[0.17873, 0.18665], RMRR=[0.08245, 0.11701]
Epoch 80 [3.3s]: train==[6639.00270=6602.66156 + 0.67514 + 0.00000 + 12.45379 + 23.21218]
Epoch 81 [3.3s]: train==[6923.97395=6887.72342 + 0.67701 + 0.00000 + 12.41391 + 23.15962]
Epoch 82 [3.3s]: train==[6996.13823=6959.95877 + 0.67913 + 0.00000 + 12.37552 + 23.12483]
Epoch 83 [3.3s]: train==[6705.73432=6669.65106 + 0.68131 + 0.00000 + 12.33581 + 23.06608]
Epoch 84 [3.3s]: train==[6702.97716=6666.97798 + 0.68351 + 0.00000 + 12.29692 + 23.01876]
Epoch 85 [3.3s]: train==[6753.40946=6717.48688 + 0.68578 + 0.00000 + 12.25917 + 22.97764]
Epoch 86 [3.3s]: train==[6721.27230=6685.44708 + 0.68842 + 0.00000 + 12.22016 + 22.91663]
Epoch 87 [3.3s]: train==[6878.27153=6842.52719 + 0.69073 + 0.00000 + 12.18303 + 22.87055]
Epoch 88 [3.2s]: train==[6752.67063=6717.00757 + 0.69286 + 0.00000 + 12.14677 + 22.82347]
drop_flag:  True ,	 mess_dropout:  [0.0, 0.0]
rate_batch  torch.Size([1162, 753])
gt_count  8427
candidate_count  874986
ideal candidate count  874986
Epoch 89 [3.3s + 5.6s]: train==[7003.43971=6967.85905 + 0.69571 + 0.00000 + 12.11103 + 22.77387]
 recall=[0.16907, 0.38305], precision=[0.23184, 0.13546],  f1=[0.18090, 0.18765], RMRR=[0.08151, 0.11584]
Epoch 90 [3.3s]: train==[6953.42192=6917.91220 + 0.69737 + 0.00000 + 12.07413 + 22.73823]
Epoch 91 [3.3s]: train==[6714.88033=6679.47116 + 0.69983 + 0.00000 + 12.03753 + 22.67188]
Epoch 92 [3.3s]: train==[6767.12252=6731.79150 + 0.70143 + 0.00000 + 12.00092 + 22.62872]
Epoch 93 [3.3s]: train==[6883.05510=6847.78928 + 0.70360 + 0.00000 + 11.96484 + 22.59732]
Epoch 94 [3.3s]: train==[6822.56478=6787.37863 + 0.70618 + 0.00000 + 11.92926 + 22.55073]
Epoch 95 [3.2s]: train==[6630.16526=6595.08141 + 0.70755 + 0.00000 + 11.89362 + 22.48256]
Epoch 96 [3.3s]: train==[6658.18985=6623.16689 + 0.70934 + 0.00000 + 11.85730 + 22.45641]
Epoch 97 [3.3s]: train==[6601.50301=6566.58356 + 0.71088 + 0.00000 + 11.82133 + 22.38724]
Epoch 98 [3.3s]: train==[6752.41968=6717.59027 + 0.71293 + 0.00000 + 11.78529 + 22.33122]
drop_flag:  True ,	 mess_dropout:  [0.0, 0.0]
rate_batch  torch.Size([1162, 753])
gt_count  8427
candidate_count  874986
ideal candidate count  874986
Epoch 99 [3.3s + 5.6s]: train==[6719.95809=6685.18913 + 0.71425 + 0.00000 + 11.74962 + 22.30507]
 recall=[0.17025, 0.39356], precision=[0.23442, 0.13963],  f1=[0.18239, 0.19327], RMRR=[0.08378, 0.12004]
Epoch 100 [3.3s]: train==[6795.58130=6760.90686 + 0.71606 + 0.00000 + 11.71501 + 22.24343]
Epoch 101 [3.3s]: train==[6668.96606=6634.36020 + 0.71766 + 0.00000 + 11.67945 + 22.20878]
Epoch 102 [3.2s]: train==[6847.39077=6812.87515 + 0.71984 + 0.00000 + 11.64420 + 22.15154]
Epoch 103 [3.3s]: train==[6993.45345=6959.03226 + 0.72121 + 0.00000 + 11.60927 + 22.09075]
Epoch 104 [3.3s]: train==[6744.20019=6709.85649 + 0.72321 + 0.00000 + 11.57481 + 22.04569]
Epoch 105 [3.2s]: train==[6797.54356=6763.28210 + 0.72495 + 0.00000 + 11.54083 + 21.99565]
Epoch 106 [3.3s]: train==[6785.33271=6751.15851 + 0.72701 + 0.00000 + 11.50557 + 21.94155]
Epoch 107 [3.3s]: train==[6789.63860=6755.52292 + 0.72813 + 0.00000 + 11.47188 + 21.91567]
Epoch 108 [3.3s]: train==[6616.32201=6582.29951 + 0.73016 + 0.00000 + 11.43608 + 21.85624]
drop_flag:  True ,	 mess_dropout:  [0.0, 0.0]
rate_batch  torch.Size([1162, 753])
gt_count  8427
candidate_count  874986
ideal candidate count  874986
Epoch 109 [3.3s + 5.6s]: train==[6677.57145=6643.62848 + 0.73176 + 0.00000 + 11.40310 + 21.80816]
 recall=[0.17213, 0.40010], precision=[0.23873, 0.14165],  f1=[0.18508, 0.19624], RMRR=[0.08459, 0.12168]
Epoch 110 [3.3s]: train==[6967.09189=6933.23312 + 0.73327 + 0.00000 + 11.36885 + 21.75664]
Epoch 111 [3.3s]: train==[6601.09848=6567.33626 + 0.73499 + 0.00000 + 11.33455 + 21.69264]
Epoch 112 [3.3s]: train==[6658.05606=6624.34775 + 0.73619 + 0.00000 + 11.30118 + 21.67098]
Epoch 113 [3.3s]: train==[7054.69322=7021.08492 + 0.73793 + 0.00000 + 11.26796 + 21.60238]
Epoch 114 [3.3s]: train==[6854.19823=6820.68326 + 0.73942 + 0.00000 + 11.23393 + 21.54165]
Epoch 115 [3.3s]: train==[6840.90692=6807.47195 + 0.74074 + 0.00000 + 11.20096 + 21.49326]
Epoch 116 [3.2s]: train==[6941.59546=6908.24051 + 0.74266 + 0.00000 + 11.16744 + 21.44493]
Epoch 117 [3.3s]: train==[6836.81091=6803.52890 + 0.74442 + 0.00000 + 11.13470 + 21.40288]
Epoch 118 [3.3s]: train==[6831.11467=6797.90446 + 0.74580 + 0.00000 + 11.10161 + 21.36278]
drop_flag:  True ,	 mess_dropout:  [0.0, 0.0]
rate_batch  torch.Size([1162, 753])
gt_count  8427
candidate_count  874986
ideal candidate count  874986
Epoch 119 [3.2s + 5.6s]: train==[6780.19921=6747.07153 + 0.74740 + 0.00000 + 11.06968 + 21.31057]
 recall=[0.17491, 0.40593], precision=[0.24200, 0.14363],  f1=[0.18800, 0.19907], RMRR=[0.08565, 0.12418]
Epoch 120 [3.3s]: train==[6739.19271=6706.14420 + 0.74928 + 0.00000 + 11.03784 + 21.26133]
Epoch 121 [3.3s]: train==[6725.06769=6692.10414 + 0.75126 + 0.00000 + 11.00607 + 21.20618]
Epoch 122 [3.4s]: train==[6730.60111=6697.71701 + 0.75283 + 0.00000 + 10.97408 + 21.15724]
Epoch 123 [3.3s]: train==[6856.47175=6823.66345 + 0.75468 + 0.00000 + 10.94346 + 21.11011]
Epoch 124 [3.3s]: train==[7030.09007=6997.35840 + 0.75734 + 0.00000 + 10.91218 + 21.06214]
Epoch 125 [3.3s]: train==[6746.27405=6713.61438 + 0.75887 + 0.00000 + 10.88108 + 21.01964]
Epoch 126 [3.3s]: train==[6883.53775=6850.94424 + 0.76052 + 0.00000 + 10.84994 + 20.98299]
Epoch 127 [3.3s]: train==[6513.36090=6480.85791 + 0.76236 + 0.00000 + 10.81870 + 20.92194]
Epoch 128 [3.3s]: train==[6786.10577=6753.68777 + 0.76402 + 0.00000 + 10.78770 + 20.86619]
drop_flag:  True ,	 mess_dropout:  [0.0, 0.0]
rate_batch  torch.Size([1162, 753])
gt_count  8427
candidate_count  874986
ideal candidate count  874986
Epoch 129 [3.3s + 5.7s]: train==[6748.08633=6715.73730 + 0.76604 + 0.00000 + 10.75646 + 20.82657]
 recall=[0.17840, 0.41121], precision=[0.24664, 0.14660],  f1=[0.19193, 0.20283], RMRR=[0.08937, 0.12923]
Epoch 130 [3.3s]: train==[6887.33863=6855.07370 + 0.76812 + 0.00000 + 10.72683 + 20.76997]
Epoch 131 [3.3s]: train==[6897.15532=6864.95087 + 0.77019 + 0.00000 + 10.69674 + 20.73746]
Epoch 132 [3.3s]: train==[6780.78747=6748.66032 + 0.77157 + 0.00000 + 10.66630 + 20.68924]
Epoch 133 [3.3s]: train==[6576.11476=6544.06969 + 0.77376 + 0.00000 + 10.63633 + 20.63495]
Epoch 134 [3.3s]: train==[6894.33048=6862.35045 + 0.77596 + 0.00000 + 10.60590 + 20.59812]
Epoch 135 [3.3s]: train==[6785.16366=6753.27582 + 0.77762 + 0.00000 + 10.57636 + 20.53380]
Epoch 136 [3.4s]: train==[6794.54554=6762.71315 + 0.77932 + 0.00000 + 10.54574 + 20.50725]
Epoch 137 [3.3s]: train==[6634.52006=6602.76616 + 0.78149 + 0.00000 + 10.51602 + 20.45638]
Epoch 138 [3.3s]: train==[6623.38339=6591.71695 + 0.78312 + 0.00000 + 10.48611 + 20.39715]
drop_flag:  True ,	 mess_dropout:  [0.0, 0.0]
rate_batch  torch.Size([1162, 753])
gt_count  8427
candidate_count  874986
ideal candidate count  874986
Epoch 139 [3.3s + 5.6s]: train==[6836.89105=6805.31003 + 0.78483 + 0.00000 + 10.45641 + 20.33973]
 recall=[0.18103, 0.41511], precision=[0.24957, 0.14845],  f1=[0.19426, 0.20523], RMRR=[0.08989, 0.13020]
Epoch 140 [3.3s]: train==[6797.24638=6765.74721 + 0.78716 + 0.00000 + 10.42602 + 20.28595]
Epoch 141 [3.3s]: train==[6857.60967=6826.16652 + 0.78868 + 0.00000 + 10.39671 + 20.25774]
Epoch 142 [3.3s]: train==[6883.37683=6852.01651 + 0.79045 + 0.00000 + 10.36707 + 20.20277]
Epoch 143 [3.3s]: train==[6823.91891=6792.62671 + 0.79193 + 0.00000 + 10.33738 + 20.16286]
Epoch 144 [3.3s]: train==[6488.97873=6457.78188 + 0.79349 + 0.00000 + 10.30777 + 20.09561]
Epoch 145 [3.3s]: train==[6896.16888=6865.04596 + 0.79593 + 0.00000 + 10.27938 + 20.04764]
Epoch 146 [3.3s]: train==[6902.03341=6870.97853 + 0.79806 + 0.00000 + 10.24996 + 20.00690]
Epoch 147 [3.3s]: train==[6829.55823=6798.58884 + 0.79979 + 0.00000 + 10.22066 + 19.94890]
Epoch 148 [3.3s]: train==[6783.37623=6752.46196 + 0.80152 + 0.00000 + 10.19061 + 19.92219]
drop_flag:  True ,	 mess_dropout:  [0.0, 0.0]
rate_batch  torch.Size([1162, 753])
gt_count  8427
candidate_count  874986
ideal candidate count  874986
Epoch 149 [3.3s + 5.6s]: train==[6672.58807=6641.76210 + 0.80321 + 0.00000 + 10.16154 + 19.86130]
 recall=[0.18306, 0.41441], precision=[0.25404, 0.14905],  f1=[0.19712, 0.20604], RMRR=[0.09015, 0.13073]
Epoch 150 [3.3s]: train==[6667.30428=6636.55273 + 0.80488 + 0.00000 + 10.13187 + 19.81479]
Epoch 151 [3.3s]: train==[6908.73565=6878.03188 + 0.80675 + 0.00000 + 10.10279 + 19.79421]
Epoch 152 [3.3s]: train==[6788.74513=6758.13168 + 0.80816 + 0.00000 + 10.07395 + 19.73133]
Epoch 153 [3.3s]: train==[6797.84685=6767.30699 + 0.81001 + 0.00000 + 10.04439 + 19.68544]
Epoch 154 [3.3s]: train==[6816.75094=6786.29861 + 0.81164 + 0.00000 + 10.01539 + 19.62532]
Epoch 155 [3.3s]: train==[6612.46991=6582.09357 + 0.81333 + 0.00000 + 9.98625 + 19.57675]
Epoch 156 [3.3s]: train==[6838.57429=6808.27942 + 0.81486 + 0.00000 + 9.95743 + 19.52262]
Epoch 157 [3.3s]: train==[6839.29642=6809.06374 + 0.81677 + 0.00000 + 9.92841 + 19.48753]
Epoch 158 [3.3s]: train==[6946.99012=6916.83202 + 0.81857 + 0.00000 + 9.89897 + 19.44060]
drop_flag:  True ,	 mess_dropout:  [0.0, 0.0]
rate_batch  torch.Size([1162, 753])
gt_count  8427
candidate_count  874986
ideal candidate count  874986
Epoch 159 [3.3s + 5.6s]: train==[6686.64074=6656.55772 + 0.82074 + 0.00000 + 9.86806 + 19.39421]
 recall=[0.18552, 0.42164], precision=[0.25645, 0.15120],  f1=[0.19957, 0.20897], RMRR=[0.09206, 0.13294]
Epoch 160 [3.4s]: train==[6924.14603=6894.15584 + 0.82226 + 0.00000 + 9.83888 + 19.32907]
Epoch 161 [3.3s]: train==[6705.51621=6675.59409 + 0.82389 + 0.00000 + 9.80999 + 19.28830]
Epoch 162 [3.4s]: train==[6729.55560=6699.70067 + 0.82555 + 0.00000 + 9.78109 + 19.24830]
Epoch 163 [3.4s]: train==[6441.19130=6411.42624 + 0.82675 + 0.00000 + 9.75183 + 19.18646]
Epoch 164 [3.3s]: train==[6683.96433=6654.24867 + 0.82824 + 0.00000 + 9.72310 + 19.16433]
Epoch 165 [3.3s]: train==[6929.13166=6899.50763 + 0.83013 + 0.00000 + 9.69424 + 19.09966]
Epoch 166 [3.3s]: train==[6949.23923=6919.68845 + 0.83135 + 0.00000 + 9.66474 + 19.05468]
Epoch 167 [3.3s]: train==[6842.92402=6813.47192 + 0.83255 + 0.00000 + 9.63535 + 18.98422]
Epoch 168 [3.3s]: train==[6865.81751=6836.43645 + 0.83463 + 0.00000 + 9.60618 + 18.94023]
drop_flag:  True ,	 mess_dropout:  [0.0, 0.0]
rate_batch  torch.Size([1162, 753])
gt_count  8427
candidate_count  874986
ideal candidate count  874986
Epoch 169 [3.3s + 5.6s]: train==[6771.93158=6742.60898 + 0.83601 + 0.00000 + 9.57636 + 18.91028]
 recall=[0.18982, 0.42308], precision=[0.26093, 0.15250],  f1=[0.20342, 0.21066], RMRR=[0.09405, 0.13522]
Epoch 170 [3.3s]: train==[6799.17660=6769.93782 + 0.83767 + 0.00000 + 9.54670 + 18.85439]
Epoch 171 [3.3s]: train==[6792.58318=6763.42024 + 0.83917 + 0.00000 + 9.51751 + 18.80629]
Epoch 172 [3.4s]: train==[7002.03412=6972.96201 + 0.84113 + 0.00000 + 9.48889 + 18.74207]
Epoch 173 [3.3s]: train==[6590.74441=6561.73621 + 0.84290 + 0.00000 + 9.45970 + 18.70563]
Epoch 174 [3.3s]: train==[6696.07395=6667.13699 + 0.84401 + 0.00000 + 9.43145 + 18.66145]
Epoch 175 [3.3s]: train==[6656.22152=6627.35385 + 0.84606 + 0.00000 + 9.40243 + 18.61923]
Epoch 176 [3.4s]: train==[6680.07393=6651.29369 + 0.84744 + 0.00000 + 9.37280 + 18.56005]
Epoch 177 [3.4s]: train==[6782.19511=6753.48944 + 0.84928 + 0.00000 + 9.34398 + 18.51246]
Epoch 178 [3.4s]: train==[6832.28781=6803.65833 + 0.85124 + 0.00000 + 9.31440 + 18.46381]
drop_flag:  True ,	 mess_dropout:  [0.0, 0.0]
rate_batch  torch.Size([1162, 753])
gt_count  8427
candidate_count  874986
ideal candidate count  874986
Epoch 179 [3.4s + 5.6s]: train==[6905.63277=6877.07693 + 0.85263 + 0.00000 + 9.28608 + 18.41713]
 recall=[0.19268, 0.42737], precision=[0.26558, 0.15336],  f1=[0.20684, 0.21198], RMRR=[0.09532, 0.13581]
Epoch 180 [3.4s]: train==[6888.70814=6860.21640 + 0.85437 + 0.00000 + 9.25692 + 18.38041]
Epoch 181 [3.3s]: train==[6872.90463=6844.50130 + 0.85639 + 0.00000 + 9.22930 + 18.31766]
Epoch 182 [3.4s]: train==[6958.36402=6930.03613 + 0.85764 + 0.00000 + 9.20040 + 18.26992]
Epoch 183 [3.4s]: train==[6688.79063=6660.51624 + 0.85988 + 0.00000 + 9.17232 + 18.24222]
Epoch 184 [3.4s]: train==[6797.97799=6769.79596 + 0.86132 + 0.00000 + 9.14363 + 18.17713]
Epoch 185 [3.4s]: train==[6825.82010=6797.70197 + 0.86345 + 0.00000 + 9.11513 + 18.13957]
Epoch 186 [3.4s]: train==[6857.48080=6829.45703 + 0.86510 + 0.00000 + 9.08699 + 18.07173]
Epoch 187 [3.4s]: train==[6773.50403=6745.53488 + 0.86710 + 0.00000 + 9.05920 + 18.04288]
Epoch 188 [3.4s]: train==[6663.16406=6635.28032 + 0.86911 + 0.00000 + 9.03100 + 17.98358]
drop_flag:  True ,	 mess_dropout:  [0.0, 0.0]
rate_batch  torch.Size([1162, 753])
gt_count  8427
candidate_count  874986
ideal candidate count  874986
Epoch 189 [3.4s + 5.7s]: train==[6872.57057=6844.73798 + 0.87081 + 0.00000 + 9.00424 + 17.95756]
 recall=[0.19395, 0.43284], precision=[0.26850, 0.15572],  f1=[0.20864, 0.21514], RMRR=[0.09597, 0.13648]
Epoch 190 [3.4s]: train==[6772.35196=6744.59958 + 0.87262 + 0.00000 + 8.97555 + 17.90421]
Epoch 191 [3.4s]: train==[6898.29675=6870.62517 + 0.87368 + 0.00000 + 8.94722 + 17.85071]
Epoch 192 [3.4s]: train==[6735.58760=6707.97478 + 0.87562 + 0.00000 + 8.91909 + 17.81809]
Epoch 193 [3.4s]: train==[6678.55447=6651.02231 + 0.87693 + 0.00000 + 8.89215 + 17.76306]
Epoch 194 [3.4s]: train==[6767.45993=6739.97717 + 0.87909 + 0.00000 + 8.86438 + 17.73933]
Epoch 195 [3.4s]: train==[6981.69903=6954.31607 + 0.88079 + 0.00000 + 8.83612 + 17.66609]
Epoch 196 [3.3s]: train==[6948.61702=6921.30638 + 0.88238 + 0.00000 + 8.80833 + 17.61997]
Epoch 197 [3.4s]: train==[7085.45325=7058.21713 + 0.88432 + 0.00000 + 8.77979 + 17.57196]
Epoch 198 [3.4s]: train==[6834.49578=6807.30859 + 0.88595 + 0.00000 + 8.75252 + 17.54869]
drop_flag:  True ,	 mess_dropout:  [0.0, 0.0]
rate_batch  torch.Size([1162, 753])
gt_count  8427
candidate_count  874986
ideal candidate count  874986
Epoch 199 [3.4s + 5.7s]: train==[6899.27754=6872.18578 + 0.88696 + 0.00000 + 8.72400 + 17.48079]
 recall=[0.19695, 0.43640], precision=[0.27246, 0.15719],  f1=[0.21160, 0.21736], RMRR=[0.09654, 0.13825]
Epoch 200 [3.4s]: train==[6775.79120=6748.78293 + 0.88845 + 0.00000 + 8.69629 + 17.42356]
Epoch 201 [3.4s]: train==[6719.64183=6692.71628 + 0.89038 + 0.00000 + 8.66726 + 17.36788]
Epoch 202 [3.4s]: train==[6913.73785=6886.86218 + 0.89156 + 0.00000 + 8.63856 + 17.34560]
Epoch 203 [3.4s]: train==[6734.90020=6708.13358 + 0.89277 + 0.00000 + 8.61077 + 17.26308]
Epoch 204 [3.4s]: train==[6713.46021=6686.72511 + 0.89455 + 0.00000 + 8.58292 + 17.25760]
Epoch 205 [3.3s]: train==[6811.56081=6784.92873 + 0.89581 + 0.00000 + 8.55418 + 17.18208]
Epoch 206 [3.4s]: train==[6553.70867=6527.13586 + 0.89724 + 0.00000 + 8.52560 + 17.14989]
Epoch 207 [3.4s]: train==[6813.16393=6786.67241 + 0.89893 + 0.00000 + 8.49790 + 17.09469]
Epoch 208 [3.4s]: train==[6625.30005=6598.88464 + 0.90041 + 0.00000 + 8.47070 + 17.04432]
drop_flag:  True ,	 mess_dropout:  [0.0, 0.0]
rate_batch  torch.Size([1162, 753])
gt_count  8427
candidate_count  874986
ideal candidate count  874986
Epoch 209 [3.4s + 5.7s]: train==[6858.65681=6832.30878 + 0.90134 + 0.00000 + 8.44331 + 17.00332]
 recall=[0.19886, 0.44167], precision=[0.27367, 0.15925],  f1=[0.21320, 0.22000], RMRR=[0.09696, 0.13963]
Epoch 210 [3.4s]: train==[6782.30210=6756.03058 + 0.90394 + 0.00000 + 8.41473 + 16.95289]
Epoch 211 [3.4s]: train==[6734.82105=6708.64543 + 0.90450 + 0.00000 + 8.38643 + 16.88466]
Epoch 212 [3.4s]: train==[7054.36720=7028.25375 + 0.90613 + 0.00000 + 8.35794 + 16.84931]
Epoch 213 [3.3s]: train==[6629.38876=6603.35228 + 0.90768 + 0.00000 + 8.33003 + 16.79876]
Epoch 214 [3.4s]: train==[6782.27487=6756.32150 + 0.90903 + 0.00000 + 8.30248 + 16.74190]
Epoch 215 [3.3s]: train==[6724.96925=6699.06529 + 0.91024 + 0.00000 + 8.27392 + 16.71978]
Epoch 216 [3.4s]: train==[6652.43284=6626.61514 + 0.91138 + 0.00000 + 8.24596 + 16.66040]
Epoch 217 [3.4s]: train==[6730.93850=6705.17757 + 0.91279 + 0.00000 + 8.21739 + 16.63071]
Epoch 218 [3.3s]: train==[6820.29619=6794.63693 + 0.91504 + 0.00000 + 8.18794 + 16.55629]
drop_flag:  True ,	 mess_dropout:  [0.0, 0.0]
rate_batch  torch.Size([1162, 753])
gt_count  8427
candidate_count  874986
ideal candidate count  874986
Epoch 219 [3.3s + 5.7s]: train==[6785.87472=6760.24432 + 0.91658 + 0.00000 + 8.16146 + 16.55238]
 recall=[0.19819, 0.44027], precision=[0.27590, 0.15917],  f1=[0.21362, 0.21976], RMRR=[0.09625, 0.13931]
Epoch 220 [3.4s]: train==[6714.20820=6688.69298 + 0.91832 + 0.00000 + 8.13310 + 16.46379]
Epoch 221 [3.4s]: train==[6749.87118=6724.44922 + 0.91975 + 0.00000 + 8.10466 + 16.39750]
Epoch 222 [3.4s]: train==[6417.72580=6392.35103 + 0.92108 + 0.00000 + 8.07641 + 16.37733]
Epoch 223 [3.4s]: train==[6663.50140=6638.17430 + 0.92312 + 0.00000 + 8.04946 + 16.35449]
Epoch 224 [3.4s]: train==[6873.22992=6847.99509 + 0.92450 + 0.00000 + 8.02096 + 16.28946]
Epoch 225 [3.4s]: train==[6690.43176=6665.25716 + 0.92599 + 0.00000 + 7.99408 + 16.25460]
Epoch 226 [3.4s]: train==[6856.85121=6831.75177 + 0.92718 + 0.00000 + 7.96623 + 16.20603]
Epoch 227 [3.4s]: train==[6846.21002=6821.18848 + 0.92879 + 0.00000 + 7.93849 + 16.15431]
Epoch 228 [3.4s]: train==[6600.55325=6575.57617 + 0.93055 + 0.00000 + 7.91091 + 16.13558]
drop_flag:  True ,	 mess_dropout:  [0.0, 0.0]
rate_batch  torch.Size([1162, 753])
gt_count  8427
candidate_count  874986
ideal candidate count  874986
Epoch 229 [3.4s + 5.7s]: train==[6777.83757=6752.94090 + 0.93181 + 0.00000 + 7.88358 + 16.08130]
 recall=[0.20180, 0.43958], precision=[0.27849, 0.15921],  f1=[0.21675, 0.21994], RMRR=[0.09814, 0.14030]
Epoch 230 [3.4s]: train==[6836.39276=6811.58057 + 0.93354 + 0.00000 + 7.85529 + 16.02337]
Epoch 231 [3.3s]: train==[6524.81751=6500.08792 + 0.93503 + 0.00000 + 7.82812 + 15.96644]
Epoch 232 [3.4s]: train==[6923.29175=6898.61746 + 0.93651 + 0.00000 + 7.80034 + 15.93742]
Epoch 233 [3.4s]: train==[6557.37119=6532.76556 + 0.93853 + 0.00000 + 7.77170 + 15.89539]
Epoch 234 [3.4s]: train==[6714.90335=6690.39557 + 0.93963 + 0.00000 + 7.74372 + 15.82446]
Epoch 235 [3.4s]: train==[6821.98608=6797.54541 + 0.94096 + 0.00000 + 7.71639 + 15.78333]
Epoch 236 [3.4s]: train==[6880.45527=6856.07256 + 0.94244 + 0.00000 + 7.68984 + 15.75045]
Epoch 237 [3.4s]: train==[6828.55000=6804.26059 + 0.94419 + 0.00000 + 7.66175 + 15.68344]
Epoch 238 [3.4s]: train==[6639.37980=6615.13753 + 0.94585 + 0.00000 + 7.63406 + 15.66240]
drop_flag:  True ,	 mess_dropout:  [0.0, 0.0]
rate_batch  torch.Size([1162, 753])
gt_count  8427
candidate_count  874986
ideal candidate count  874986
Epoch 239 [3.4s + 5.7s]: train==[6720.64258=6696.47868 + 0.94673 + 0.00000 + 7.60710 + 15.61001]
 recall=[0.20247, 0.45030], precision=[0.27952, 0.16119],  f1=[0.21765, 0.22306], RMRR=[0.09873, 0.14122]
Epoch 240 [3.4s]: train==[6609.37764=6585.27582 + 0.94921 + 0.00000 + 7.57884 + 15.57373]
Epoch 241 [3.4s]: train==[6652.85973=6628.82617 + 0.95038 + 0.00000 + 7.55137 + 15.53175]
Epoch 242 [3.4s]: train==[6607.44408=6583.48004 + 0.95176 + 0.00000 + 7.52353 + 15.48879]
Epoch 243 [3.4s]: train==[6746.97180=6723.06512 + 0.95280 + 0.00000 + 7.49403 + 15.45983]
Epoch 244 [3.4s]: train==[6693.35654=6669.54364 + 0.95430 + 0.00000 + 7.46599 + 15.39264]
Epoch 245 [3.4s]: train==[6856.06175=6832.30176 + 0.95506 + 0.00000 + 7.43777 + 15.36724]
Epoch 246 [3.4s]: train==[6659.49404=6635.79616 + 0.95688 + 0.00000 + 7.41193 + 15.32910]
Epoch 247 [3.3s]: train==[6654.10956=6630.49504 + 0.95894 + 0.00000 + 7.38415 + 15.27148]
Epoch 248 [3.4s]: train==[6713.16263=6689.59326 + 0.96008 + 0.00000 + 7.35618 + 15.25317]
drop_flag:  True ,	 mess_dropout:  [0.0, 0.0]
rate_batch  torch.Size([1162, 753])
gt_count  8427
candidate_count  874986
ideal candidate count  874986
Epoch 249 [3.3s + 5.7s]: train==[6859.20132=6835.73743 + 0.96105 + 0.00000 + 7.32780 + 15.17501]
 recall=[0.20256, 0.44729], precision=[0.27849, 0.16166],  f1=[0.21692, 0.22329], RMRR=[0.09932, 0.14149]
Epoch 250 [3.4s]: train==[6942.60926=6919.20023 + 0.96227 + 0.00000 + 7.30028 + 15.14644]
Epoch 251 [3.3s]: train==[6883.90951=6860.60081 + 0.96359 + 0.00000 + 7.27207 + 15.07303]
Epoch 252 [3.3s]: train==[6695.46022=6672.19832 + 0.96512 + 0.00000 + 7.24495 + 15.05187]
Epoch 253 [3.4s]: train==[6628.98512=6605.78627 + 0.96669 + 0.00000 + 7.21683 + 15.01535]
Epoch 254 [3.3s]: train==[6700.05646=6676.94754 + 0.96861 + 0.00000 + 7.18877 + 14.95149]
Epoch 255 [3.4s]: train==[6415.60245=6392.57971 + 0.96969 + 0.00000 + 7.16029 + 14.89285]
Epoch 256 [3.4s]: train==[6593.00567=6570.05501 + 0.97084 + 0.00000 + 7.13207 + 14.84772]
Epoch 257 [3.3s]: train==[6798.96439=6776.06621 + 0.97228 + 0.00000 + 7.10383 + 14.82208]
Epoch 258 [3.4s]: train==[6771.25619=6748.44144 + 0.97354 + 0.00000 + 7.07456 + 14.76665]
drop_flag:  True ,	 mess_dropout:  [0.0, 0.0]
rate_batch  torch.Size([1162, 753])
gt_count  8427
candidate_count  874986
ideal candidate count  874986
Epoch 259 [3.3s + 5.7s]: train==[6979.18696=6956.44885 + 0.97482 + 0.00000 + 7.04593 + 14.71729]
 recall=[0.20034, 0.45611], precision=[0.27917, 0.16355],  f1=[0.21666, 0.22623], RMRR=[0.09998, 0.14344]
Epoch 260 [3.3s]: train==[6750.68373=6728.01154 + 0.97660 + 0.00000 + 7.01870 + 14.67684]
Epoch 261 [3.4s]: train==[6520.76135=6498.14520 + 0.97786 + 0.00000 + 6.99062 + 14.64769]
Epoch 262 [3.4s]: train==[6731.97277=6709.46213 + 0.97946 + 0.00000 + 6.96287 + 14.56831]
Epoch 263 [3.3s]: train==[6704.96931=6682.51999 + 0.98060 + 0.00000 + 6.93520 + 14.53357]
Epoch 264 [3.4s]: train==[6671.36684=6648.99286 + 0.98208 + 0.00000 + 6.90694 + 14.48502]
Epoch 265 [3.4s]: train==[6594.13702=6571.85393 + 0.98405 + 0.00000 + 6.87994 + 14.41911]
Epoch 266 [3.3s]: train==[6720.62981=6698.39497 + 0.98507 + 0.00000 + 6.85247 + 14.39729]
Epoch 267 [3.4s]: train==[6889.81794=6867.63583 + 0.98688 + 0.00000 + 6.82524 + 14.37000]
Epoch 268 [3.3s]: train==[6720.71437=6698.61537 + 0.98790 + 0.00000 + 6.79661 + 14.31447]
drop_flag:  True ,	 mess_dropout:  [0.0, 0.0]
rate_batch  torch.Size([1162, 753])
gt_count  8427
candidate_count  874986
ideal candidate count  874986
Epoch 269 [3.4s + 5.7s]: train==[6673.57546=6651.55449 + 0.98950 + 0.00000 + 6.76761 + 14.26380]
 recall=[0.20079, 0.45896], precision=[0.27986, 0.16420],  f1=[0.21689, 0.22719], RMRR=[0.09912, 0.14334]
Epoch 270 [3.3s]: train==[6680.74610=6658.80670 + 0.99063 + 0.00000 + 6.73974 + 14.20893]
Epoch 271 [3.3s]: train==[6768.15112=6746.27992 + 0.99178 + 0.00000 + 6.71229 + 14.16709]
Epoch 272 [3.3s]: train==[6581.61520=6559.80367 + 0.99342 + 0.00000 + 6.68298 + 14.13521]
Epoch 273 [3.3s]: train==[6888.36244=6866.63922 + 0.99464 + 0.00000 + 6.65471 + 14.07385]
Epoch 274 [3.3s]: train==[6853.93181=6832.28004 + 0.99665 + 0.00000 + 6.62650 + 14.02855]
Epoch 275 [3.3s]: train==[6801.01338=6779.39166 + 0.99778 + 0.00000 + 6.59768 + 14.02621]
Epoch 276 [3.3s]: train==[6839.16363=6817.63545 + 0.99917 + 0.00000 + 6.57035 + 13.95867]
Epoch 277 [3.3s]: train==[6832.74926=6811.29230 + 1.00068 + 0.00000 + 6.54224 + 13.91400]
Epoch 278 [3.3s]: train==[6688.37987=6667.00145 + 1.00219 + 0.00000 + 6.51425 + 13.86195]
drop_flag:  True ,	 mess_dropout:  [0.0, 0.0]
rate_batch  torch.Size([1162, 753])
gt_count  8427
candidate_count  874986
ideal candidate count  874986
Epoch 279 [3.3s + 5.6s]: train==[6695.45774=6674.16933 + 1.00371 + 0.00000 + 6.48555 + 13.79916]
 recall=[0.20323, 0.45849], precision=[0.28021, 0.16459],  f1=[0.21821, 0.22745], RMRR=[0.09912, 0.14287]
Epoch 280 [3.3s]: train==[6588.69480=6567.46378 + 1.00515 + 0.00000 + 6.45759 + 13.76826]
Epoch 281 [3.3s]: train==[6664.50737=6643.33177 + 1.00683 + 0.00000 + 6.43129 + 13.73741]
Epoch 282 [3.3s]: train==[6563.79373=6542.67538 + 1.00802 + 0.00000 + 6.40463 + 13.70577]
Epoch 283 [3.3s]: train==[7056.56105=7035.51140 + 1.00956 + 0.00000 + 6.37635 + 13.66370]
Epoch 284 [3.3s]: train==[6784.71915=6763.75813 + 1.01146 + 0.00000 + 6.34631 + 13.60322]
Epoch 285 [3.3s]: train==[6718.58460=6697.69096 + 1.01282 + 0.00000 + 6.31687 + 13.56398]
Epoch 286 [3.3s]: train==[6704.03394=6683.19534 + 1.01440 + 0.00000 + 6.28764 + 13.53659]
Epoch 287 [3.3s]: train==[6788.86612=6768.12772 + 1.01531 + 0.00000 + 6.25888 + 13.46418]
Epoch 288 [3.3s]: train==[6968.00709=6947.34427 + 1.01698 + 0.00000 + 6.23184 + 13.41403]
drop_flag:  True ,	 mess_dropout:  [0.0, 0.0]
rate_batch  torch.Size([1162, 753])
gt_count  8427
candidate_count  874986
ideal candidate count  874986
Epoch 289 [3.3s + 5.6s]: train==[6683.20919=6662.61256 + 1.01842 + 0.00000 + 6.20413 + 13.37411]
 recall=[0.20052, 0.46079], precision=[0.28021, 0.16485],  f1=[0.21716, 0.22793], RMRR=[0.09816, 0.14412]
Epoch 290 [3.3s]: train==[6657.00896=6636.50038 + 1.01914 + 0.00000 + 6.17489 + 13.31456]
Epoch 291 [3.3s]: train==[6684.84670=6664.40480 + 1.02098 + 0.00000 + 6.14851 + 13.27232]
Epoch 292 [3.3s]: train==[6664.37883=6643.98001 + 1.02216 + 0.00000 + 6.11968 + 13.25697]
Epoch 293 [3.3s]: train==[6664.65120=6644.33557 + 1.02353 + 0.00000 + 6.08995 + 13.20215]
Epoch 294 [3.3s]: train==[6761.95593=6741.70810 + 1.02581 + 0.00000 + 6.06069 + 13.16134]
Epoch 295 [3.3s]: train==[6856.74945=6836.60056 + 1.02760 + 0.00000 + 6.03296 + 13.08837]
Epoch 296 [3.3s]: train==[6707.05918=6686.94865 + 1.02927 + 0.00000 + 6.00354 + 13.07763]
Epoch 297 [3.3s]: train==[6862.03182=6841.98770 + 1.03061 + 0.00000 + 5.97359 + 13.03993]
Epoch 298 [3.3s]: train==[6588.90706=6568.95273 + 1.03208 + 0.00000 + 5.94571 + 12.97656]
drop_flag:  True ,	 mess_dropout:  [0.0, 0.0]
rate_batch  torch.Size([1162, 753])
gt_count  8427
candidate_count  874986
ideal candidate count  874986
Epoch 299 [3.3s + 5.6s]: train==[6610.81203=6590.92094 + 1.03340 + 0.00000 + 5.91849 + 12.93922]
 recall=[0.20232, 0.46087], precision=[0.28451, 0.16489],  f1=[0.21958, 0.22802], RMRR=[0.09775, 0.14279]
Epoch 300 [3.3s]: train==[6632.59688=6612.76782 + 1.03493 + 0.00000 + 5.89075 + 12.90336]
Epoch 301 [3.3s]: train==[6659.56879=6639.84015 + 1.03621 + 0.00000 + 5.86429 + 12.82821]
Epoch 302 [3.3s]: train==[6666.76459=6647.08923 + 1.03758 + 0.00000 + 5.83817 + 12.79959]
Epoch 303 [3.4s]: train==[6620.59446=6600.98651 + 1.03964 + 0.00000 + 5.81071 + 12.75755]
Epoch 304 [3.4s]: train==[6633.44359=6613.88634 + 1.04136 + 0.00000 + 5.78316 + 12.73274]
Epoch 305 [3.4s]: train==[6728.91279=6709.44702 + 1.04208 + 0.00000 + 5.75651 + 12.66721]
Epoch 306 [3.4s]: train==[6648.96432=6629.57021 + 1.04372 + 0.00000 + 5.73175 + 12.61866]
Epoch 307 [3.4s]: train==[6601.92899=6582.62526 + 1.04532 + 0.00000 + 5.70462 + 12.55384]
Epoch 308 [3.4s]: train==[6618.97403=6599.72194 + 1.04801 + 0.00000 + 5.67955 + 12.52456]
drop_flag:  True ,	 mess_dropout:  [0.0, 0.0]
rate_batch  torch.Size([1162, 753])
gt_count  8427
candidate_count  874986
ideal candidate count  874986
Epoch 309 [3.4s + 5.6s]: train==[6871.95279=6852.76401 + 1.04913 + 0.00000 + 5.65323 + 12.48639]
 recall=[0.20562, 0.46249], precision=[0.28657, 0.16575],  f1=[0.22192, 0.22904], RMRR=[0.09788, 0.14214]
Epoch 310 [3.4s]: train==[6721.70241=6702.59561 + 1.04992 + 0.00000 + 5.62598 + 12.43092]
Epoch 311 [3.4s]: train==[6703.21798=6684.18321 + 1.05181 + 0.00000 + 5.60021 + 12.38278]
Epoch 312 [3.4s]: train==[6753.17759=6734.21214 + 1.05210 + 0.00000 + 5.57552 + 12.33782]
Epoch 313 [3.3s]: train==[6671.49017=6652.57542 + 1.05452 + 0.00000 + 5.54706 + 12.31308]
Epoch 314 [3.3s]: train==[6843.63833=6824.79927 + 1.05596 + 0.00000 + 5.52192 + 12.26125]
Epoch 315 [3.3s]: train==[6839.33360=6820.54356 + 1.05778 + 0.00000 + 5.49594 + 12.23632]
Epoch 316 [3.3s]: train==[6543.11001=6524.38216 + 1.05922 + 0.00000 + 5.46815 + 12.20048]
Epoch 317 [3.3s]: train==[6903.63815=6885.00125 + 1.06094 + 0.00000 + 5.44399 + 12.13192]
Epoch 318 [3.3s]: train==[6721.22196=6702.66602 + 1.06231 + 0.00000 + 5.41879 + 12.07488]
drop_flag:  True ,	 mess_dropout:  [0.0, 0.0]
rate_batch  torch.Size([1162, 753])
gt_count  8427
candidate_count  874986
ideal candidate count  874986
Epoch 319 [3.4s + 5.6s]: train==[6624.61273=6606.09468 + 1.06403 + 0.00000 + 5.39328 + 12.06077]
 recall=[0.20826, 0.46936], precision=[0.28812, 0.16725],  f1=[0.22370, 0.23151], RMRR=[0.09950, 0.14398]
Epoch 320 [3.3s]: train==[6570.61370=6552.15689 + 1.06559 + 0.00000 + 5.36951 + 12.02177]
Epoch 321 [3.3s]: train==[6655.17382=6636.80623 + 1.06677 + 0.00000 + 5.34392 + 11.95685]
Epoch 322 [3.3s]: train==[6676.54088=6658.22778 + 1.06874 + 0.00000 + 5.31972 + 11.92467]
Epoch 323 [3.4s]: train==[6779.64022=6761.41008 + 1.07049 + 0.00000 + 5.29355 + 11.86611]
Epoch 324 [3.4s]: train==[6725.31746=6707.12415 + 1.07201 + 0.00000 + 5.26790 + 11.85337]
Epoch 325 [3.3s]: train==[6578.14650=6560.06421 + 1.07386 + 0.00000 + 5.24401 + 11.76431]
Epoch 326 [3.3s]: train==[6644.35374=6626.27806 + 1.07421 + 0.00000 + 5.21991 + 11.78154]
Epoch 327 [3.3s]: train==[6801.85999=6783.86478 + 1.07620 + 0.00000 + 5.19557 + 11.72338]
Epoch 328 [3.3s]: train==[6859.71618=6841.77917 + 1.07737 + 0.00000 + 5.17354 + 11.68609]
drop_flag:  True ,	 mess_dropout:  [0.0, 0.0]
rate_batch  torch.Size([1162, 753])
gt_count  8427
candidate_count  874986
ideal candidate count  874986
Epoch 329 [3.3s + 5.6s]: train==[6634.17044=6616.29478 + 1.07886 + 0.00000 + 5.14827 + 11.64859]
 recall=[0.20693, 0.46745], precision=[0.28537, 0.16665],  f1=[0.22200, 0.23052], RMRR=[0.09960, 0.14422]
Epoch 330 [3.3s]: train==[6692.34660=6674.54953 + 1.07907 + 0.00000 + 5.12206 + 11.59595]
Epoch 331 [3.3s]: train==[6580.26235=6562.51622 + 1.08120 + 0.00000 + 5.09711 + 11.56783]
Epoch 332 [3.3s]: train==[6896.48432=6878.81854 + 1.08269 + 0.00000 + 5.07505 + 11.50799]
Epoch 333 [3.3s]: train==[6528.65261=6511.05389 + 1.08417 + 0.00000 + 5.05136 + 11.46319]
Epoch 334 [3.3s]: train==[6716.39334=6698.88457 + 1.08464 + 0.00000 + 5.02545 + 11.39859]
Epoch 335 [3.3s]: train==[6746.42020=6728.94815 + 1.08624 + 0.00000 + 4.99819 + 11.38757]
Epoch 336 [3.3s]: train==[6833.80271=6816.38885 + 1.08819 + 0.00000 + 4.97407 + 11.35156]
Epoch 337 [3.3s]: train==[6700.60096=6683.28040 + 1.08967 + 0.00000 + 4.95402 + 11.27689]
Epoch 338 [3.3s]: train==[6823.20280=6805.93033 + 1.09119 + 0.00000 + 4.92755 + 11.25371]
drop_flag:  True ,	 mess_dropout:  [0.0, 0.0]
rate_batch  torch.Size([1162, 753])
gt_count  8427
candidate_count  874986
ideal candidate count  874986
Epoch 339 [3.3s + 5.6s]: train==[6610.79664=6593.58678 + 1.09229 + 0.00000 + 4.90298 + 11.21461]
 recall=[0.21027, 0.46941], precision=[0.29036, 0.16687],  f1=[0.22623, 0.23105], RMRR=[0.10198, 0.14612]
Epoch 340 [3.3s]: train==[6570.83080=6553.66583 + 1.09379 + 0.00000 + 4.87956 + 11.19163]
Epoch 341 [3.3s]: train==[6647.24450=6630.17715 + 1.09533 + 0.00000 + 4.85556 + 11.11642]
Epoch 342 [3.3s]: train==[6708.95603=6691.94818 + 1.09665 + 0.00000 + 4.83123 + 11.07994]
Epoch 343 [3.3s]: train==[6437.97551=6420.99982 + 1.09866 + 0.00000 + 4.80797 + 11.06910]
Epoch 344 [3.3s]: train==[6735.76871=6718.86494 + 1.09968 + 0.00000 + 4.78336 + 11.02070]
Epoch 345 [3.3s]: train==[6748.97299=6732.11885 + 1.10180 + 0.00000 + 4.76050 + 10.99189]
Epoch 346 [3.3s]: train==[6489.26528=6472.49586 + 1.10294 + 0.00000 + 4.73538 + 10.93115]
Epoch 347 [3.3s]: train==[6748.83545=6732.13248 + 1.10436 + 0.00000 + 4.71133 + 10.88725]
Epoch 348 [3.3s]: train==[6681.18595=6664.55344 + 1.10566 + 0.00000 + 4.69009 + 10.83675]
drop_flag:  True ,	 mess_dropout:  [0.0, 0.0]
rate_batch  torch.Size([1162, 753])
gt_count  8427
candidate_count  874986
ideal candidate count  874986
Epoch 349 [3.3s + 5.6s]: train==[6585.69910=6569.13464 + 1.10650 + 0.00000 + 4.66497 + 10.79300]
 recall=[0.20850, 0.47228], precision=[0.29036, 0.16820],  f1=[0.22462, 0.23271], RMRR=[0.09784, 0.14369]
Epoch 350 [3.3s]: train==[6727.57295=6711.04488 + 1.10832 + 0.00000 + 4.64483 + 10.77490]
Epoch 351 [3.3s]: train==[6603.74751=6587.29333 + 1.10872 + 0.00000 + 4.62426 + 10.72118]
Epoch 352 [3.3s]: train==[6592.35834=6575.96599 + 1.11093 + 0.00000 + 4.59687 + 10.68449]
Epoch 353 [3.3s]: train==[6612.32698=6595.97441 + 1.11205 + 0.00000 + 4.57492 + 10.66564]
Epoch 354 [3.3s]: train==[6728.20209=6711.93631 + 1.11307 + 0.00000 + 4.54857 + 10.60414]
Epoch 355 [3.3s]: train==[6722.05069=6705.86873 + 1.11461 + 0.00000 + 4.52622 + 10.54113]
Epoch 356 [3.3s]: train==[6803.99273=6787.88023 + 1.11543 + 0.00000 + 4.50341 + 10.49371]
Epoch 357 [3.3s]: train==[6630.53489=6614.44670 + 1.11724 + 0.00000 + 4.48766 + 10.48322]
Epoch 358 [3.3s]: train==[6702.41643=6686.39433 + 1.11727 + 0.00000 + 4.46668 + 10.43817]
drop_flag:  True ,	 mess_dropout:  [0.0, 0.0]
rate_batch  torch.Size([1162, 753])
gt_count  8427
candidate_count  874986
ideal candidate count  874986
Epoch 359 [3.3s + 5.6s]: train==[6568.68377=6552.68846 + 1.11993 + 0.00000 + 4.44606 + 10.42930]
 recall=[0.20967, 0.47327], precision=[0.28692, 0.16850],  f1=[0.22395, 0.23311], RMRR=[0.10134, 0.14758]
Epoch 360 [3.3s]: train==[6807.46190=6791.54239 + 1.12122 + 0.00000 + 4.42367 + 10.37469]
Epoch 361 [3.4s]: train==[6820.41695=6804.53972 + 1.12313 + 0.00000 + 4.40048 + 10.35361]
Epoch 362 [3.4s]: train==[6629.59574=6613.79424 + 1.12381 + 0.00000 + 4.37980 + 10.29793]
Epoch 363 [3.3s]: train==[6593.54897=6577.77934 + 1.12550 + 0.00000 + 4.35932 + 10.28475]
Epoch 364 [3.3s]: train==[6414.98514=6399.28468 + 1.12600 + 0.00000 + 4.33875 + 10.23572]
Epoch 365 [3.3s]: train==[6598.38340=6582.75458 + 1.12776 + 0.00000 + 4.31383 + 10.18729]
Epoch 366 [3.3s]: train==[6498.08522=6482.52081 + 1.12927 + 0.00000 + 4.29085 + 10.14427]
Epoch 367 [3.3s]: train==[6836.83636=6821.31082 + 1.13020 + 0.00000 + 4.27211 + 10.12313]
Epoch 368 [3.3s]: train==[6476.45326=6460.97874 + 1.13109 + 0.00000 + 4.25517 + 10.08821]
drop_flag:  True ,	 mess_dropout:  [0.0, 0.0]
rate_batch  torch.Size([1162, 753])
gt_count  8427
candidate_count  874986
ideal candidate count  874986
Epoch 369 [3.3s + 5.6s]: train==[6643.74038=6628.32921 + 1.13257 + 0.00000 + 4.23592 + 10.04270]
 recall=[0.21311, 0.47416], precision=[0.29656, 0.16941],  f1=[0.22958, 0.23423], RMRR=[0.10132, 0.14645]
Epoch 370 [3.3s]: train==[6658.78816=6643.42937 + 1.13330 + 0.00000 + 4.21572 + 10.00976]
Epoch 371 [3.4s]: train==[6656.57407=6641.25974 + 1.13533 + 0.00000 + 4.19744 + 9.98165]
Epoch 372 [3.3s]: train==[6966.66435=6951.41003 + 1.13672 + 0.00000 + 4.17500 + 9.94262]
Epoch 373 [3.4s]: train==[6401.94941=6386.74443 + 1.13776 + 0.00000 + 4.15516 + 9.91210]
Epoch 374 [3.3s]: train==[6570.87473=6555.69577 + 1.13903 + 0.00000 + 4.13586 + 9.90403]
Epoch 375 [3.3s]: train==[6592.51436=6577.42587 + 1.14008 + 0.00000 + 4.11560 + 9.83278]
Epoch 376 [3.3s]: train==[6425.39195=6410.36713 + 1.14060 + 0.00000 + 4.09649 + 9.78777]
Epoch 377 [3.3s]: train==[6860.13756=6845.14722 + 1.14178 + 0.00000 + 4.07705 + 9.77143]
Epoch 378 [3.3s]: train==[6643.74940=6628.82796 + 1.14378 + 0.00000 + 4.05970 + 9.71800]
drop_flag:  True ,	 mess_dropout:  [0.0, 0.0]
rate_batch  torch.Size([1162, 753])
gt_count  8427
candidate_count  874986
ideal candidate count  874986
Epoch 379 [3.3s + 5.7s]: train==[6755.50048=6740.60315 + 1.14518 + 0.00000 + 4.03825 + 9.71396]
 recall=[0.21627, 0.47802], precision=[0.29501, 0.16997],  f1=[0.23062, 0.23524], RMRR=[0.10364, 0.14982]
Epoch 380 [3.3s]: train==[6541.19212=6526.38110 + 1.14742 + 0.00000 + 4.02097 + 9.64264]
Epoch 381 [3.3s]: train==[6386.25458=6371.47668 + 1.14915 + 0.00000 + 4.00504 + 9.62368]
Epoch 382 [3.3s]: train==[6790.87870=6776.11740 + 1.15081 + 0.00000 + 3.98359 + 9.62685]
Epoch 383 [3.3s]: train==[6718.96440=6704.27512 + 1.15123 + 0.00000 + 3.96554 + 9.57247]
Epoch 384 [3.3s]: train==[6910.21124=6895.56726 + 1.15199 + 0.00000 + 3.94698 + 9.54506]
Epoch 385 [3.3s]: train==[6611.16470=6596.59518 + 1.15245 + 0.00000 + 3.92415 + 9.49290]
Epoch 386 [3.3s]: train==[6642.56315=6628.00496 + 1.15438 + 0.00000 + 3.90312 + 9.50065]
Epoch 387 [3.3s]: train==[6698.99190=6684.53076 + 1.15617 + 0.00000 + 3.88536 + 9.41959]
Epoch 388 [3.3s]: train==[6773.72132=6759.30450 + 1.15661 + 0.00000 + 3.86757 + 9.39264]
drop_flag:  True ,	 mess_dropout:  [0.0, 0.0]
rate_batch  torch.Size([1162, 753])
gt_count  8427
candidate_count  874986
ideal candidate count  874986
Epoch 389 [3.3s + 5.6s]: train==[6796.79440=6782.41385 + 1.15925 + 0.00000 + 3.85129 + 9.36998]
 recall=[0.21319, 0.47712], precision=[0.29260, 0.17040],  f1=[0.22757, 0.23580], RMRR=[0.10470, 0.15054]
Epoch 390 [3.3s]: train==[6708.17206=6693.83263 + 1.16085 + 0.00000 + 3.83321 + 9.34545]
Epoch 391 [3.3s]: train==[6461.46816=6447.18863 + 1.16116 + 0.00000 + 3.81381 + 9.30456]
Epoch 392 [3.3s]: train==[6607.05037=6592.81969 + 1.16179 + 0.00000 + 3.79140 + 9.27754]
Epoch 393 [3.3s]: train==[6617.52957=6603.34221 + 1.16418 + 0.00000 + 3.77539 + 9.24781]
Epoch 394 [3.3s]: train==[6462.62064=6448.48206 + 1.16516 + 0.00000 + 3.75260 + 9.22074]
Epoch 395 [3.3s]: train==[6703.01612=6688.94482 + 1.16682 + 0.00000 + 3.73137 + 9.17319]
Epoch 396 [3.3s]: train==[6700.77287=6686.71126 + 1.16917 + 0.00000 + 3.72525 + 9.16719]
Epoch 397 [3.3s]: train==[6726.38593=6712.36084 + 1.16980 + 0.00000 + 3.70265 + 9.15263]
Epoch 398 [3.3s]: train==[6535.81230=6521.83650 + 1.17210 + 0.00000 + 3.68408 + 9.11966]
drop_flag:  True ,	 mess_dropout:  [0.0, 0.0]
rate_batch  torch.Size([1162, 753])
gt_count  8427
candidate_count  874986
ideal candidate count  874986
Epoch 399 [3.4s + 5.7s]: train==[6774.22570=6760.31317 + 1.17387 + 0.00000 + 3.66397 + 9.07468]
 recall=[0.21544, 0.47717], precision=[0.29725, 0.16984],  f1=[0.23053, 0.23520], RMRR=[0.10340, 0.14812]
Epoch 400 [3.4s]: train==[6646.00284=6632.16797 + 1.17568 + 0.00000 + 3.64638 + 9.01281]
Epoch 401 [3.3s]: train==[6819.98419=6806.18132 + 1.17685 + 0.00000 + 3.62180 + 9.00419]
Epoch 402 [3.4s]: train==[6737.16087=6723.37415 + 1.17748 + 0.00000 + 3.60533 + 9.00390]
Epoch 403 [3.4s]: train==[6548.97979=6535.25452 + 1.17877 + 0.00000 + 3.59250 + 8.95400]
Epoch 404 [3.4s]: train==[6500.50265=6486.79224 + 1.18072 + 0.00000 + 3.57414 + 8.95555]
Epoch 405 [3.4s]: train==[6607.22192=6593.58881 + 1.18133 + 0.00000 + 3.55382 + 8.89790]
Epoch 406 [3.4s]: train==[6687.32425=6673.71327 + 1.18370 + 0.00000 + 3.53986 + 8.88740]
Epoch 407 [3.4s]: train==[6565.93563=6552.36966 + 1.18487 + 0.00000 + 3.52758 + 8.85354]
Epoch 408 [3.4s]: train==[6933.36439=6919.83722 + 1.18638 + 0.00000 + 3.49976 + 8.84100]
drop_flag:  True ,	 mess_dropout:  [0.0, 0.0]
rate_batch  torch.Size([1162, 753])
gt_count  8427
candidate_count  874986
ideal candidate count  874986
Epoch 409 [3.4s + 5.7s]: train==[6695.58956=6682.12849 + 1.18846 + 0.00000 + 3.47719 + 8.79543]
 recall=[0.21214, 0.47917], precision=[0.29398, 0.17156],  f1=[0.22725, 0.23709], RMRR=[0.10036, 0.14712]
Epoch 410 [3.4s]: train==[6531.46795=6518.04460 + 1.18898 + 0.00000 + 3.46153 + 8.77286]
Epoch 411 [3.4s]: train==[6591.16925=6577.75967 + 1.19096 + 0.00000 + 3.44619 + 8.77245]
Epoch 412 [3.4s]: train==[6604.67908=6591.33846 + 1.19263 + 0.00000 + 3.43303 + 8.71500]
Epoch 413 [3.3s]: train==[6628.96957=6615.64952 + 1.19419 + 0.00000 + 3.41735 + 8.70851]
Epoch 414 [3.4s]: train==[6615.48394=6602.23947 + 1.19500 + 0.00000 + 3.40055 + 8.64886]
Epoch 415 [3.4s]: train==[6717.64305=6704.41003 + 1.19695 + 0.00000 + 3.38576 + 8.65029]
Epoch 416 [3.4s]: train==[6764.16856=6750.99989 + 1.19817 + 0.00000 + 3.36877 + 8.60178]
Epoch 417 [3.4s]: train==[6562.45010=6549.31323 + 1.20127 + 0.00000 + 3.35557 + 8.58000]
Epoch 418 [3.4s]: train==[6713.87510=6700.77074 + 1.20244 + 0.00000 + 3.33726 + 8.56464]
drop_flag:  True ,	 mess_dropout:  [0.0, 0.0]
rate_batch  torch.Size([1162, 753])
gt_count  8427
candidate_count  874986
ideal candidate count  874986
Epoch 419 [3.4s + 5.7s]: train==[6510.57459=6497.51421 + 1.20432 + 0.00000 + 3.32169 + 8.53435]
 recall=[0.21712, 0.48227], precision=[0.29811, 0.17281],  f1=[0.23218, 0.23884], RMRR=[0.10321, 0.15065]
Epoch 420 [3.4s]: train==[6488.45086=6475.42220 + 1.20599 + 0.00000 + 3.30550 + 8.51714]
Epoch 421 [3.3s]: train==[6871.83825=6858.83165 + 1.20674 + 0.00000 + 3.28920 + 8.51068]
Epoch 422 [3.4s]: train==[6823.17024=6810.21817 + 1.20799 + 0.00000 + 3.27448 + 8.46958]
Epoch 423 [3.3s]: train==[6543.55614=6530.61623 + 1.21035 + 0.00000 + 3.26227 + 8.46722]
Epoch 424 [3.3s]: train==[6700.80950=6687.94986 + 1.20957 + 0.00000 + 3.24278 + 8.40728]
Epoch 425 [3.4s]: train==[6516.10114=6503.26578 + 1.21283 + 0.00000 + 3.22343 + 8.39906]
Epoch 426 [3.4s]: train==[6633.06803=6620.28172 + 1.21403 + 0.00000 + 3.21091 + 8.36134]
Epoch 427 [3.4s]: train==[6739.95062=6727.12068 + 1.21674 + 0.00000 + 3.18912 + 8.42409]
Epoch 428 [3.4s]: train==[6655.99813=6643.27339 + 1.21846 + 0.00000 + 3.17060 + 8.33565]
drop_flag:  True ,	 mess_dropout:  [0.0, 0.0]
rate_batch  torch.Size([1162, 753])
gt_count  8427
candidate_count  874986
ideal candidate count  874986
Epoch 429 [3.4s + 5.7s]: train==[6592.63215=6579.92125 + 1.21936 + 0.00000 + 3.15565 + 8.33583]
 recall=[0.21700, 0.48296], precision=[0.29828, 0.17289],  f1=[0.23120, 0.23924], RMRR=[0.10511, 0.15108]
Epoch 430 [3.4s]: train==[6571.75787=6559.10593 + 1.22152 + 0.00000 + 3.13269 + 8.29776]
Epoch 431 [3.3s]: train==[6662.77464=6650.15033 + 1.22274 + 0.00000 + 3.12007 + 8.28150]
Epoch 432 [3.3s]: train==[6627.43161=6614.86746 + 1.22589 + 0.00000 + 3.09941 + 8.23883]
Epoch 433 [3.4s]: train==[6841.28311=6828.70465 + 1.22778 + 0.00000 + 3.08506 + 8.26563]
Epoch 434 [3.3s]: train==[6646.06693=6633.50700 + 1.23047 + 0.00000 + 3.07595 + 8.25348]
Epoch 435 [3.3s]: train==[6428.16989=6415.64792 + 1.23168 + 0.00000 + 3.05728 + 8.23303]
Epoch 436 [3.3s]: train==[6593.52286=6581.05853 + 1.23360 + 0.00000 + 3.04484 + 8.18592]
Epoch 437 [3.3s]: train==[6616.62311=6604.25427 + 1.23453 + 0.00000 + 3.01749 + 8.11682]
Epoch 438 [3.4s]: train==[6520.94763=6508.56558 + 1.23815 + 0.00000 + 3.01478 + 8.12917]
drop_flag:  True ,	 mess_dropout:  [0.0, 0.0]
rate_batch  torch.Size([1162, 753])
gt_count  8427
candidate_count  874986
ideal candidate count  874986
Epoch 439 [3.3s + 5.6s]: train==[6760.50513=6748.15285 + 1.23953 + 0.00000 + 2.98734 + 8.12543]
 recall=[0.21580, 0.48649], precision=[0.29931, 0.17324],  f1=[0.23152, 0.24003], RMRR=[0.10550, 0.15173]
Epoch 440 [3.3s]: train==[6584.24777=6571.94977 + 1.23951 + 0.00000 + 2.96938 + 8.08907]
Epoch 441 [3.3s]: train==[6849.77433=6837.51224 + 1.24020 + 0.00000 + 2.94750 + 8.07439]
Epoch 442 [3.4s]: train==[6464.19369=6451.93697 + 1.24288 + 0.00000 + 2.93731 + 8.07653]
Epoch 443 [3.3s]: train==[6756.31763=6744.10800 + 1.24425 + 0.00000 + 2.92148 + 8.04390]
Epoch 444 [3.3s]: train==[6822.33468=6810.19046 + 1.24557 + 0.00000 + 2.90957 + 7.98901]
Epoch 445 [3.3s]: train==[6696.53195=6684.38687 + 1.24634 + 0.00000 + 2.89840 + 8.00032]
Epoch 446 [3.3s]: train==[6466.87513=6454.73743 + 1.24859 + 0.00000 + 2.88524 + 8.00389]
Epoch 447 [3.3s]: train==[6621.83400=6609.73822 + 1.25052 + 0.00000 + 2.86846 + 7.97689]
Epoch 448 [3.3s]: train==[6406.65574=6394.54910 + 1.25143 + 0.00000 + 2.85602 + 7.99912]
drop_flag:  True ,	 mess_dropout:  [0.0, 0.0]
rate_batch  torch.Size([1162, 753])
gt_count  8427
candidate_count  874986
ideal candidate count  874986
Epoch 449 [3.3s + 5.6s]: train==[6825.27409=6813.27350 + 1.25228 + 0.00000 + 2.83810 + 7.91024]
 recall=[0.21810, 0.48555], precision=[0.29880, 0.17289],  f1=[0.23275, 0.23963], RMRR=[0.10730, 0.15445]
Epoch 450 [3.3s]: train==[6682.52004=6670.51826 + 1.25519 + 0.00000 + 2.82949 + 7.91713]
Epoch 451 [3.3s]: train==[6458.70339=6446.71767 + 1.25687 + 0.00000 + 2.80927 + 7.91957]
Epoch 452 [3.3s]: train==[6645.92470=6633.96053 + 1.25866 + 0.00000 + 2.79436 + 7.91120]
Epoch 453 [3.3s]: train==[6682.30133=6670.41682 + 1.26065 + 0.00000 + 2.77854 + 7.84529]
Epoch 454 [3.3s]: train==[6600.16668=6588.28241 + 1.26441 + 0.00000 + 2.77494 + 7.84488]
Epoch 455 [3.3s]: train==[6546.83137=6534.96407 + 1.26566 + 0.00000 + 2.75726 + 7.84440]
Epoch 456 [3.3s]: train==[6635.13984=6623.31047 + 1.26752 + 0.00000 + 2.74555 + 7.81631]
Epoch 457 [3.3s]: train==[6382.48883=6370.67223 + 1.26903 + 0.00000 + 2.72939 + 7.81815]
Epoch 458 [3.4s]: train==[6551.29368=6539.54373 + 1.27119 + 0.00000 + 2.72470 + 7.75404]
drop_flag:  True ,	 mess_dropout:  [0.0, 0.0]
rate_batch  torch.Size([1162, 753])
gt_count  8427
candidate_count  874986
ideal candidate count  874986
Epoch 459 [3.3s + 5.6s]: train==[6627.61542=6615.91177 + 1.27134 + 0.00000 + 2.70695 + 7.72542]
 recall=[0.21727, 0.48733], precision=[0.29828, 0.17444],  f1=[0.23230, 0.24128], RMRR=[0.10603, 0.15419]
Epoch 460 [3.3s]: train==[6816.74507=6805.00842 + 1.27663 + 0.00000 + 2.69433 + 7.76574]
Epoch 461 [3.4s]: train==[6632.15773=6620.56267 + 1.27707 + 0.00000 + 2.67946 + 7.63852]
Epoch 462 [3.4s]: train==[6672.49540=6660.88902 + 1.27854 + 0.00000 + 2.66319 + 7.66466]
Epoch 463 [3.3s]: train==[6649.39657=6637.81831 + 1.28067 + 0.00000 + 2.65853 + 7.63906]
Epoch 464 [3.3s]: train==[6416.29433=6404.77130 + 1.28341 + 0.00000 + 2.64030 + 7.59929]
Epoch 465 [3.3s]: train==[6468.98990=6457.44102 + 1.28409 + 0.00000 + 2.63200 + 7.63277]
Epoch 466 [3.3s]: train==[6540.14705=6528.59279 + 1.28806 + 0.00000 + 2.61726 + 7.64889]
Epoch 467 [3.3s]: train==[6705.23571=6693.74672 + 1.28803 + 0.00000 + 2.58663 + 7.61433]
Epoch 468 [3.3s]: train==[6708.21425=6696.76115 + 1.29048 + 0.00000 + 2.58150 + 7.58110]
drop_flag:  True ,	 mess_dropout:  [0.0, 0.0]
rate_batch  torch.Size([1162, 753])
gt_count  8427
candidate_count  874986
ideal candidate count  874986
Epoch 469 [3.3s + 5.6s]: train==[6735.82949=6724.43355 + 1.29285 + 0.00000 + 2.57056 + 7.53257]
 recall=[0.21792, 0.47901], precision=[0.29897, 0.17108],  f1=[0.23263, 0.23673], RMRR=[0.10569, 0.15102]
Epoch 470 [3.3s]: train==[6506.41516=6494.96759 + 1.29732 + 0.00000 + 2.54918 + 7.60107]
Epoch 471 [3.3s]: train==[6606.37235=6594.95422 + 1.29905 + 0.00000 + 2.53755 + 7.58152]
Epoch 472 [3.3s]: train==[6375.21040=6363.86636 + 1.30107 + 0.00000 + 2.52236 + 7.52064]
Epoch 473 [3.3s]: train==[6545.78896=6534.43526 + 1.30474 + 0.00000 + 2.51730 + 7.53164]
Epoch 474 [3.3s]: train==[6557.58071=6546.27339 + 1.30638 + 0.00000 + 2.50918 + 7.49172]
Epoch 475 [3.3s]: train==[6604.32385=6592.96249 + 1.30814 + 0.00000 + 2.49100 + 7.56220]
Epoch 476 [3.3s]: train==[6384.83826=6373.52777 + 1.30921 + 0.00000 + 2.47898 + 7.52238]
Epoch 477 [3.3s]: train==[6654.70723=6643.42052 + 1.31306 + 0.00000 + 2.47134 + 7.50238]
Epoch 478 [3.3s]: train==[6455.12947=6443.86940 + 1.31438 + 0.00000 + 2.45314 + 7.49249]
drop_flag:  True ,	 mess_dropout:  [0.0, 0.0]
rate_batch  torch.Size([1162, 753])
gt_count  8427
candidate_count  874986
ideal candidate count  874986
Epoch 479 [3.3s + 5.6s]: train==[6480.93331=6469.68306 + 1.31809 + 0.00000 + 2.44456 + 7.48756]
 recall=[0.21594, 0.48490], precision=[0.29707, 0.17255],  f1=[0.23116, 0.23897], RMRR=[0.10464, 0.15205]
Epoch 480 [3.3s]: train==[6762.19877=6751.02887 + 1.31901 + 0.00000 + 2.43108 + 7.41979]
Epoch 481 [3.4s]: train==[6698.95106=6687.78281 + 1.32094 + 0.00000 + 2.42252 + 7.42483]
Epoch 482 [3.3s]: train==[6505.90927=6494.72005 + 1.32374 + 0.00000 + 2.41472 + 7.45074]
Epoch 483 [3.3s]: train==[6446.99171=6435.83041 + 1.32615 + 0.00000 + 2.38899 + 7.44621]
Epoch 484 [3.3s]: train==[6585.31715=6574.18457 + 1.32781 + 0.00000 + 2.38698 + 7.41781]
Epoch 485 [3.3s]: train==[6574.04733=6562.95564 + 1.32853 + 0.00000 + 2.36686 + 7.39629]
Epoch 486 [3.3s]: train==[6647.32886=6636.30568 + 1.33128 + 0.00000 + 2.35833 + 7.33362]
Epoch 487 [3.3s]: train==[6373.53038=6362.53897 + 1.33483 + 0.00000 + 2.34579 + 7.31078]
Epoch 488 [3.3s]: train==[6605.77197=6594.74509 + 1.33733 + 0.00000 + 2.33822 + 7.35135]
drop_flag:  True ,	 mess_dropout:  [0.0, 0.0]
rate_batch  torch.Size([1162, 753])
gt_count  8427
candidate_count  874986
ideal candidate count  874986
Epoch 489 [3.3s + 5.6s]: train==[6714.88771=6703.88895 + 1.33801 + 0.00000 + 2.32762 + 7.33317]
 recall=[0.21966, 0.48613], precision=[0.30275, 0.17410],  f1=[0.23600, 0.24081], RMRR=[0.10700, 0.15349]
Epoch 490 [3.3s]: train==[6504.98218=6493.98746 + 1.33997 + 0.00000 + 2.31486 + 7.33993]
Epoch 491 [3.3s]: train==[6600.03528=6589.12500 + 1.34317 + 0.00000 + 2.30510 + 7.26208]
Epoch 492 [3.3s]: train==[6505.13237=6494.20616 + 1.34668 + 0.00000 + 2.29924 + 7.28029]
Epoch 493 [3.3s]: train==[6704.14595=6693.27502 + 1.34736 + 0.00000 + 2.29299 + 7.23051]
Epoch 494 [3.3s]: train==[6415.19449=6404.31299 + 1.34960 + 0.00000 + 2.28188 + 7.25001]
Epoch 495 [3.3s]: train==[6677.02401=6666.15752 + 1.35232 + 0.00000 + 2.26593 + 7.24818]
Epoch 496 [3.3s]: train==[6352.14966=6341.32277 + 1.35353 + 0.00000 + 2.26460 + 7.20878]
Epoch 497 [3.3s]: train==[6634.66206=6623.89032 + 1.35404 + 0.00000 + 2.25526 + 7.16247]
Epoch 498 [3.3s]: train==[6485.69716=6474.92276 + 1.35777 + 0.00000 + 2.23365 + 7.18300]
drop_flag:  True ,	 mess_dropout:  [0.0, 0.0]
rate_batch  torch.Size([1162, 753])
gt_count  8427
candidate_count  874986
ideal candidate count  874986
Epoch 499 [3.3s + 5.6s]: train==[6524.17892=6513.40350 + 1.36034 + 0.00000 + 2.24175 + 7.17334]
 recall=[0.21610, 0.48589], precision=[0.29656, 0.17367],  f1=[0.23138, 0.24039], RMRR=[0.10481, 0.15319]
Epoch 500 [3.3s]: train==[6578.73812=6568.00598 + 1.36258 + 0.00000 + 2.22358 + 7.14606]
Epoch 501 [3.3s]: train==[6564.01110=6553.33157 + 1.36228 + 0.00000 + 2.21574 + 7.10153]
Epoch 502 [3.4s]: train==[6334.53112=6323.81293 + 1.36865 + 0.00000 + 2.20636 + 7.14321]
Epoch 503 [3.3s]: train==[6400.10268=6389.39415 + 1.37006 + 0.00000 + 2.20613 + 7.13242]
Epoch 504 [3.3s]: train==[6656.71168=6646.01740 + 1.37349 + 0.00000 + 2.19648 + 7.12432]
Epoch 505 [3.3s]: train==[6535.83071=6525.13861 + 1.37479 + 0.00000 + 2.18057 + 7.13678]
Epoch 506 [3.3s]: train==[6400.64266=6389.95227 + 1.37453 + 0.00000 + 2.16966 + 7.14613]
Epoch 507 [3.3s]: train==[6587.81305=6577.15138 + 1.37689 + 0.00000 + 2.15957 + 7.12531]
Epoch 508 [3.3s]: train==[6452.54938=6441.92990 + 1.38054 + 0.00000 + 2.14968 + 7.08932]
drop_flag:  True ,	 mess_dropout:  [0.0, 0.0]
rate_batch  torch.Size([1162, 753])
gt_count  8427
candidate_count  874986
ideal candidate count  874986
Epoch 509 [3.3s + 5.6s]: train==[6633.91209=6623.29681 + 1.38347 + 0.00000 + 2.14144 + 7.09027]
 recall=[0.22323, 0.49325], precision=[0.30413, 0.17509],  f1=[0.23830, 0.24263], RMRR=[0.10752, 0.15352]
Epoch 510 [3.3s]: train==[6530.69325=6520.07039 + 1.38544 + 0.00000 + 2.14355 + 7.09387]
Epoch 511 [3.3s]: train==[6795.48830=6784.87775 + 1.38527 + 0.00000 + 2.12553 + 7.09975]
Epoch 512 [3.3s]: train==[6688.20076=6677.62338 + 1.38961 + 0.00000 + 2.11268 + 7.07506]
Epoch 513 [3.3s]: train==[6472.08957=6461.55525 + 1.38793 + 0.00000 + 2.10734 + 7.03898]
Epoch 514 [3.3s]: train==[6474.76418=6464.20610 + 1.39323 + 0.00000 + 2.10104 + 7.06379]
Epoch 515 [3.3s]: train==[6549.40633=6538.85388 + 1.39532 + 0.00000 + 2.09347 + 7.06366]
Epoch 516 [3.3s]: train==[6378.35254=6367.86021 + 1.39603 + 0.00000 + 2.08286 + 7.01335]
Epoch 517 [3.4s]: train==[6467.52604=6456.96155 + 1.39751 + 0.00000 + 2.08716 + 7.07982]
Epoch 518 [3.4s]: train==[6294.28153=6283.77020 + 1.39870 + 0.00000 + 2.07775 + 7.03485]
drop_flag:  True ,	 mess_dropout:  [0.0, 0.0]
rate_batch  torch.Size([1162, 753])
gt_count  8427
candidate_count  874986
ideal candidate count  874986
Epoch 519 [3.3s + 5.6s]: train==[6434.94421=6424.48700 + 1.39992 + 0.00000 + 2.06850 + 6.98879]
 recall=[0.21589, 0.48658], precision=[0.29466, 0.17324],  f1=[0.23048, 0.24008], RMRR=[0.10439, 0.15255]
Epoch 520 [3.3s]: train==[6483.58017=6473.13495 + 1.40174 + 0.00000 + 2.05540 + 6.98811]
Epoch 521 [3.4s]: train==[6614.10889=6603.70654 + 1.40373 + 0.00000 + 2.04311 + 6.95549]
Epoch 522 [3.3s]: train==[6407.49466=6397.08279 + 1.40531 + 0.00000 + 2.04447 + 6.96212]
Epoch 523 [3.3s]: train==[6471.45018=6461.07951 + 1.40869 + 0.00000 + 2.03561 + 6.92635]
Epoch 524 [3.3s]: train==[6544.13510=6533.80620 + 1.40747 + 0.00000 + 2.01803 + 6.90338]
Epoch 525 [3.3s]: train==[6673.79773=6663.41196 + 1.41169 + 0.00000 + 2.01917 + 6.95491]
Epoch 526 [3.3s]: train==[6739.82234=6729.40877 + 1.41182 + 0.00000 + 2.01366 + 6.98811]
Epoch 527 [3.3s]: train==[6586.31275=6575.97121 + 1.41374 + 0.00000 + 2.00419 + 6.92362]
Epoch 528 [3.3s]: train==[6513.79458=6503.49632 + 1.41730 + 0.00000 + 1.99427 + 6.88664]
drop_flag:  True ,	 mess_dropout:  [0.0, 0.0]
rate_batch  torch.Size([1162, 753])
gt_count  8427
candidate_count  874986
ideal candidate count  874986
Epoch 529 [3.3s + 5.6s]: train==[6352.96309=6342.69162 + 1.42015 + 0.00000 + 1.98529 + 6.86599]
 recall=[0.21298, 0.48744], precision=[0.29363, 0.17392],  f1=[0.22874, 0.24109], RMRR=[0.10086, 0.14707]
Epoch 530 [3.3s]: train==[6572.29158=6561.94736 + 1.42110 + 0.00000 + 1.98389 + 6.93917]
Epoch 531 [3.3s]: train==[6313.01589=6302.72881 + 1.42277 + 0.00000 + 1.98110 + 6.88321]
Epoch 532 [3.3s]: train==[6613.08369=6602.84648 + 1.42233 + 0.00000 + 1.97755 + 6.83738]
Epoch 533 [3.3s]: train==[6398.86884=6388.68201 + 1.42251 + 0.00000 + 1.95875 + 6.80563]
Epoch 534 [3.3s]: train==[6402.22320=6392.02585 + 1.42463 + 0.00000 + 1.95253 + 6.82025]
Epoch 535 [3.3s]: train==[6617.88690=6607.67743 + 1.42378 + 0.00000 + 1.94798 + 6.83771]
Epoch 536 [3.3s]: train==[6320.45496=6310.32306 + 1.42599 + 0.00000 + 1.94533 + 6.76057]
Epoch 537 [3.3s]: train==[6275.52643=6265.37723 + 1.43004 + 0.00000 + 1.94803 + 6.77120]
Epoch 538 [3.3s]: train==[6671.15884=6661.04224 + 1.43124 + 0.00000 + 1.93573 + 6.74964]
drop_flag:  True ,	 mess_dropout:  [0.0, 0.0]
rate_batch  torch.Size([1162, 753])
gt_count  8427
candidate_count  874986
ideal candidate count  874986
Epoch 539 [3.3s + 5.6s]: train==[6483.48057=6473.33315 + 1.43156 + 0.00000 + 1.92580 + 6.79006]
 recall=[0.22158, 0.48219], precision=[0.30465, 0.17281],  f1=[0.23724, 0.23909], RMRR=[0.10431, 0.14988]
Epoch 540 [3.3s]: train==[6458.25764=6448.09445 + 1.43287 + 0.00000 + 1.92181 + 6.80851]
Epoch 541 [3.3s]: train==[6678.79489=6668.69357 + 1.43520 + 0.00000 + 1.90665 + 6.75939]
Epoch 542 [3.3s]: train==[6591.33738=6581.25864 + 1.43549 + 0.00000 + 1.90395 + 6.73926]
Epoch 543 [3.3s]: train==[6510.02717=6499.93106 + 1.43846 + 0.00000 + 1.90780 + 6.74985]
Epoch 544 [3.4s]: train==[6201.74180=6191.67375 + 1.43933 + 0.00000 + 1.89702 + 6.73171]
Epoch 545 [3.3s]: train==[6320.58678=6310.50259 + 1.44282 + 0.00000 + 1.88930 + 6.75207]
Epoch 546 [3.3s]: train==[6268.39363=6258.36479 + 1.44598 + 0.00000 + 1.88442 + 6.69842]
Epoch 547 [3.3s]: train==[6584.19708=6574.20377 + 1.44602 + 0.00000 + 1.88182 + 6.66543]
Epoch 548 [3.3s]: train==[6577.31613=6567.33908 + 1.44778 + 0.00000 + 1.87632 + 6.65295]
drop_flag:  True ,	 mess_dropout:  [0.0, 0.0]
rate_batch  torch.Size([1162, 753])
gt_count  8427
candidate_count  874986
ideal candidate count  874986
Epoch 549 [3.4s + 5.7s]: train==[6727.67755=6717.66891 + 1.45128 + 0.00000 + 1.86963 + 6.68771]
 recall=[0.22293, 0.49371], precision=[0.30396, 0.17646],  f1=[0.23759, 0.24424], RMRR=[0.10533, 0.15096]
Epoch 550 [3.3s]: train==[6599.51373=6589.49582 + 1.45382 + 0.00000 + 1.87422 + 6.68985]
Epoch 551 [3.3s]: train==[6560.97217=6550.94260 + 1.45280 + 0.00000 + 1.85805 + 6.71870]
Epoch 552 [3.3s]: train==[6354.71569=6344.66624 + 1.45587 + 0.00000 + 1.85296 + 6.74057]
Epoch 553 [3.3s]: train==[6557.73604=6547.68025 + 1.45811 + 0.00000 + 1.85432 + 6.74334]
Epoch 554 [3.3s]: train==[6253.75049=6243.76349 + 1.45993 + 0.00000 + 1.84407 + 6.68291]
Epoch 555 [3.3s]: train==[6725.25444=6715.27060 + 1.46214 + 0.00000 + 1.83552 + 6.68617]
Epoch 556 [3.3s]: train==[6256.00055=6246.03200 + 1.46194 + 0.00000 + 1.83674 + 6.66990]
Epoch 557 [3.3s]: train==[6293.26672=6283.30330 + 1.46614 + 0.00000 + 1.82200 + 6.67520]
Epoch 558 [3.3s]: train==[6429.12595=6419.15685 + 1.46679 + 0.00000 + 1.82067 + 6.68167]
drop_flag:  True ,	 mess_dropout:  [0.0, 0.0]
rate_batch  torch.Size([1162, 753])
gt_count  8427
candidate_count  874986
ideal candidate count  874986
Epoch 559 [3.3s + 5.6s]: train==[6386.17711=6376.21581 + 1.46996 + 0.00000 + 1.81844 + 6.67292]
 recall=[0.21475, 0.49088], precision=[0.29587, 0.17530],  f1=[0.23020, 0.24275], RMRR=[0.10240, 0.15160]
Epoch 560 [3.3s]: train==[6210.08801=6200.13998 + 1.47044 + 0.00000 + 1.81746 + 6.66018]
Epoch 561 [3.3s]: train==[6325.29056=6315.41901 + 1.47222 + 0.00000 + 1.80732 + 6.59205]
Epoch 562 [3.3s]: train==[6477.38394=6467.50797 + 1.47321 + 0.00000 + 1.80284 + 6.60002]
Epoch 563 [3.3s]: train==[6381.15533=6371.31261 + 1.47530 + 0.00000 + 1.79008 + 6.57731]
Epoch 564 [3.3s]: train==[6203.82395=6193.97812 + 1.47680 + 0.00000 + 1.78562 + 6.58337]
Epoch 565 [3.3s]: train==[6227.65180=6217.73843 + 1.48223 + 0.00000 + 1.78965 + 6.64154]
Epoch 566 [3.3s]: train==[6493.16383=6483.30742 + 1.48352 + 0.00000 + 1.77905 + 6.59379]
Epoch 567 [3.3s]: train==[6556.19903=6546.31436 + 1.48532 + 0.00000 + 1.77509 + 6.62425]
Epoch 568 [3.3s]: train==[6688.85924=6678.90366 + 1.48932 + 0.00000 + 1.77187 + 6.69439]
drop_flag:  True ,	 mess_dropout:  [0.0, 0.0]
rate_batch  torch.Size([1162, 753])
gt_count  8427
candidate_count  874986
ideal candidate count  874986
Epoch 569 [3.3s + 5.6s]: train==[6492.28795=6482.37631 + 1.48893 + 0.00000 + 1.77637 + 6.64635]
 recall=[0.21503, 0.48178], precision=[0.29793, 0.17199],  f1=[0.23134, 0.23810], RMRR=[0.10214, 0.14844]
Epoch 570 [3.3s]: train==[6687.97693=6678.11623 + 1.48856 + 0.00000 + 1.76089 + 6.61124]
Epoch 571 [3.3s]: train==[6273.87425=6263.91650 + 1.49406 + 0.00000 + 1.76412 + 6.69960]
Epoch 572 [3.3s]: train==[6538.66868=6528.84550 + 1.48891 + 0.00000 + 1.75888 + 6.57534]
Epoch 573 [3.3s]: train==[6507.25660=6497.45866 + 1.49071 + 0.00000 + 1.76005 + 6.54720]
Epoch 574 [3.4s]: train==[6257.91373=6248.11345 + 1.49072 + 0.00000 + 1.74792 + 6.56162]
Epoch 575 [3.4s]: train==[6829.07025=6819.21468 + 1.49582 + 0.00000 + 1.75246 + 6.60729]
Epoch 576 [3.4s]: train==[6458.12067=6448.29149 + 1.49743 + 0.00000 + 1.74386 + 6.58793]
Epoch 577 [3.4s]: train==[6375.62748=6365.81532 + 1.49812 + 0.00000 + 1.73115 + 6.58288]
Epoch 578 [3.4s]: train==[6534.97924=6525.17238 + 1.49928 + 0.00000 + 1.73081 + 6.57674]
drop_flag:  True ,	 mess_dropout:  [0.0, 0.0]
rate_batch  torch.Size([1162, 753])
gt_count  8427
candidate_count  874986
ideal candidate count  874986
Epoch 579 [3.4s + 5.7s]: train==[6370.93749=6361.03302 + 1.50305 + 0.00000 + 1.71967 + 6.68177]
 recall=[0.22299, 0.49057], precision=[0.30551, 0.17461],  f1=[0.23829, 0.24195], RMRR=[0.10757, 0.15365]
Epoch 580 [3.4s]: train==[6461.28835=6451.44630 + 1.50422 + 0.00000 + 1.71828 + 6.61946]
Epoch 581 [3.4s]: train==[6438.09698=6428.22627 + 1.50979 + 0.00000 + 1.71750 + 6.64341]
Epoch 582 [3.4s]: train==[6456.14868=6446.23589 + 1.51109 + 0.00000 + 1.70729 + 6.69437]
Epoch 583 [3.4s]: train==[6303.72769=6293.87267 + 1.51120 + 0.00000 + 1.70619 + 6.63768]
Epoch 584 [3.4s]: train==[6378.21949=6368.38333 + 1.51321 + 0.00000 + 1.69634 + 6.62663]
Epoch 585 [3.4s]: train==[6185.95377=6176.13654 + 1.51783 + 0.00000 + 1.69468 + 6.60473]
Epoch 586 [3.4s]: train==[6403.37339=6393.54271 + 1.51974 + 0.00000 + 1.69307 + 6.61788]
Epoch 587 [3.4s]: train==[6488.51266=6478.76585 + 1.51796 + 0.00000 + 1.68766 + 6.54112]
Epoch 588 [3.4s]: train==[6205.04172=6195.23119 + 1.51972 + 0.00000 + 1.69004 + 6.60073]
drop_flag:  True ,	 mess_dropout:  [0.0, 0.0]
rate_batch  torch.Size([1162, 753])
gt_count  8427
candidate_count  874986
ideal candidate count  874986
Epoch 589 [3.4s + 5.7s]: train==[6613.09359=6603.29541 + 1.52426 + 0.00000 + 1.68040 + 6.59354]
 recall=[0.21824, 0.49226], precision=[0.30241, 0.17298],  f1=[0.23514, 0.24008], RMRR=[0.10452, 0.15211]
Epoch 590 [3.4s]: train==[6595.75876=6585.96062 + 1.52713 + 0.00000 + 1.67129 + 6.59970]
Epoch 591 [3.4s]: train==[6509.04514=6499.24899 + 1.52736 + 0.00000 + 1.66984 + 6.59902]
Epoch 592 [3.4s]: train==[6378.01952=6368.31645 + 1.52733 + 0.00000 + 1.66609 + 6.50962]
Epoch 593 [3.4s]: train==[6480.59626=6470.87990 + 1.52769 + 0.00000 + 1.66466 + 6.52408]
Epoch 594 [3.4s]: train==[6179.87875=6170.13219 + 1.53098 + 0.00000 + 1.66350 + 6.55211]
Epoch 595 [3.3s]: train==[6275.03937=6265.31125 + 1.53319 + 0.00000 + 1.65696 + 6.53794]
Epoch 596 [3.4s]: train==[6312.38843=6302.62674 + 1.53622 + 0.00000 + 1.65852 + 6.56693]
Epoch 597 [3.4s]: train==[6381.44740=6371.67473 + 1.53762 + 0.00000 + 1.64971 + 6.58536]
Epoch 598 [3.4s]: train==[6478.86264=6469.22162 + 1.53613 + 0.00000 + 1.65156 + 6.45328]
drop_flag:  True ,	 mess_dropout:  [0.0, 0.0]
rate_batch  torch.Size([1162, 753])
gt_count  8427
candidate_count  874986
ideal candidate count  874986
Epoch 599 [3.4s + 5.7s]: train==[6701.85576=6692.18390 + 1.53831 + 0.00000 + 1.65198 + 6.48164]
 recall=[0.21892, 0.49278], precision=[0.30293, 0.17483],  f1=[0.23558, 0.24244], RMRR=[0.10360, 0.15078]
Epoch 600 [3.4s]: train==[6560.43211=6550.72360 + 1.54130 + 0.00000 + 1.64404 + 6.52312]
Epoch 601 [3.4s]: train==[6495.06542=6485.35649 + 1.54524 + 0.00000 + 1.63872 + 6.52496]
Epoch 602 [3.3s]: train==[6317.79328=6308.06723 + 1.54551 + 0.00000 + 1.64146 + 6.53905]
Epoch 603 [3.4s]: train==[6506.90235=6497.22023 + 1.54511 + 0.00000 + 1.62982 + 6.50720]
Epoch 604 [3.4s]: train==[6347.44480=6337.77893 + 1.54425 + 0.00000 + 1.62557 + 6.49605]
Epoch 605 [3.4s]: train==[6407.64015=6397.97699 + 1.54583 + 0.00000 + 1.63010 + 6.48725]
Epoch 606 [3.4s]: train==[6435.78773=6426.14093 + 1.54997 + 0.00000 + 1.61821 + 6.47870]
Epoch 607 [3.4s]: train==[6577.75074=6568.09665 + 1.55258 + 0.00000 + 1.62144 + 6.48011]
Epoch 608 [3.4s]: train==[6346.22534=6336.55338 + 1.55664 + 0.00000 + 1.61063 + 6.50465]
drop_flag:  True ,	 mess_dropout:  [0.0, 0.0]
rate_batch  torch.Size([1162, 753])
gt_count  8427
candidate_count  874986
ideal candidate count  874986
Epoch 609 [3.4s + 5.7s]: train==[6335.57000=6325.93605 + 1.55499 + 0.00000 + 1.61179 + 6.46721]
 recall=[0.22445, 0.49411], precision=[0.30379, 0.17367],  f1=[0.23791, 0.24100], RMRR=[0.10464, 0.15238]
Epoch 610 [3.4s]: train==[6542.72075=6533.01520 + 1.56007 + 0.00000 + 1.61875 + 6.52670]
Epoch 611 [3.4s]: train==[6590.14951=6580.47916 + 1.55846 + 0.00000 + 1.61021 + 6.50166]
Epoch 612 [3.4s]: train==[6081.82889=6072.14275 + 1.55824 + 0.00000 + 1.60760 + 6.52032]
Epoch 613 [3.4s]: train==[6426.86502=6417.23009 + 1.55973 + 0.00000 + 1.60552 + 6.46974]
Epoch 614 [3.3s]: train==[6263.56286=6254.00328 + 1.56287 + 0.00000 + 1.60097 + 6.39573]
Epoch 615 [3.4s]: train==[6396.67617=6387.06149 + 1.56442 + 0.00000 + 1.60259 + 6.44762]
Epoch 616 [3.4s]: train==[6324.92615=6315.35696 + 1.56582 + 0.00000 + 1.59119 + 6.41220]
Epoch 617 [3.3s]: train==[6333.98030=6324.42821 + 1.56864 + 0.00000 + 1.59371 + 6.38972]
Epoch 618 [3.4s]: train==[6276.22199=6266.58144 + 1.57286 + 0.00000 + 1.60080 + 6.46685]
drop_flag:  True ,	 mess_dropout:  [0.0, 0.0]
rate_batch  torch.Size([1162, 753])
gt_count  8427
candidate_count  874986
ideal candidate count  874986
Epoch 619 [3.4s + 5.7s]: train==[6344.59923=6334.93416 + 1.57197 + 0.00000 + 1.58983 + 6.50327]
 recall=[0.22053, 0.49129], precision=[0.30516, 0.17457],  f1=[0.23742, 0.24199], RMRR=[0.10681, 0.15325]
Epoch 620 [3.3s]: train==[6347.74864=6338.08798 + 1.57417 + 0.00000 + 1.58685 + 6.49966]
Epoch 621 [3.3s]: train==[6421.73537=6412.10030 + 1.57814 + 0.00000 + 1.58467 + 6.47224]
Epoch 622 [3.3s]: train==[6074.27905=6064.62798 + 1.58219 + 0.00000 + 1.57294 + 6.49587]
Epoch 623 [3.3s]: train==[6202.09831=6192.44135 + 1.58113 + 0.00000 + 1.57467 + 6.50113]
Epoch 624 [3.3s]: train==[6228.74505=6219.10942 + 1.57874 + 0.00000 + 1.57391 + 6.48300]
Epoch 625 [3.3s]: train==[6247.75579=6238.15762 + 1.58154 + 0.00000 + 1.56617 + 6.45045]
Epoch 626 [3.3s]: train==[6525.87165=6516.29910 + 1.58138 + 0.00000 + 1.56055 + 6.43059]
Epoch 627 [3.3s]: train==[6643.26512=6633.66701 + 1.58177 + 0.00000 + 1.56030 + 6.45603]
Epoch 628 [3.3s]: train==[6377.51243=6367.97522 + 1.58506 + 0.00000 + 1.55597 + 6.39616]
drop_flag:  True ,	 mess_dropout:  [0.0, 0.0]
rate_batch  torch.Size([1162, 753])
gt_count  8427
candidate_count  874986
ideal candidate count  874986
Epoch 629 [3.3s + 5.6s]: train==[6282.53141=6273.02826 + 1.58374 + 0.00000 + 1.55580 + 6.36359]
 recall=[0.22151, 0.49413], precision=[0.29811, 0.17543],  f1=[0.23410, 0.24331], RMRR=[0.10291, 0.14948]
Epoch 630 [3.3s]: train==[6244.68238=6235.12692 + 1.58468 + 0.00000 + 1.55488 + 6.41592]
Epoch 631 [3.3s]: train==[6404.33806=6394.77962 + 1.58986 + 0.00000 + 1.55040 + 6.41826]
Epoch 632 [3.3s]: train==[6122.87508=6113.31754 + 1.58913 + 0.00000 + 1.54789 + 6.42048]
Epoch 633 [3.3s]: train==[6550.79962=6541.25301 + 1.58938 + 0.00000 + 1.54243 + 6.41480]
Epoch 634 [3.3s]: train==[6548.23893=6538.75452 + 1.59042 + 0.00000 + 1.54894 + 6.34511]
Epoch 635 [3.3s]: train==[6407.03583=6397.51965 + 1.59017 + 0.00000 + 1.55152 + 6.37445]
Epoch 636 [3.3s]: train==[6433.22262=6423.71877 + 1.59548 + 0.00000 + 1.54366 + 6.36468]
Epoch 637 [3.3s]: train==[6151.75870=6142.21199 + 1.59504 + 0.00000 + 1.53632 + 6.41533]
Epoch 638 [3.3s]: train==[6364.49679=6354.94846 + 1.59527 + 0.00000 + 1.53772 + 6.41528]
drop_flag:  True ,	 mess_dropout:  [0.0, 0.0]
rate_batch  torch.Size([1162, 753])
gt_count  8427
candidate_count  874986
ideal candidate count  874986
Epoch 639 [3.3s + 5.6s]: train==[6200.79923=6191.29854 + 1.59862 + 0.00000 + 1.53324 + 6.36881]
 recall=[0.22628, 0.49986], precision=[0.30895, 0.17814],  f1=[0.24132, 0.24672], RMRR=[0.10793, 0.15467]
Epoch 640 [3.3s]: train==[6550.60959=6541.11653 + 1.60019 + 0.00000 + 1.53185 + 6.36103]
Epoch 641 [3.3s]: train==[6497.20494=6487.68565 + 1.60382 + 0.00000 + 1.52494 + 6.39051]
Epoch 642 [3.3s]: train==[6259.46025=6249.95903 + 1.60307 + 0.00000 + 1.52159 + 6.37659]
Epoch 643 [3.3s]: train==[6486.42361=6476.90646 + 1.60878 + 0.00000 + 1.52314 + 6.38519]
Epoch 644 [3.3s]: train==[6404.70783=6395.09305 + 1.60868 + 0.00000 + 1.52880 + 6.47727]
Epoch 645 [3.3s]: train==[6388.27512=6378.65923 + 1.60833 + 0.00000 + 1.52657 + 6.48096]
Epoch 646 [3.3s]: train==[6433.15401=6423.58232 + 1.60942 + 0.00000 + 1.51856 + 6.44371]
Epoch 647 [3.3s]: train==[6406.30745=6396.77267 + 1.61182 + 0.00000 + 1.51600 + 6.40701]
Epoch 648 [3.3s]: train==[6403.52598=6393.92822 + 1.61294 + 0.00000 + 1.50357 + 6.48122]
drop_flag:  True ,	 mess_dropout:  [0.0, 0.0]
rate_batch  torch.Size([1162, 753])
gt_count  8427
candidate_count  874986
ideal candidate count  874986
Epoch 649 [3.3s + 5.6s]: train==[6553.62704=6544.12303 + 1.61418 + 0.00000 + 1.50925 + 6.38051]
 recall=[0.22062, 0.49009], precision=[0.30258, 0.17556],  f1=[0.23543, 0.24291], RMRR=[0.10331, 0.14940]
Epoch 650 [3.3s]: train==[6192.41335=6182.89372 + 1.61365 + 0.00000 + 1.51204 + 6.39390]
Epoch 651 [3.3s]: train==[6341.77344=6332.30489 + 1.61483 + 0.00000 + 1.50962 + 6.34411]
Epoch 652 [3.4s]: train==[6348.20041=6338.69676 + 1.61469 + 0.00000 + 1.50869 + 6.38025]
Epoch 653 [3.3s]: train==[6234.82296=6225.27135 + 1.61931 + 0.00000 + 1.50226 + 6.43006]
Epoch 654 [3.3s]: train==[6220.42047=6210.94055 + 1.61816 + 0.00000 + 1.50534 + 6.35641]
Epoch 655 [3.3s]: train==[6254.17542=6244.73734 + 1.61950 + 0.00000 + 1.49707 + 6.32153]
Epoch 656 [3.3s]: train==[6465.10263=6455.67664 + 1.61929 + 0.00000 + 1.49157 + 6.31513]
Epoch 657 [3.3s]: train==[6539.56429=6530.11142 + 1.62084 + 0.00000 + 1.49209 + 6.33999]
Epoch 658 [3.3s]: train==[6523.96619=6514.46991 + 1.62590 + 0.00000 + 1.48801 + 6.38237]
drop_flag:  True ,	 mess_dropout:  [0.0, 0.0]
rate_batch  torch.Size([1162, 753])
gt_count  8427
candidate_count  874986
ideal candidate count  874986
Epoch 659 [3.4s + 5.6s]: train==[6461.02300=6451.55745 + 1.62446 + 0.00000 + 1.49004 + 6.35106]
 recall=[0.22397, 0.50072], precision=[0.30998, 0.17831],  f1=[0.24062, 0.24680], RMRR=[0.10862, 0.15634]
Epoch 660 [3.3s]: train==[6303.06480=6293.58859 + 1.62630 + 0.00000 + 1.48121 + 6.36871]
Epoch 661 [3.3s]: train==[6277.91374=6268.48978 + 1.62611 + 0.00000 + 1.47903 + 6.31879]
Epoch 662 [3.3s]: train==[6232.81129=6223.34933 + 1.62947 + 0.00000 + 1.47895 + 6.35350]
Epoch 663 [3.3s]: train==[6438.01226=6428.54126 + 1.62908 + 0.00000 + 1.47520 + 6.36676]
Epoch 664 [3.3s]: train==[6453.06262=6443.62459 + 1.63060 + 0.00000 + 1.47324 + 6.33428]
Epoch 665 [3.3s]: train==[6367.60657=6358.14877 + 1.63070 + 0.00000 + 1.47358 + 6.35355]
Epoch 666 [3.3s]: train==[6477.67625=6468.25291 + 1.63261 + 0.00000 + 1.47327 + 6.31744]
Epoch 667 [3.3s]: train==[6143.91276=6134.45032 + 1.63354 + 0.00000 + 1.46986 + 6.35904]
Epoch 668 [3.3s]: train==[6283.99146=6274.62515 + 1.63635 + 0.00000 + 1.45990 + 6.27010]
drop_flag:  True ,	 mess_dropout:  [0.0, 0.0]
rate_batch  torch.Size([1162, 753])
gt_count  8427
candidate_count  874986
ideal candidate count  874986
Epoch 669 [3.3s + 5.7s]: train==[6386.49634=6377.11586 + 1.63623 + 0.00000 + 1.45935 + 6.28481]
 recall=[0.22175, 0.49300], precision=[0.30757, 0.17599],  f1=[0.23841, 0.24366], RMRR=[0.10880, 0.15515]
Epoch 670 [3.3s]: train==[6333.28951=6323.87296 + 1.63694 + 0.00000 + 1.46214 + 6.31750]
Epoch 671 [3.3s]: train==[6174.41057=6164.99156 + 1.63671 + 0.00000 + 1.45998 + 6.32228]
Epoch 672 [3.3s]: train==[6338.53072=6329.08630 + 1.64285 + 0.00000 + 1.45958 + 6.34204]
Epoch 673 [3.4s]: train==[6305.00643=6295.62535 + 1.64343 + 0.00000 + 1.45238 + 6.28529]
Epoch 674 [3.4s]: train==[6357.00178=6347.60237 + 1.64675 + 0.00000 + 1.45047 + 6.30224]
Epoch 675 [3.4s]: train==[6313.38046=6304.00558 + 1.64655 + 0.00000 + 1.44343 + 6.28488]
Epoch 676 [3.4s]: train==[6210.11187=6200.72528 + 1.64801 + 0.00000 + 1.44169 + 6.29691]
Epoch 677 [3.3s]: train==[6063.00573=6053.57161 + 1.65143 + 0.00000 + 1.44488 + 6.33784]
Epoch 678 [3.3s]: train==[6391.27179=6381.95448 + 1.64995 + 0.00000 + 1.44058 + 6.22676]
drop_flag:  True ,	 mess_dropout:  [0.0, 0.0]
rate_batch  torch.Size([1162, 753])
gt_count  8427
candidate_count  874986
ideal candidate count  874986
Epoch 679 [3.3s + 5.6s]: train==[6294.03325=6284.68500 + 1.65311 + 0.00000 + 1.43607 + 6.25909]
 recall=[0.22423, 0.50063], precision=[0.30740, 0.17771],  f1=[0.23959, 0.24628], RMRR=[0.10886, 0.15541]
Epoch 680 [3.4s]: train==[6340.41847=6330.96059 + 1.65577 + 0.00000 + 1.43867 + 6.36342]
Epoch 681 [3.3s]: train==[6415.78293=6406.36249 + 1.65555 + 0.00000 + 1.43304 + 6.33185]
Epoch 682 [3.3s]: train==[5924.80395=5915.44363 + 1.65427 + 0.00000 + 1.43042 + 6.27563]
Epoch 683 [3.3s]: train==[6076.66190=6067.32983 + 1.65358 + 0.00000 + 1.42826 + 6.25029]
Epoch 684 [3.3s]: train==[6427.98933=6418.61946 + 1.65770 + 0.00000 + 1.42422 + 6.28791]
Epoch 685 [3.3s]: train==[6271.45320=6262.08395 + 1.66233 + 0.00000 + 1.42212 + 6.28479]
Epoch 686 [3.4s]: train==[6328.73596=6319.39619 + 1.66131 + 0.00000 + 1.42232 + 6.25611]
Epoch 687 [3.3s]: train==[6327.36125=6317.99510 + 1.66201 + 0.00000 + 1.41772 + 6.28643]
Epoch 688 [3.3s]: train==[6473.37875=6464.04584 + 1.66288 + 0.00000 + 1.41970 + 6.25029]
drop_flag:  True ,	 mess_dropout:  [0.0, 0.0]
rate_batch  torch.Size([1162, 753])
gt_count  8427
candidate_count  874986
ideal candidate count  874986
Epoch 689 [3.3s + 5.7s]: train==[6339.97455=6330.61566 + 1.66819 + 0.00000 + 1.42228 + 6.26838]
 recall=[0.22433, 0.50017], precision=[0.30551, 0.17685],  f1=[0.23838, 0.24525], RMRR=[0.10425, 0.15186]
Epoch 690 [3.3s]: train==[6535.46224=6526.13618 + 1.66375 + 0.00000 + 1.41745 + 6.24495]
Epoch 691 [3.3s]: train==[6411.90762=6402.61450 + 1.66699 + 0.00000 + 1.41600 + 6.21019]
Epoch 692 [3.3s]: train==[6228.66647=6219.41402 + 1.66662 + 0.00000 + 1.41206 + 6.17382]
Epoch 693 [3.3s]: train==[6292.22579=6282.88783 + 1.67178 + 0.00000 + 1.41615 + 6.25006]
Epoch 694 [3.3s]: train==[6319.13669=6309.84209 + 1.66735 + 0.00000 + 1.40988 + 6.21733]
Epoch 695 [3.3s]: train==[6325.95419=6316.64426 + 1.67388 + 0.00000 + 1.41085 + 6.22521]
Epoch 696 [3.3s]: train==[6089.50800=6080.18085 + 1.67552 + 0.00000 + 1.40224 + 6.24942]
Epoch 697 [3.4s]: train==[6178.27800=6168.99837 + 1.67612 + 0.00000 + 1.39944 + 6.20406]
Epoch 698 [3.3s]: train==[6332.54637=6323.23335 + 1.68038 + 0.00000 + 1.39772 + 6.23486]
drop_flag:  True ,	 mess_dropout:  [0.0, 0.0]
rate_batch  torch.Size([1162, 753])
gt_count  8427
candidate_count  874986
ideal candidate count  874986
Epoch 699 [3.3s + 5.6s]: train==[6315.96595=6306.65433 + 1.67927 + 0.00000 + 1.39326 + 6.23909]
 recall=[0.22915, 0.49768], precision=[0.31015, 0.17758],  f1=[0.24285, 0.24584], RMRR=[0.11200, 0.15731]
Epoch 700 [3.4s]: train==[6235.04779=6225.73782 + 1.68043 + 0.00000 + 1.39214 + 6.23733]
Epoch 701 [3.4s]: train==[6362.92402=6353.60715 + 1.68108 + 0.00000 + 1.39309 + 6.24268]
Epoch 702 [3.3s]: train==[6212.05822=6202.77150 + 1.68340 + 0.00000 + 1.38868 + 6.21460]
Epoch 703 [3.3s]: train==[6228.47488=6219.17738 + 1.68238 + 0.00000 + 1.38614 + 6.22894]
Epoch 704 [3.3s]: train==[6460.57613=6451.28688 + 1.68538 + 0.00000 + 1.38784 + 6.21605]
Epoch 705 [3.3s]: train==[6344.00239=6334.74066 + 1.68263 + 0.00000 + 1.39091 + 6.18826]
Epoch 706 [3.3s]: train==[6457.61487=6448.32878 + 1.68605 + 0.00000 + 1.39160 + 6.20845]
Epoch 707 [3.4s]: train==[6027.56524=6018.23979 + 1.68945 + 0.00000 + 1.38675 + 6.24923]
Epoch 708 [3.4s]: train==[6328.91493=6319.62114 + 1.69210 + 0.00000 + 1.38652 + 6.21515]
drop_flag:  True ,	 mess_dropout:  [0.0, 0.0]
rate_batch  torch.Size([1162, 753])
gt_count  8427
candidate_count  874986
ideal candidate count  874986
Epoch 709 [3.3s + 5.7s]: train==[6397.64310=6388.38176 + 1.69003 + 0.00000 + 1.38548 + 6.18586]
 recall=[0.22807, 0.49915], precision=[0.31033, 0.17762],  f1=[0.24228, 0.24598], RMRR=[0.11385, 0.15987]
Epoch 710 [3.4s]: train==[6487.24839=6477.93063 + 1.69243 + 0.00000 + 1.38384 + 6.24153]
Epoch 711 [3.3s]: train==[6378.91447=6369.62904 + 1.69041 + 0.00000 + 1.38105 + 6.21400]
Epoch 712 [3.3s]: train==[6333.66111=6324.34756 + 1.69201 + 0.00000 + 1.38419 + 6.23733]
Epoch 713 [3.3s]: train==[6628.37360=6619.06706 + 1.69465 + 0.00000 + 1.37781 + 6.23409]
Epoch 714 [3.3s]: train==[6416.14762=6406.85458 + 1.69575 + 0.00000 + 1.37692 + 6.22036]
Epoch 715 [3.3s]: train==[6482.03784=6472.80748 + 1.69590 + 0.00000 + 1.37026 + 6.16421]
Epoch 716 [3.3s]: train==[6363.57711=6354.31047 + 1.70091 + 0.00000 + 1.36880 + 6.19695]
Epoch 717 [3.3s]: train==[6493.19981=6483.87360 + 1.70235 + 0.00000 + 1.36869 + 6.25521]
Epoch 718 [3.4s]: train==[6399.09804=6389.78261 + 1.70175 + 0.00000 + 1.36553 + 6.24807]
drop_flag:  True ,	 mess_dropout:  [0.0, 0.0]
rate_batch  torch.Size([1162, 753])
gt_count  8427
candidate_count  874986
ideal candidate count  874986
Epoch 719 [3.3s + 5.6s]: train==[6304.61595=6295.31580 + 1.70265 + 0.00000 + 1.36472 + 6.23276]
 recall=[0.22906, 0.50374], precision=[0.31050, 0.17844],  f1=[0.24296, 0.24734], RMRR=[0.10759, 0.15375]
Epoch 720 [3.3s]: train==[6285.58139=6276.25763 + 1.70555 + 0.00000 + 1.36557 + 6.25271]
Epoch 721 [3.3s]: train==[6385.22241=6375.92125 + 1.70382 + 0.00000 + 1.36141 + 6.23595]
Epoch 722 [3.3s]: train==[6268.33218=6259.03976 + 1.70908 + 0.00000 + 1.36274 + 6.22058]
Epoch 723 [3.3s]: train==[6310.15617=6300.80791 + 1.70848 + 0.00000 + 1.36140 + 6.27838]
Epoch 724 [3.3s]: train==[6227.49286=6218.12196 + 1.71187 + 0.00000 + 1.36135 + 6.29769]
Epoch 725 [3.3s]: train==[6457.00021=6447.72795 + 1.71111 + 0.00000 + 1.35837 + 6.20283]
Epoch 726 [3.3s]: train==[6179.30190=6170.07999 + 1.71024 + 0.00000 + 1.35256 + 6.15920]
Epoch 727 [3.3s]: train==[6336.82886=6327.62274 + 1.71171 + 0.00000 + 1.35345 + 6.14098]
Epoch 728 [3.3s]: train==[6343.72714=6334.53632 + 1.71126 + 0.00000 + 1.35157 + 6.12797]
drop_flag:  True ,	 mess_dropout:  [0.0, 0.0]
rate_batch  torch.Size([1162, 753])
gt_count  8427
candidate_count  874986
ideal candidate count  874986
Epoch 729 [3.4s + 5.6s]: train==[6504.84104=6495.53268 + 1.71509 + 0.00000 + 1.34945 + 6.24383]
 recall=[0.23172, 0.50345], precision=[0.31532, 0.17780],  f1=[0.24628, 0.24661], RMRR=[0.11148, 0.15790]
Epoch 730 [3.4s]: train==[6065.20841=6055.90991 + 1.71589 + 0.00000 + 1.34929 + 6.23331]
Epoch 731 [3.4s]: train==[6321.73077=6312.44946 + 1.71782 + 0.00000 + 1.34676 + 6.21675]
Epoch 732 [3.4s]: train==[6298.49525=6289.25908 + 1.72056 + 0.00000 + 1.34523 + 6.17033]
Epoch 733 [3.4s]: train==[6235.48746=6226.25731 + 1.71707 + 0.00000 + 1.34110 + 6.17199]
Epoch 734 [3.4s]: train==[6544.40577=6535.19749 + 1.72123 + 0.00000 + 1.34064 + 6.14631]
Epoch 735 [3.3s]: train==[6527.78735=6518.65759 + 1.71696 + 0.00000 + 1.33926 + 6.07353]
Epoch 736 [3.3s]: train==[6133.49371=6124.29643 + 1.72116 + 0.00000 + 1.33643 + 6.13972]
Epoch 737 [3.3s]: train==[6279.51715=6270.33238 + 1.72310 + 0.00000 + 1.33807 + 6.12365]
Epoch 738 [3.3s]: train==[6259.54282=6250.36296 + 1.72352 + 0.00000 + 1.33299 + 6.12340]
drop_flag:  True ,	 mess_dropout:  [0.0, 0.0]
rate_batch  torch.Size([1162, 753])
gt_count  8427
candidate_count  874986
ideal candidate count  874986
Epoch 739 [3.3s + 5.6s]: train==[6400.79853=6391.59525 + 1.72258 + 0.00000 + 1.33169 + 6.14903]
 recall=[0.23120, 0.49938], precision=[0.31050, 0.17762],  f1=[0.24388, 0.24629], RMRR=[0.10938, 0.15640]
Epoch 740 [3.3s]: train==[6425.80019=6416.60204 + 1.72639 + 0.00000 + 1.32996 + 6.14181]
Epoch 741 [3.3s]: train==[6129.71492=6120.47021 + 1.72774 + 0.00000 + 1.33114 + 6.18587]
Epoch 742 [3.3s]: train==[6216.38883=6207.09163 + 1.72978 + 0.00000 + 1.33135 + 6.23605]
Epoch 743 [3.4s]: train==[6506.80362=6497.59196 + 1.72808 + 0.00000 + 1.32873 + 6.15489]
Epoch 744 [3.3s]: train==[6363.70919=6354.46890 + 1.72820 + 0.00000 + 1.32973 + 6.18238]
Epoch 745 [3.3s]: train==[6496.34423=6487.07759 + 1.72911 + 0.00000 + 1.32641 + 6.21113]
Epoch 746 [3.3s]: train==[6359.98448=6350.77838 + 1.72753 + 0.00000 + 1.32469 + 6.15394]
Epoch 747 [3.3s]: train==[6414.48783=6405.28014 + 1.73118 + 0.00000 + 1.32259 + 6.15389]
Epoch 748 [3.3s]: train==[6357.13072=6347.82216 + 1.72928 + 0.00000 + 1.31847 + 6.26077]
drop_flag:  True ,	 mess_dropout:  [0.0, 0.0]
rate_batch  torch.Size([1162, 753])
gt_count  8427
candidate_count  874986
ideal candidate count  874986
Epoch 749 [3.3s + 5.6s]: train==[6225.39512=6216.15651 + 1.73452 + 0.00000 + 1.31713 + 6.18689]
 recall=[0.22429, 0.50014], precision=[0.30706, 0.17784],  f1=[0.23946, 0.24639], RMRR=[0.10989, 0.15704]
Epoch 750 [3.3s]: train==[6187.85699=6178.60368 + 1.73474 + 0.00000 + 1.32234 + 6.19617]
Epoch 751 [3.3s]: train==[6395.69277=6386.47754 + 1.73660 + 0.00000 + 1.31316 + 6.16550]
Epoch 752 [3.4s]: train==[6498.23817=6489.03581 + 1.73920 + 0.00000 + 1.31288 + 6.15029]
Epoch 753 [3.3s]: train==[6314.64780=6305.43599 + 1.73993 + 0.00000 + 1.31294 + 6.15894]
Epoch 754 [3.3s]: train==[6200.32867=6191.04266 + 1.74114 + 0.00000 + 1.30970 + 6.23515]
Epoch 755 [3.3s]: train==[6191.73839=6182.44118 + 1.74654 + 0.00000 + 1.31248 + 6.23814]
Epoch 756 [3.3s]: train==[6215.59002=6206.31834 + 1.74262 + 0.00000 + 1.31557 + 6.21351]
Epoch 757 [3.3s]: train==[6193.27620=6184.02843 + 1.74248 + 0.00000 + 1.30575 + 6.19950]
Epoch 758 [3.3s]: train==[6150.99371=6141.77760 + 1.74636 + 0.00000 + 1.30290 + 6.16682]
drop_flag:  True ,	 mess_dropout:  [0.0, 0.0]
rate_batch  torch.Size([1162, 753])
gt_count  8427
candidate_count  874986
ideal candidate count  874986
Epoch 759 [3.3s + 5.6s]: train==[6344.15292=6334.97383 + 1.74926 + 0.00000 + 1.30162 + 6.12821]
 recall=[0.23087, 0.50352], precision=[0.31291, 0.17870],  f1=[0.24467, 0.24756], RMRR=[0.11250, 0.15934]
Epoch 760 [3.2s]: train==[6194.63647=6185.46667 + 1.74741 + 0.00000 + 1.29934 + 6.12300]
Epoch 761 [3.3s]: train==[6283.20267=6273.99200 + 1.74968 + 0.00000 + 1.29920 + 6.16180]
Epoch 762 [3.2s]: train==[6260.18290=6250.98819 + 1.75074 + 0.00000 + 1.29893 + 6.14501]
Epoch 763 [3.2s]: train==[6220.04447=6210.89041 + 1.74918 + 0.00000 + 1.29741 + 6.10747]
Epoch 764 [3.3s]: train==[6302.13266=6292.96120 + 1.75034 + 0.00000 + 1.29268 + 6.12839]
Epoch 765 [3.2s]: train==[6492.56147=6483.43452 + 1.75454 + 0.00000 + 1.29383 + 6.07858]
Epoch 766 [3.2s]: train==[6097.25072=6088.08659 + 1.75334 + 0.00000 + 1.29313 + 6.11769]
Epoch 767 [3.2s]: train==[6265.37598=6256.18895 + 1.75318 + 0.00000 + 1.28797 + 6.14591]
Epoch 768 [3.3s]: train==[6134.74736=6125.53133 + 1.75714 + 0.00000 + 1.29812 + 6.16081]
drop_flag:  True ,	 mess_dropout:  [0.0, 0.0]
rate_batch  torch.Size([1162, 753])
gt_count  8427
candidate_count  874986
ideal candidate count  874986
Epoch 769 [3.2s + 5.6s]: train==[6264.41870=6255.28841 + 1.75869 + 0.00000 + 1.28473 + 6.08690]
 recall=[0.23252, 0.49252], precision=[0.31411, 0.17664],  f1=[0.24616, 0.24420], RMRR=[0.11468, 0.15859]
Epoch 770 [3.3s]: train==[6117.19057=6107.99428 + 1.76162 + 0.00000 + 1.28720 + 6.14744]
Epoch 771 [3.2s]: train==[6369.06578=6359.85283 + 1.75806 + 0.00000 + 1.28263 + 6.17227]
Epoch 772 [3.2s]: train==[6447.88966=6438.69312 + 1.76063 + 0.00000 + 1.28466 + 6.15122]
Epoch 773 [3.2s]: train==[6194.93533=6185.74185 + 1.76012 + 0.00000 + 1.28215 + 6.15116]
Epoch 774 [3.3s]: train==[6322.57417=6313.43073 + 1.76210 + 0.00000 + 1.28208 + 6.09923]
Epoch 775 [3.2s]: train==[6338.36887=6329.24306 + 1.76321 + 0.00000 + 1.27980 + 6.08282]
Epoch 776 [3.2s]: train==[6461.93642=6452.82935 + 1.76356 + 0.00000 + 1.27915 + 6.06437]
Epoch 777 [3.3s]: train==[6493.32901=6484.19943 + 1.76201 + 0.00000 + 1.27822 + 6.08931]
Epoch 778 [3.3s]: train==[6282.78197=6273.69528 + 1.76663 + 0.00000 + 1.27760 + 6.04245]
drop_flag:  True ,	 mess_dropout:  [0.0, 0.0]
rate_batch  torch.Size([1162, 753])
gt_count  8427
candidate_count  874986
ideal candidate count  874986
Epoch 779 [3.2s + 5.6s]: train==[6355.83114=6346.72481 + 1.76726 + 0.00000 + 1.27710 + 6.06189]
 recall=[0.23061, 0.50402], precision=[0.31256, 0.17956],  f1=[0.24455, 0.24842], RMRR=[0.11026, 0.15747]
Epoch 780 [3.3s]: train==[6284.37860=6275.23935 + 1.76683 + 0.00000 + 1.27577 + 6.09662]
Epoch 781 [3.3s]: train==[6476.04736=6466.94263 + 1.76673 + 0.00000 + 1.27131 + 6.06666]
Epoch 782 [3.3s]: train==[6010.17260=6001.04900 + 1.76591 + 0.00000 + 1.26971 + 6.08798]
Epoch 783 [3.3s]: train==[6185.99668=6176.83296 + 1.76945 + 0.00000 + 1.27170 + 6.12261]
Epoch 784 [3.2s]: train==[6336.88946=6327.71802 + 1.76971 + 0.00000 + 1.27625 + 6.12554]
Epoch 785 [3.2s]: train==[6302.26623=6293.15182 + 1.77212 + 0.00000 + 1.26696 + 6.07539]
Epoch 786 [3.2s]: train==[6227.61503=6218.47208 + 1.77472 + 0.00000 + 1.26642 + 6.10185]
Epoch 787 [3.3s]: train==[6122.60825=6113.43529 + 1.77598 + 0.00000 + 1.26819 + 6.12874]
Epoch 788 [3.2s]: train==[6183.66727=6174.53864 + 1.77744 + 0.00000 + 1.26147 + 6.08976]
drop_flag:  True ,	 mess_dropout:  [0.0, 0.0]
rate_batch  torch.Size([1162, 753])
gt_count  8427
candidate_count  874986
ideal candidate count  874986
Epoch 789 [3.3s + 5.6s]: train==[6215.08580=6205.93805 + 1.77969 + 0.00000 + 1.26265 + 6.10543]
 recall=[0.22724, 0.50605], precision=[0.31084, 0.18016],  f1=[0.24201, 0.24951], RMRR=[0.10487, 0.15181]
Epoch 790 [3.3s]: train==[6267.00718=6257.86813 + 1.77923 + 0.00000 + 1.26601 + 6.09379]
Epoch 791 [3.3s]: train==[6401.41829=6392.27905 + 1.78070 + 0.00000 + 1.25714 + 6.10141]
Epoch 792 [3.3s]: train==[6189.06715=6179.94893 + 1.77706 + 0.00000 + 1.25818 + 6.08293]
Epoch 793 [3.3s]: train==[6503.07629=6493.93961 + 1.78284 + 0.00000 + 1.25389 + 6.09993]
Epoch 794 [3.3s]: train==[6384.00655=6374.81075 + 1.78228 + 0.00000 + 1.25603 + 6.15757]
Epoch 795 [3.3s]: train==[6320.86211=6311.57466 + 1.78651 + 0.00000 + 1.26108 + 6.23987]
Epoch 796 [3.3s]: train==[6355.43734=6346.10973 + 1.78745 + 0.00000 + 1.26698 + 6.27327]
Epoch 797 [3.3s]: train==[6167.54091=6158.20360 + 1.78219 + 0.00000 + 1.27092 + 6.28418]
Epoch 798 [3.2s]: train==[6308.09557=6298.86987 + 1.78324 + 0.00000 + 1.26434 + 6.17814]
drop_flag:  True ,	 mess_dropout:  [0.0, 0.0]
rate_batch  torch.Size([1162, 753])
gt_count  8427
candidate_count  874986
ideal candidate count  874986
Epoch 799 [3.3s + 5.6s]: train==[6412.53410=6403.35062 + 1.78374 + 0.00000 + 1.26405 + 6.13567]
 recall=[0.22699, 0.49912], precision=[0.31222, 0.17827],  f1=[0.24249, 0.24649], RMRR=[0.10781, 0.15531]
Epoch 800 [3.3s]: train==[6285.77555=6276.62653 + 1.78327 + 0.00000 + 1.25732 + 6.10841]
Epoch 801 [3.3s]: train==[6246.22065=6237.01863 + 1.78858 + 0.00000 + 1.25703 + 6.15644]
Epoch 802 [3.3s]: train==[6091.23117=6082.03621 + 1.78807 + 0.00000 + 1.26250 + 6.14442]
Epoch 803 [3.3s]: train==[6208.16263=6199.05644 + 1.79010 + 0.00000 + 1.25616 + 6.05995]
Epoch 804 [3.3s]: train==[6097.23470=6088.10826 + 1.78982 + 0.00000 + 1.25249 + 6.08412]
Epoch 805 [3.3s]: train==[6367.54350=6358.48943 + 1.78739 + 0.00000 + 1.24475 + 6.02196]
Epoch 806 [3.3s]: train==[6111.80265=6102.73701 + 1.79073 + 0.00000 + 1.24530 + 6.02959]
Epoch 807 [3.3s]: train==[6120.56636=6111.48776 + 1.79059 + 0.00000 + 1.24582 + 6.04224]
Epoch 808 [3.3s]: train==[6195.43500=6186.35748 + 1.79271 + 0.00000 + 1.24736 + 6.03743]
drop_flag:  True ,	 mess_dropout:  [0.0, 0.0]
rate_batch  torch.Size([1162, 753])
gt_count  8427
candidate_count  874986
ideal candidate count  874986
Epoch 809 [3.2s + 5.6s]: train==[6123.10919=6114.05370 + 1.79480 + 0.00000 + 1.24214 + 6.01859]
 recall=[0.22959, 0.49990], precision=[0.31429, 0.17810],  f1=[0.24461, 0.24654], RMRR=[0.11022, 0.15665]
Epoch 810 [3.3s]: train==[6367.26987=6358.22905 + 1.79351 + 0.00000 + 1.24153 + 6.00585]
Epoch 811 [3.2s]: train==[6423.22036=6414.11650 + 1.79689 + 0.00000 + 1.24316 + 6.06376]
Epoch 812 [3.2s]: train==[6327.32449=6318.17169 + 1.80034 + 0.00000 + 1.24324 + 6.10916]
Epoch 813 [3.3s]: train==[6315.00853=6305.91362 + 1.80128 + 0.00000 + 1.23949 + 6.05406]
Epoch 814 [3.2s]: train==[6295.99980=6286.90025 + 1.80170 + 0.00000 + 1.23430 + 6.06353]
Epoch 815 [3.2s]: train==[6196.43227=6187.35509 + 1.80214 + 0.00000 + 1.23336 + 6.04172]
Epoch 816 [3.3s]: train==[6406.32137=6397.23882 + 1.80341 + 0.00000 + 1.23441 + 6.04472]
Epoch 817 [3.2s]: train==[6151.92985=6142.87288 + 1.80510 + 0.00000 + 1.23136 + 6.02057]
Epoch 818 [3.3s]: train==[6473.10335=6463.95715 + 1.80499 + 0.00000 + 1.22909 + 6.11210]
drop_flag:  True ,	 mess_dropout:  [0.0, 0.0]
rate_batch  torch.Size([1162, 753])
gt_count  8427
candidate_count  874986
ideal candidate count  874986
Epoch 819 [3.2s + 5.6s]: train==[6167.26603=6158.16063 + 1.80674 + 0.00000 + 1.22742 + 6.07121]
 recall=[0.23221, 0.50227], precision=[0.31773, 0.17788],  f1=[0.24731, 0.24677], RMRR=[0.11368, 0.15943]
Epoch 820 [3.3s]: train==[6235.89427=6226.79897 + 1.80551 + 0.00000 + 1.22818 + 6.06165]
Epoch 821 [3.2s]: train==[6420.78177=6411.67456 + 1.80778 + 0.00000 + 1.22696 + 6.07246]
Epoch 822 [3.2s]: train==[6299.48559=6290.39333 + 1.80876 + 0.00000 + 1.22582 + 6.05769]
Epoch 823 [3.2s]: train==[6202.96694=6193.93060 + 1.81145 + 0.00000 + 1.22429 + 6.00062]
Epoch 824 [3.2s]: train==[6133.33246=6124.29707 + 1.81265 + 0.00000 + 1.22510 + 5.99764]
Epoch 825 [3.2s]: train==[6241.56708=6232.56718 + 1.81196 + 0.00000 + 1.22130 + 5.96671]
Epoch 826 [3.2s]: train==[6305.60049=6296.62825 + 1.81286 + 0.00000 + 1.22231 + 5.93701]
Epoch 827 [3.2s]: train==[6420.19845=6411.18501 + 1.81110 + 0.00000 + 1.22042 + 5.98194]
Epoch 828 [3.3s]: train==[6192.16054=6183.12254 + 1.81461 + 0.00000 + 1.21821 + 6.00511]
drop_flag:  True ,	 mess_dropout:  [0.0, 0.0]
rate_batch  torch.Size([1162, 753])
gt_count  8427
candidate_count  874986
ideal candidate count  874986
Epoch 829 [3.2s + 5.6s]: train==[6268.15666=6259.11281 + 1.81810 + 0.00000 + 1.21608 + 6.00966]
 recall=[0.22878, 0.50281], precision=[0.31394, 0.17922],  f1=[0.24433, 0.24790], RMRR=[0.11014, 0.15779]
Epoch 830 [3.3s]: train==[6153.46476=6144.42596 + 1.81699 + 0.00000 + 1.21498 + 6.00685]
Epoch 831 [3.3s]: train==[6229.84179=6220.79803 + 1.81886 + 0.00000 + 1.21238 + 6.01251]
Epoch 832 [3.4s]: train==[6295.88238=6286.85579 + 1.81787 + 0.00000 + 1.21379 + 5.99499]
Epoch 833 [3.4s]: train==[6256.44708=6247.38872 + 1.81960 + 0.00000 + 1.21393 + 6.02485]
Epoch 834 [3.3s]: train==[6279.72160=6270.66989 + 1.82275 + 0.00000 + 1.22045 + 6.00849]
Epoch 835 [3.3s]: train==[6060.72251=6051.63980 + 1.82418 + 0.00000 + 1.21763 + 6.04090]
Epoch 836 [3.3s]: train==[6362.79792=6353.75249 + 1.82215 + 0.00000 + 1.21527 + 6.00802]
Epoch 837 [3.3s]: train==[6412.85540=6403.79079 + 1.82419 + 0.00000 + 1.21523 + 6.02517]
Epoch 838 [3.3s]: train==[6445.44036=6436.38101 + 1.82706 + 0.00000 + 1.21129 + 6.02102]
drop_flag:  True ,	 mess_dropout:  [0.0, 0.0]
rate_batch  torch.Size([1162, 753])
gt_count  8427
candidate_count  874986
ideal candidate count  874986
Epoch 839 [3.3s + 5.6s]: train==[6339.27808=6330.22043 + 1.82772 + 0.00000 + 1.20788 + 6.02210]
 recall=[0.22593, 0.50539], precision=[0.30775, 0.17917],  f1=[0.24032, 0.24820], RMRR=[0.10843, 0.15692]
Epoch 840 [3.3s]: train==[6149.23736=6140.17490 + 1.82722 + 0.00000 + 1.20762 + 6.02762]
Epoch 841 [3.3s]: train==[6340.46226=6331.42380 + 1.82857 + 0.00000 + 1.20502 + 6.00487]
Epoch 842 [3.3s]: train==[6457.20064=6448.17575 + 1.82952 + 0.00000 + 1.20526 + 5.99015]
Epoch 843 [3.3s]: train==[6003.81373=5994.78340 + 1.82980 + 0.00000 + 1.20374 + 5.99680]
Epoch 844 [3.3s]: train==[6228.71816=6219.73297 + 1.83198 + 0.00000 + 1.19865 + 5.95458]
Epoch 845 [3.3s]: train==[6166.13251=6157.09038 + 1.83575 + 0.00000 + 1.20611 + 6.00031]
Epoch 846 [3.3s]: train==[6438.68981=6429.66402 + 1.83598 + 0.00000 + 1.20175 + 5.98819]
Epoch 847 [3.3s]: train==[6301.26781=6292.18735 + 1.83768 + 0.00000 + 1.20645 + 6.03633]
Epoch 848 [3.3s]: train==[6145.06063=6136.00137 + 1.83929 + 0.00000 + 1.20217 + 6.01781]
drop_flag:  True ,	 mess_dropout:  [0.0, 0.0]
rate_batch  torch.Size([1162, 753])
gt_count  8427
candidate_count  874986
ideal candidate count  874986
Epoch 849 [3.3s + 5.6s]: train==[6487.57783=6478.55807 + 1.83702 + 0.00000 + 1.20037 + 5.98237]
 recall=[0.22787, 0.50459], precision=[0.31256, 0.17909],  f1=[0.24330, 0.24834], RMRR=[0.11003, 0.15674]
Epoch 850 [3.3s]: train==[6136.34387=6127.31728 + 1.83836 + 0.00000 + 1.20152 + 5.98673]
Epoch 851 [3.3s]: train==[6399.01559=6389.96638 + 1.84130 + 0.00000 + 1.19972 + 6.00816]
Epoch 852 [3.3s]: train==[6333.93166=6324.88699 + 1.83961 + 0.00000 + 1.19743 + 6.00769]
Epoch 853 [3.3s]: train==[6412.86933=6403.83997 + 1.84041 + 0.00000 + 1.19576 + 5.99321]
Epoch 854 [3.3s]: train==[6249.96573=6240.96432 + 1.84200 + 0.00000 + 1.19597 + 5.96343]
Epoch 855 [3.3s]: train==[6318.76645=6309.78799 + 1.84168 + 0.00000 + 1.19419 + 5.94252]
Epoch 856 [3.3s]: train==[6197.13670=6188.07999 + 1.84387 + 0.00000 + 1.19458 + 6.01823]
Epoch 857 [3.3s]: train==[6106.32250=6097.27661 + 1.84431 + 0.00000 + 1.19409 + 6.00744]
Epoch 858 [3.3s]: train==[6227.89699=6218.82646 + 1.84480 + 0.00000 + 1.19711 + 6.02867]
drop_flag:  True ,	 mess_dropout:  [0.0, 0.0]
rate_batch  torch.Size([1162, 753])
gt_count  8427
candidate_count  874986
ideal candidate count  874986
Epoch 859 [3.3s + 5.6s]: train==[6159.04111=6149.97850 + 1.84853 + 0.00000 + 1.19413 + 6.02000]
 recall=[0.22907, 0.49594], precision=[0.31188, 0.17685],  f1=[0.24372, 0.24483], RMRR=[0.10883, 0.15581]
Epoch 860 [3.3s]: train==[6065.17594=6056.16754 + 1.85172 + 0.00000 + 1.19481 + 5.96190]
Epoch 861 [3.3s]: train==[6149.76040=6140.70419 + 1.84711 + 0.00000 + 1.19172 + 6.01746]
Epoch 862 [3.3s]: train==[6178.73864=6169.70862 + 1.85005 + 0.00000 + 1.19274 + 5.98729]
Epoch 863 [3.3s]: train==[6232.60895=6223.56509 + 1.85187 + 0.00000 + 1.19096 + 6.00105]
Epoch 864 [3.3s]: train==[6252.54211=6243.54811 + 1.85392 + 0.00000 + 1.18826 + 5.95184]
Epoch 865 [3.3s]: train==[6197.58850=6188.56407 + 1.85363 + 0.00000 + 1.19010 + 5.98067]
Epoch 866 [3.3s]: train==[6416.79403=6407.76151 + 1.85593 + 0.00000 + 1.18816 + 5.98843]
Epoch 867 [3.3s]: train==[6286.86250=6277.83215 + 1.85511 + 0.00000 + 1.18753 + 5.98772]
Epoch 868 [3.3s]: train==[6264.30696=6255.31366 + 1.85345 + 0.00000 + 1.18444 + 5.95547]
drop_flag:  True ,	 mess_dropout:  [0.0, 0.0]
rate_batch  torch.Size([1162, 753])
gt_count  8427
candidate_count  874986
ideal candidate count  874986
Epoch 869 [3.3s + 5.6s]: train==[6287.59758=6278.55296 + 1.85928 + 0.00000 + 1.18083 + 6.00447]
 recall=[0.23317, 0.50100], precision=[0.31601, 0.17909],  f1=[0.24751, 0.24775], RMRR=[0.11422, 0.15978]
Epoch 870 [3.3s]: train==[6022.99063=6013.94983 + 1.85732 + 0.00000 + 1.18344 + 6.00001]
Epoch 871 [3.3s]: train==[6271.36259=6262.35646 + 1.85640 + 0.00000 + 1.18231 + 5.96739]
Epoch 872 [3.3s]: train==[6286.94858=6277.96373 + 1.85772 + 0.00000 + 1.18040 + 5.94669]
Epoch 873 [3.3s]: train==[6027.02218=6017.92789 + 1.85913 + 0.00000 + 1.18090 + 6.05426]
Epoch 874 [3.3s]: train==[6017.26468=6008.21338 + 1.86175 + 0.00000 + 1.18308 + 6.00646]
Epoch 875 [3.3s]: train==[6074.20611=6065.16280 + 1.85800 + 0.00000 + 1.17841 + 6.00697]
Epoch 876 [3.3s]: train==[5969.70045=5960.65657 + 1.86053 + 0.00000 + 1.17700 + 6.00635]
Epoch 877 [3.3s]: train==[6152.26988=6143.29607 + 1.86322 + 0.00000 + 1.17441 + 5.93620]
Epoch 878 [3.3s]: train==[6368.72086=6359.73738 + 1.86738 + 0.00000 + 1.17514 + 5.94092]
drop_flag:  True ,	 mess_dropout:  [0.0, 0.0]
rate_batch  torch.Size([1162, 753])
gt_count  8427
candidate_count  874986
ideal candidate count  874986
Epoch 879 [3.3s + 5.6s]: train==[6390.40556=6381.41963 + 1.86368 + 0.00000 + 1.17408 + 5.94815]
 recall=[0.23086, 0.50567], precision=[0.31635, 0.18012],  f1=[0.24624, 0.24924], RMRR=[0.11325, 0.16097]
Epoch 880 [3.3s]: train==[6243.08813=6234.05089 + 1.86709 + 0.00000 + 1.17365 + 5.99654]
Epoch 881 [3.3s]: train==[6010.50414=6001.51404 + 1.86878 + 0.00000 + 1.17102 + 5.95035]
Epoch 882 [3.3s]: train==[6302.92380=6293.93213 + 1.86727 + 0.00000 + 1.17131 + 5.95310]
Epoch 883 [3.3s]: train==[6390.13003=6381.15880 + 1.86685 + 0.00000 + 1.17065 + 5.93374]
Epoch 884 [3.3s]: train==[6430.22551=6421.24768 + 1.87270 + 0.00000 + 1.16874 + 5.93636]
Epoch 885 [3.3s]: train==[6120.74571=6111.79424 + 1.87006 + 0.00000 + 1.16657 + 5.91484]
Epoch 886 [3.3s]: train==[6181.23501=6172.23280 + 1.87377 + 0.00000 + 1.16888 + 5.95951]
Epoch 887 [3.3s]: train==[6271.04530=6262.06326 + 1.87030 + 0.00000 + 1.16489 + 5.94678]
Epoch 888 [3.3s]: train==[6236.80682=6227.85339 + 1.87428 + 0.00000 + 1.16581 + 5.91332]
drop_flag:  True ,	 mess_dropout:  [0.0, 0.0]
rate_batch  torch.Size([1162, 753])
gt_count  8427
candidate_count  874986
ideal candidate count  874986
Epoch 889 [3.3s + 5.6s]: train==[6210.44811=6201.43799 + 1.87439 + 0.00000 + 1.16963 + 5.96616]
 recall=[0.23303, 0.50690], precision=[0.31497, 0.17986],  f1=[0.24687, 0.24936], RMRR=[0.11320, 0.16193]
Epoch 890 [3.3s]: train==[6172.79196=6163.77292 + 1.87274 + 0.00000 + 1.16482 + 5.98143]
Epoch 891 [3.3s]: train==[6238.13733=6229.11577 + 1.87554 + 0.00000 + 1.16468 + 5.98138]
Epoch 892 [3.3s]: train==[6153.98639=6144.99536 + 1.87522 + 0.00000 + 1.16270 + 5.95311]
Epoch 893 [3.3s]: train==[6235.26204=6226.26965 + 1.87576 + 0.00000 + 1.15927 + 5.95734]
Epoch 894 [3.3s]: train==[6189.02315=6180.10931 + 1.87820 + 0.00000 + 1.15953 + 5.87613]
Epoch 895 [3.3s]: train==[6336.16858=6327.17538 + 1.88152 + 0.00000 + 1.15908 + 5.95268]
Epoch 896 [3.3s]: train==[6315.69684=6306.80028 + 1.87863 + 0.00000 + 1.15602 + 5.86196]
Epoch 897 [3.3s]: train==[6297.39484=6288.46492 + 1.87866 + 0.00000 + 1.15623 + 5.89507]
Epoch 898 [3.3s]: train==[6172.39235=6163.50734 + 1.88526 + 0.00000 + 1.15830 + 5.84148]
drop_flag:  True ,	 mess_dropout:  [0.0, 0.0]
rate_batch  torch.Size([1162, 753])
gt_count  8427
candidate_count  874986
ideal candidate count  874986
Epoch 899 [3.3s + 5.6s]: train==[6089.22369=6080.29291 + 1.88280 + 0.00000 + 1.15453 + 5.89347]
 recall=[0.23125, 0.50305], precision=[0.31360, 0.17913],  f1=[0.24531, 0.24795], RMRR=[0.11288, 0.16109]
Epoch 900 [3.3s]: train==[6326.55803=6317.61160 + 1.88416 + 0.00000 + 1.15328 + 5.90904]
Epoch 901 [3.3s]: train==[6014.31045=6005.39311 + 1.88446 + 0.00000 + 1.15298 + 5.87988]
Epoch 902 [3.3s]: train==[6209.35361=6200.42628 + 1.88548 + 0.00000 + 1.15471 + 5.88713]
Epoch 903 [3.3s]: train==[6250.86679=6241.98772 + 1.88645 + 0.00000 + 1.14845 + 5.84416]
Epoch 904 [3.3s]: train==[6245.04439=6236.12862 + 1.88493 + 0.00000 + 1.14810 + 5.88278]
Epoch 905 [3.3s]: train==[6137.69014=6128.80910 + 1.88576 + 0.00000 + 1.14474 + 5.85055]
Epoch 906 [3.3s]: train==[5984.93127=5976.03703 + 1.88707 + 0.00000 + 1.14479 + 5.86237]
Epoch 907 [3.3s]: train==[6271.96074=6263.09868 + 1.88832 + 0.00000 + 1.14597 + 5.82776]
Epoch 908 [3.3s]: train==[6424.49396=6415.58434 + 1.88922 + 0.00000 + 1.14143 + 5.87899]
drop_flag:  True ,	 mess_dropout:  [0.0, 0.0]
rate_batch  torch.Size([1162, 753])
gt_count  8427
candidate_count  874986
ideal candidate count  874986
Epoch 909 [3.3s + 5.6s]: train==[6153.64805=6144.72908 + 1.89187 + 0.00000 + 1.14671 + 5.88042]
 recall=[0.22952, 0.50708], precision=[0.31222, 0.18008],  f1=[0.24370, 0.24951], RMRR=[0.11123, 0.16031]
Epoch 910 [3.3s]: train==[6177.93884=6169.01863 + 1.89317 + 0.00000 + 1.14452 + 5.88251]
Epoch 911 [3.3s]: train==[6346.73174=6337.81076 + 1.89440 + 0.00000 + 1.14300 + 5.88360]
Epoch 912 [3.3s]: train==[6033.11490=6024.17216 + 1.89894 + 0.00000 + 1.14212 + 5.90173]
Epoch 913 [3.3s]: train==[6022.66999=6013.74757 + 1.89605 + 0.00000 + 1.14255 + 5.88380]
Epoch 914 [3.3s]: train==[6103.19996=6094.28250 + 1.89726 + 0.00000 + 1.14362 + 5.87654]
Epoch 915 [3.4s]: train==[6252.10358=6243.18417 + 1.89652 + 0.00000 + 1.13990 + 5.88299]
Epoch 916 [3.3s]: train==[6232.92713=6223.99669 + 1.89648 + 0.00000 + 1.13725 + 5.89671]
Epoch 917 [3.3s]: train==[6442.57404=6433.64923 + 1.89682 + 0.00000 + 1.13736 + 5.89058]
Epoch 918 [3.3s]: train==[6290.39548=6281.52226 + 1.89411 + 0.00000 + 1.13682 + 5.84229]
drop_flag:  True ,	 mess_dropout:  [0.0, 0.0]
rate_batch  torch.Size([1162, 753])
gt_count  8427
candidate_count  874986
ideal candidate count  874986
Epoch 919 [3.3s + 5.6s]: train==[6130.59639=6121.67314 + 1.89569 + 0.00000 + 1.13831 + 5.88927]
 recall=[0.22623, 0.50793], precision=[0.31222, 0.17969],  f1=[0.24240, 0.24916], RMRR=[0.10846, 0.15774]
Epoch 920 [3.3s]: train==[6326.64099=6317.77652 + 1.89826 + 0.00000 + 1.13513 + 5.83107]
Epoch 921 [3.3s]: train==[6477.54540=6468.62140 + 1.90124 + 0.00000 + 1.13733 + 5.88547]
Epoch 922 [3.3s]: train==[6132.63657=6123.71114 + 1.90163 + 0.00000 + 1.13808 + 5.88570]
Epoch 923 [3.3s]: train==[6258.23690=6249.34393 + 1.89946 + 0.00000 + 1.13506 + 5.85842]
Epoch 924 [3.3s]: train==[6140.42729=6131.50282 + 1.90520 + 0.00000 + 1.13665 + 5.88263]
Epoch 925 [3.3s]: train==[6132.88619=6123.97340 + 1.90940 + 0.00000 + 1.13430 + 5.86911]
Epoch 926 [3.3s]: train==[6212.79771=6203.89291 + 1.90771 + 0.00000 + 1.13215 + 5.86494]
Epoch 927 [3.3s]: train==[5923.27191=5914.39018 + 1.90879 + 0.00000 + 1.13143 + 5.84154]
Epoch 928 [3.3s]: train==[6177.30939=6168.47997 + 1.90598 + 0.00000 + 1.12972 + 5.79372]
drop_flag:  True ,	 mess_dropout:  [0.0, 0.0]
rate_batch  torch.Size([1162, 753])
gt_count  8427
candidate_count  874986
ideal candidate count  874986
Epoch 929 [3.3s + 5.6s]: train==[6072.90106=6064.03743 + 1.90654 + 0.00000 + 1.12679 + 5.83037]
 recall=[0.22032, 0.50381], precision=[0.30671, 0.18003],  f1=[0.23654, 0.24889], RMRR=[0.10105, 0.15089]
Epoch 930 [3.3s]: train==[6188.51876=6179.60469 + 1.90883 + 0.00000 + 1.12662 + 5.87860]
Epoch 931 [3.3s]: train==[6189.13119=6180.24544 + 1.90636 + 0.00000 + 1.12902 + 5.85036]
Epoch 932 [3.3s]: train==[6204.09482=6195.20740 + 1.90755 + 0.00000 + 1.12402 + 5.85582]
Epoch 933 [3.3s]: train==[5994.95516=5986.09187 + 1.90983 + 0.00000 + 1.12421 + 5.82923]
Epoch 934 [3.3s]: train==[5983.84606=5975.01027 + 1.90998 + 0.00000 + 1.12409 + 5.80170]
Epoch 935 [3.3s]: train==[6140.65901=6131.82707 + 1.91197 + 0.00000 + 1.12467 + 5.79533]
Epoch 936 [3.3s]: train==[6015.31957=6006.47557 + 1.91176 + 0.00000 + 1.12604 + 5.80624]
Epoch 937 [3.3s]: train==[6066.18820=6057.38057 + 1.91337 + 0.00000 + 1.12213 + 5.77214]
Epoch 938 [3.3s]: train==[6174.27928=6165.47488 + 1.91032 + 0.00000 + 1.12168 + 5.77238]
drop_flag:  True ,	 mess_dropout:  [0.0, 0.0]
rate_batch  torch.Size([1162, 753])
gt_count  8427
candidate_count  874986
ideal candidate count  874986
Epoch 939 [3.3s + 5.6s]: train==[6077.49165=6068.64664 + 1.91637 + 0.00000 + 1.11923 + 5.80948]
 recall=[0.23060, 0.50115], precision=[0.31721, 0.17999],  f1=[0.24621, 0.24879], RMRR=[0.11355, 0.16165]
Epoch 940 [3.3s]: train==[6161.64170=6152.80103 + 1.92009 + 0.00000 + 1.12241 + 5.79810]
Epoch 941 [3.3s]: train==[6242.43333=6233.56264 + 1.91774 + 0.00000 + 1.12003 + 5.83289]
Epoch 942 [3.3s]: train==[6299.61047=6290.73949 + 1.91908 + 0.00000 + 1.11827 + 5.83367]
Epoch 943 [3.3s]: train==[6304.78234=6295.96341 + 1.91976 + 0.00000 + 1.11900 + 5.78021]
Epoch 944 [3.3s]: train==[6183.15104=6174.24747 + 1.91776 + 0.00000 + 1.11840 + 5.86742]
Epoch 945 [3.3s]: train==[6201.93058=6193.00327 + 1.92140 + 0.00000 + 1.11997 + 5.88598]
Epoch 946 [3.3s]: train==[6178.11509=6169.19165 + 1.92216 + 0.00000 + 1.12161 + 5.87970]
Epoch 947 [3.3s]: train==[6397.18313=6388.32628 + 1.91786 + 0.00000 + 1.11435 + 5.82468]
Epoch 948 [3.3s]: train==[6208.55345=6199.72679 + 1.91483 + 0.00000 + 1.11519 + 5.79671]
drop_flag:  True ,	 mess_dropout:  [0.0, 0.0]
rate_batch  torch.Size([1162, 753])
gt_count  8427
candidate_count  874986
ideal candidate count  874986
Epoch 949 [3.3s + 5.6s]: train==[6235.02960=6226.16385 + 1.92462 + 0.00000 + 1.11522 + 5.82589]
 recall=[0.22699, 0.50109], precision=[0.31480, 0.17857],  f1=[0.24387, 0.24707], RMRR=[0.10717, 0.15580]
Epoch 950 [3.3s]: train==[6236.44020=6227.57228 + 1.92148 + 0.00000 + 1.11539 + 5.83099]
Epoch 951 [3.3s]: train==[5987.19161=5978.27811 + 1.92471 + 0.00000 + 1.11878 + 5.87007]
Epoch 952 [3.3s]: train==[6145.52472=6136.66664 + 1.92426 + 0.00000 + 1.11448 + 5.81934]
Epoch 953 [3.4s]: train==[6005.68062=5996.80873 + 1.92103 + 0.00000 + 1.11187 + 5.83902]
Epoch 954 [3.3s]: train==[6162.35516=6153.52525 + 1.92326 + 0.00000 + 1.10931 + 5.79734]
Epoch 955 [3.3s]: train==[6459.51185=6450.68571 + 1.92572 + 0.00000 + 1.11360 + 5.78686]
Epoch 956 [3.3s]: train==[6098.31480=6089.44542 + 1.92983 + 0.00000 + 1.11023 + 5.82924]
Epoch 957 [3.3s]: train==[6276.31502=6267.48259 + 1.92576 + 0.00000 + 1.10901 + 5.79762]
Epoch 958 [3.3s]: train==[6179.89272=6171.02592 + 1.92533 + 0.00000 + 1.11057 + 5.83092]
drop_flag:  True ,	 mess_dropout:  [0.0, 0.0]
rate_batch  torch.Size([1162, 753])
gt_count  8427
candidate_count  874986
ideal candidate count  874986
Epoch 959 [3.3s + 5.6s]: train==[6276.92761=6268.09654 + 1.92699 + 0.00000 + 1.10530 + 5.79875]
 recall=[0.23288, 0.50789], precision=[0.31842, 0.18141],  f1=[0.24810, 0.25084], RMRR=[0.11287, 0.16134]
Epoch 960 [3.3s]: train==[6165.61213=6156.81201 + 1.92925 + 0.00000 + 1.10678 + 5.76413]
Epoch 961 [3.3s]: train==[6229.88514=6221.06590 + 1.92840 + 0.00000 + 1.10620 + 5.78467]
Epoch 962 [3.4s]: train==[5979.15862=5970.38977 + 1.93009 + 0.00000 + 1.10303 + 5.73571]
Epoch 963 [3.3s]: train==[6250.97010=6242.15666 + 1.93742 + 0.00000 + 1.10576 + 5.77027]
Epoch 964 [3.3s]: train==[6055.56309=6046.74867 + 1.93482 + 0.00000 + 1.10535 + 5.77424]
Epoch 965 [3.3s]: train==[6199.83365=6191.02052 + 1.93087 + 0.00000 + 1.10697 + 5.77528]
Epoch 966 [3.3s]: train==[6215.07368=6206.24414 + 1.93509 + 0.00000 + 1.10266 + 5.79174]
Epoch 967 [3.3s]: train==[6004.97398=5996.14343 + 1.93440 + 0.00000 + 1.09912 + 5.79707]
Epoch 968 [3.3s]: train==[6233.77082=6224.96672 + 1.93667 + 0.00000 + 1.10061 + 5.76680]
drop_flag:  True ,	 mess_dropout:  [0.0, 0.0]
rate_batch  torch.Size([1162, 753])
gt_count  8427
candidate_count  874986
ideal candidate count  874986
Epoch 969 [3.3s + 5.7s]: train==[6194.13576=6185.31560 + 1.93534 + 0.00000 + 1.10040 + 5.78441]
 recall=[0.23698, 0.50804], precision=[0.32031, 0.18034],  f1=[0.25041, 0.24979], RMRR=[0.11331, 0.16092]
Epoch 970 [3.3s]: train==[6191.36280=6182.55472 + 1.93366 + 0.00000 + 1.10049 + 5.77396]
Epoch 971 [3.4s]: train==[6014.98200=6006.17641 + 1.93807 + 0.00000 + 1.09694 + 5.77062]
Epoch 972 [3.4s]: train==[6327.79130=6319.01784 + 1.94088 + 0.00000 + 1.09476 + 5.73793]
Epoch 973 [3.3s]: train==[6210.52829=6201.69283 + 1.93910 + 0.00000 + 1.09425 + 5.80208]
Epoch 974 [3.3s]: train==[6231.07677=6222.22873 + 1.94071 + 0.00000 + 1.09376 + 5.81365]
Epoch 975 [3.3s]: train==[6242.36145=6233.57121 + 1.93520 + 0.00000 + 1.09491 + 5.76013]
Epoch 976 [3.3s]: train==[6176.33190=6167.50742 + 1.93994 + 0.00000 + 1.09775 + 5.78676]
Epoch 977 [3.3s]: train==[6134.49048=6125.70975 + 1.94251 + 0.00000 + 1.09307 + 5.74513]
Epoch 978 [3.3s]: train==[6268.37977=6259.56955 + 1.94236 + 0.00000 + 1.09533 + 5.77253]
drop_flag:  True ,	 mess_dropout:  [0.0, 0.0]
rate_batch  torch.Size([1162, 753])
gt_count  8427
candidate_count  874986
ideal candidate count  874986
Epoch 979 [3.3s + 5.6s]: train==[6261.76403=6252.97525 + 1.94197 + 0.00000 + 1.09108 + 5.75573]
 recall=[0.23077, 0.50478], precision=[0.31635, 0.18068],  f1=[0.24553, 0.24973], RMRR=[0.10855, 0.15656]
Epoch 980 [3.3s]: train==[6187.77798=6178.91798 + 1.93670 + 0.00000 + 1.09389 + 5.82943]
Epoch 981 [3.3s]: train==[6529.33397=6520.43262 + 1.93389 + 0.00000 + 1.09666 + 5.87080]
Epoch 982 [3.3s]: train==[6132.53454=6123.65736 + 1.93702 + 0.00000 + 1.09933 + 5.84083]
Epoch 983 [3.3s]: train==[6323.29071=6314.43874 + 1.93618 + 0.00000 + 1.09895 + 5.81684]
Epoch 984 [3.3s]: train==[6200.04136=6191.17610 + 1.93836 + 0.00000 + 1.09464 + 5.83227]
Epoch 985 [3.3s]: train==[6212.44928=6203.64569 + 1.93984 + 0.00000 + 1.09504 + 5.76867]
Epoch 986 [3.3s]: train==[5847.85147=5839.00337 + 1.94489 + 0.00000 + 1.09341 + 5.80982]
Epoch 987 [3.3s]: train==[6388.25346=6379.41338 + 1.94554 + 0.00000 + 1.09148 + 5.80302]
Epoch 988 [3.4s]: train==[5772.41339=5763.57567 + 1.94409 + 0.00000 + 1.09409 + 5.79959]
drop_flag:  True ,	 mess_dropout:  [0.0, 0.0]
rate_batch  torch.Size([1162, 753])
gt_count  8427
candidate_count  874986
ideal candidate count  874986
Epoch 989 [3.3s + 5.7s]: train==[6337.52624=6328.60681 + 1.94798 + 0.00000 + 1.09276 + 5.87868]
 recall=[0.22931, 0.50489], precision=[0.31704, 0.18059],  f1=[0.24570, 0.24978], RMRR=[0.10818, 0.15729]
Epoch 990 [3.3s]: train==[6378.63650=6369.66774 + 1.94811 + 0.00000 + 1.09068 + 5.92995]
Epoch 991 [3.3s]: train==[6122.54921=6113.58632 + 1.94817 + 0.00000 + 1.09424 + 5.92046]
Epoch 992 [3.3s]: train==[6120.53896=6111.63203 + 1.95157 + 0.00000 + 1.09430 + 5.86109]
Epoch 993 [3.3s]: train==[6010.42410=6001.54581 + 1.95177 + 0.00000 + 1.09230 + 5.83424]
Epoch 994 [3.3s]: train==[6435.56648=6426.67972 + 1.95238 + 0.00000 + 1.08925 + 5.84507]
Epoch 995 [3.3s]: train==[6274.33183=6265.49414 + 1.95280 + 0.00000 + 1.08960 + 5.79531]
Epoch 996 [3.4s]: train==[6101.59216=6092.73532 + 1.94810 + 0.00000 + 1.08649 + 5.82221]
Epoch 997 [3.3s]: train==[6114.44557=6105.62146 + 1.95279 + 0.00000 + 1.07964 + 5.79171]
Epoch 998 [3.3s]: train==[6210.81610=6201.97304 + 1.95224 + 0.00000 + 1.08399 + 5.80684]
drop_flag:  True ,	 mess_dropout:  [0.0, 0.0]
rate_batch  torch.Size([1162, 753])
gt_count  8427
candidate_count  874986
ideal candidate count  874986
Epoch 999 [3.3s + 5.6s]: train==[6342.41690=6333.59625 + 1.95417 + 0.00000 + 1.08119 + 5.78525]
 recall=[0.23167, 0.50904], precision=[0.31532, 0.18081],  f1=[0.24655, 0.25051], RMRR=[0.10993, 0.15760]
Epoch 1000 [3.3s]: train==[6200.11333=6191.23941 + 1.95451 + 0.00000 + 1.08428 + 5.83516]
Epoch 1001 [3.3s]: train==[6166.45114=6157.59450 + 1.95262 + 0.00000 + 1.07984 + 5.82414]
Epoch 1002 [3.3s]: train==[6235.55590=6226.71664 + 1.95767 + 0.00000 + 1.08487 + 5.79672]
Epoch 1003 [3.4s]: train==[6130.95630=6122.11070 + 1.95575 + 0.00000 + 1.08254 + 5.80734]
Epoch 1004 [3.3s]: train==[6129.65041=6120.83797 + 1.95428 + 0.00000 + 1.08298 + 5.77517]
Epoch 1005 [3.4s]: train==[6248.96919=6240.18497 + 1.95958 + 0.00000 + 1.08156 + 5.74310]
Epoch 1006 [3.3s]: train==[6059.11222=6050.32207 + 1.96090 + 0.00000 + 1.07913 + 5.75015]
Epoch 1007 [3.3s]: train==[6214.95164=6206.18312 + 1.95954 + 0.00000 + 1.07953 + 5.72950]
Epoch 1008 [3.3s]: train==[6226.54390=6217.72281 + 1.96001 + 0.00000 + 1.08189 + 5.77913]
drop_flag:  True ,	 mess_dropout:  [0.0, 0.0]
rate_batch  torch.Size([1162, 753])
gt_count  8427
candidate_count  874986
ideal candidate count  874986
Epoch 1009 [3.3s + 5.6s]: train==[6158.96685=6150.14929 + 1.96216 + 0.00000 + 1.07804 + 5.77736]
 recall=[0.23630, 0.51179], precision=[0.32031, 0.18219],  f1=[0.25000, 0.25206], RMRR=[0.11291, 0.16094]
Epoch 1010 [3.3s]: train==[5964.43963=5955.68350 + 1.96030 + 0.00000 + 1.07518 + 5.72069]
Epoch 1011 [3.3s]: train==[6122.33664=6113.58968 + 1.96392 + 0.00000 + 1.07557 + 5.70747]
Epoch 1012 [3.3s]: train==[6041.85448=6033.08604 + 1.95994 + 0.00000 + 1.07534 + 5.73320]
Epoch 1013 [3.3s]: train==[6157.38194=6148.58511 + 1.96587 + 0.00000 + 1.07728 + 5.75370]
Epoch 1014 [3.3s]: train==[6095.48323=6086.65527 + 1.97121 + 0.00000 + 1.07654 + 5.78015]
Epoch 1015 [3.3s]: train==[6129.46330=6120.68968 + 1.97050 + 0.00000 + 1.07624 + 5.72687]
Epoch 1016 [3.3s]: train==[6139.36505=6130.52963 + 1.96453 + 0.00000 + 1.07608 + 5.79481]
Epoch 1017 [3.3s]: train==[6491.87406=6483.11443 + 1.96904 + 0.00000 + 1.07131 + 5.71930]
Epoch 1018 [3.3s]: train==[6171.49779=6162.74989 + 1.96942 + 0.00000 + 1.07089 + 5.70755]
drop_flag:  True ,	 mess_dropout:  [0.0, 0.0]
rate_batch  torch.Size([1162, 753])
gt_count  8427
candidate_count  874986
ideal candidate count  874986
Epoch 1019 [3.3s + 5.6s]: train==[6131.01257=6122.23865 + 1.97090 + 0.00000 + 1.07243 + 5.73060]
 recall=[0.23369, 0.50785], precision=[0.31979, 0.18137],  f1=[0.24900, 0.25066], RMRR=[0.11153, 0.15888]
Epoch 1020 [3.3s]: train==[6257.13613=6248.31546 + 1.96915 + 0.00000 + 1.07414 + 5.77742]
Epoch 1021 [3.3s]: train==[6329.76104=6320.96915 + 1.97056 + 0.00000 + 1.06992 + 5.75140]
Epoch 1022 [3.3s]: train==[6134.63086=6125.90048 + 1.97027 + 0.00000 + 1.06914 + 5.69100]
Epoch 1023 [3.3s]: train==[6133.19428=6124.38780 + 1.96909 + 0.00000 + 1.07286 + 5.76453]
Epoch 1024 [3.3s]: train==[6196.21195=6187.43036 + 1.97345 + 0.00000 + 1.06870 + 5.73944]
Epoch 1025 [3.3s]: train==[6352.95690=6344.16797 + 1.97505 + 0.00000 + 1.07118 + 5.74275]
Epoch 1026 [3.3s]: train==[6243.82363=6235.02998 + 1.97272 + 0.00000 + 1.07196 + 5.74903]
Epoch 1027 [3.3s]: train==[5974.56408=5965.78165 + 1.97838 + 0.00000 + 1.06972 + 5.73434]
Epoch 1028 [3.3s]: train==[6117.30947=6108.55544 + 1.97610 + 0.00000 + 1.06799 + 5.70997]
drop_flag:  True ,	 mess_dropout:  [0.0, 0.0]
rate_batch  torch.Size([1162, 753])
gt_count  8427
candidate_count  874986
ideal candidate count  874986
Epoch 1029 [3.3s + 5.7s]: train==[6274.64836=6265.92319 + 1.97640 + 0.00000 + 1.06937 + 5.67939]
 recall=[0.23342, 0.50735], precision=[0.32169, 0.18111],  f1=[0.24998, 0.25016], RMRR=[0.11137, 0.15890]
Epoch 1030 [3.3s]: train==[6041.59070=6032.85135 + 1.97811 + 0.00000 + 1.06315 + 5.69813]
Epoch 1031 [3.3s]: train==[5988.30233=5979.58875 + 1.97798 + 0.00000 + 1.06256 + 5.67306]
Epoch 1032 [3.3s]: train==[6029.65396=6020.90306 + 1.97822 + 0.00000 + 1.06494 + 5.70781]
Epoch 1033 [3.3s]: train==[6093.33620=6084.55838 + 1.98086 + 0.00000 + 1.06330 + 5.73365]
Epoch 1034 [3.3s]: train==[6042.85474=6034.11476 + 1.98108 + 0.00000 + 1.06165 + 5.69727]
Epoch 1035 [3.4s]: train==[6154.88103=6146.10399 + 1.98240 + 0.00000 + 1.06410 + 5.73059]
Epoch 1036 [3.4s]: train==[6246.55049=6237.79512 + 1.98504 + 0.00000 + 1.06251 + 5.70782]
Epoch 1037 [3.4s]: train==[6110.84099=6102.05920 + 1.98391 + 0.00000 + 1.06456 + 5.73336]
Epoch 1038 [3.4s]: train==[6307.96999=6299.18457 + 1.98276 + 0.00000 + 1.05999 + 5.74273]
drop_flag:  True ,	 mess_dropout:  [0.0, 0.0]
rate_batch  torch.Size([1162, 753])
gt_count  8427
candidate_count  874986
ideal candidate count  874986
Epoch 1039 [3.3s + 5.6s]: train==[6058.76940=6050.00337 + 1.98277 + 0.00000 + 1.06279 + 5.72049]
 recall=[0.23610, 0.50758], precision=[0.32444, 0.18210],  f1=[0.25242, 0.25153], RMRR=[0.11226, 0.15902]
Epoch 1040 [3.3s]: train==[6003.91199=5995.17316 + 1.98253 + 0.00000 + 1.05903 + 5.69729]
Epoch 1041 [3.3s]: train==[6258.76645=6250.01813 + 1.98429 + 0.00000 + 1.05742 + 5.70658]
Epoch 1042 [3.3s]: train==[6200.76249=6192.03409 + 1.98484 + 0.00000 + 1.05829 + 5.68520]
Epoch 1043 [3.3s]: train==[5933.00034=5924.24829 + 1.98441 + 0.00000 + 1.05982 + 5.70779]
Epoch 1044 [3.3s]: train==[5956.12629=5947.41960 + 1.98136 + 0.00000 + 1.05787 + 5.66742]
Epoch 1045 [3.3s]: train==[6080.43342=6071.68433 + 1.98215 + 0.00000 + 1.05612 + 5.71085]
Epoch 1046 [3.3s]: train==[6199.04753=6190.37334 + 1.98038 + 0.00000 + 1.05617 + 5.63770]
Epoch 1047 [3.3s]: train==[6205.40857=6196.67989 + 1.98442 + 0.00000 + 1.05556 + 5.68873]
Epoch 1048 [3.3s]: train==[5988.79846=5980.09639 + 1.98687 + 0.00000 + 1.05655 + 5.65863]
drop_flag:  True ,	 mess_dropout:  [0.0, 0.0]
rate_batch  torch.Size([1162, 753])
gt_count  8427
candidate_count  874986
ideal candidate count  874986
Epoch 1049 [3.3s + 5.6s]: train==[6280.12307=6271.39891 + 1.99033 + 0.00000 + 1.05503 + 5.67886]
 recall=[0.23760, 0.50724], precision=[0.31979, 0.18163],  f1=[0.25065, 0.25080], RMRR=[0.11527, 0.16374]
Epoch 1050 [3.4s]: train==[6048.11078=6039.42725 + 1.98862 + 0.00000 + 1.05172 + 5.64319]
Epoch 1051 [3.3s]: train==[6146.06328=6137.34883 + 1.98765 + 0.00000 + 1.05315 + 5.67366]
Epoch 1052 [3.3s]: train==[6283.85991=6275.11942 + 1.98738 + 0.00000 + 1.05213 + 5.70102]
Epoch 1053 [3.3s]: train==[6268.81746=6260.14281 + 1.98833 + 0.00000 + 1.04829 + 5.63808]
Epoch 1054 [3.3s]: train==[6072.07286=6063.40105 + 1.99161 + 0.00000 + 1.05073 + 5.62951]
Epoch 1055 [3.3s]: train==[6179.51708=6170.82741 + 1.99187 + 0.00000 + 1.04953 + 5.64822]
Epoch 1056 [3.3s]: train==[5980.10978=5971.40712 + 1.99266 + 0.00000 + 1.05155 + 5.65844]
Epoch 1057 [3.3s]: train==[6188.29468=6179.63721 + 1.98732 + 0.00000 + 1.04798 + 5.62214]
Epoch 1058 [3.3s]: train==[6198.48003=6189.75279 + 1.99208 + 0.00000 + 1.04834 + 5.68686]
drop_flag:  True ,	 mess_dropout:  [0.0, 0.0]
rate_batch  torch.Size([1162, 753])
gt_count  8427
candidate_count  874986
ideal candidate count  874986
Epoch 1059 [3.3s + 5.6s]: train==[6187.75445=6179.07797 + 1.99057 + 0.00000 + 1.04658 + 5.63929]
 recall=[0.23274, 0.51118], precision=[0.31962, 0.18326],  f1=[0.24859, 0.25311], RMRR=[0.10908, 0.15991]
Epoch 1060 [3.3s]: train==[6112.69829=6104.03983 + 1.99090 + 0.00000 + 1.04458 + 5.62298]
Epoch 1061 [3.4s]: train==[6238.70701=6230.03346 + 1.99391 + 0.00000 + 1.04552 + 5.63407]
Epoch 1062 [3.4s]: train==[6280.61204=6271.92526 + 1.99799 + 0.00000 + 1.04503 + 5.64379]
Epoch 1063 [3.3s]: train==[6275.16805=6266.44989 + 2.00077 + 0.00000 + 1.04735 + 5.67002]
Epoch 1064 [3.3s]: train==[6035.13898=6026.44016 + 1.99875 + 0.00000 + 1.04434 + 5.65575]
Epoch 1065 [3.3s]: train==[6172.29471=6163.59641 + 2.00045 + 0.00000 + 1.04491 + 5.65298]
Epoch 1066 [3.3s]: train==[6248.58145=6239.92587 + 2.00274 + 0.00000 + 1.04603 + 5.60678]
Epoch 1067 [3.3s]: train==[6074.69290=6066.03728 + 2.00369 + 0.00000 + 1.04374 + 5.60822]
Epoch 1068 [3.3s]: train==[6156.00546=6147.34200 + 2.00035 + 0.00000 + 1.04434 + 5.61873]
drop_flag:  True ,	 mess_dropout:  [0.0, 0.0]
rate_batch  torch.Size([1162, 753])
gt_count  8427
candidate_count  874986
ideal candidate count  874986
Epoch 1069 [3.3s + 5.6s]: train==[6015.52447=6006.79919 + 2.00645 + 0.00000 + 1.04751 + 5.67133]
 recall=[0.23209, 0.50630], precision=[0.32048, 0.18124],  f1=[0.24798, 0.25037], RMRR=[0.11045, 0.15923]
Epoch 1070 [3.3s]: train==[6171.05984=6162.41351 + 2.00410 + 0.00000 + 1.04421 + 5.59803]
Epoch 1071 [3.3s]: train==[6235.76839=6227.17635 + 2.00205 + 0.00000 + 1.04359 + 5.54634]
Epoch 1072 [3.4s]: train==[5939.33272=5930.70961 + 2.00383 + 0.00000 + 1.04451 + 5.57481]
Epoch 1073 [3.4s]: train==[6404.10608=6395.45193 + 2.00439 + 0.00000 + 1.04430 + 5.60543]
Epoch 1074 [3.4s]: train==[5985.97816=5977.34958 + 2.00636 + 0.00000 + 1.04288 + 5.57933]
Epoch 1075 [3.4s]: train==[6107.32074=6098.65405 + 2.00494 + 0.00000 + 1.04107 + 5.62067]
Epoch 1076 [3.3s]: train==[6170.87620=6162.24963 + 2.00540 + 0.00000 + 1.03937 + 5.58183]
Epoch 1077 [3.3s]: train==[6109.86273=6101.21359 + 2.00689 + 0.00000 + 1.04055 + 5.60164]
Epoch 1078 [3.3s]: train==[6159.16597=6150.52950 + 2.00491 + 0.00000 + 1.03956 + 5.59205]
drop_flag:  True ,	 mess_dropout:  [0.0, 0.0]
rate_batch  torch.Size([1162, 753])
gt_count  8427
candidate_count  874986
ideal candidate count  874986
Epoch 1079 [3.3s + 5.6s]: train==[6215.52183=6206.88232 + 2.00384 + 0.00000 + 1.03213 + 5.60356]
 recall=[0.23517, 0.51106], precision=[0.31928, 0.18287],  f1=[0.24891, 0.25268], RMRR=[0.11284, 0.16138]
Epoch 1080 [3.3s]: train==[6233.63412=6225.00417 + 2.01090 + 0.00000 + 1.03771 + 5.58131]
Epoch 1081 [3.3s]: train==[6269.18516=6260.54326 + 2.00644 + 0.00000 + 1.03647 + 5.59899]
Epoch 1082 [3.3s]: train==[6126.00508=6117.37051 + 2.00729 + 0.00000 + 1.03648 + 5.59081]
Epoch 1083 [3.3s]: train==[6021.58077=6012.94783 + 2.01156 + 0.00000 + 1.03366 + 5.58770]
Epoch 1084 [3.3s]: train==[6261.26049=6252.67613 + 2.00726 + 0.00000 + 1.03317 + 5.54391]
Epoch 1085 [3.3s]: train==[6163.53875=6154.93469 + 2.00906 + 0.00000 + 1.03594 + 5.55906]
Epoch 1086 [3.3s]: train==[6067.95718=6059.30745 + 2.00985 + 0.00000 + 1.03833 + 5.60156]
Epoch 1087 [3.3s]: train==[6086.01233=6077.41437 + 2.00987 + 0.00000 + 1.03356 + 5.55448]
Epoch 1088 [3.3s]: train==[6313.16336=6304.55475 + 2.00936 + 0.00000 + 1.03384 + 5.56536]
drop_flag:  True ,	 mess_dropout:  [0.0, 0.0]
rate_batch  torch.Size([1162, 753])
gt_count  8427
candidate_count  874986
ideal candidate count  874986
Epoch 1089 [3.3s + 5.6s]: train==[6112.98700=6104.33452 + 2.00911 + 0.00000 + 1.03339 + 5.61003]
 recall=[0.23279, 0.51160], precision=[0.31790, 0.18305],  f1=[0.24709, 0.25287], RMRR=[0.10922, 0.15877]
Epoch 1090 [3.3s]: train==[6135.32099=6126.67451 + 2.01298 + 0.00000 + 1.03283 + 5.60068]
Epoch 1091 [3.3s]: train==[6186.09019=6177.45045 + 2.01115 + 0.00000 + 1.03258 + 5.59603]
Epoch 1092 [3.3s]: train==[6134.69128=6126.03481 + 2.01179 + 0.00000 + 1.03377 + 5.61088]
Epoch 1093 [3.3s]: train==[5971.61661=5962.95265 + 2.01395 + 0.00000 + 1.03357 + 5.61641]
Epoch 1094 [3.3s]: train==[6204.38827=6195.76874 + 2.01453 + 0.00000 + 1.03079 + 5.57424]
Epoch 1095 [3.4s]: train==[6110.88697=6102.25829 + 2.01733 + 0.00000 + 1.03104 + 5.58034]
Epoch 1096 [3.4s]: train==[5998.15860=5989.54010 + 2.01675 + 0.00000 + 1.02700 + 5.57478]
Epoch 1097 [3.3s]: train==[5974.24405=5965.65131 + 2.01386 + 0.00000 + 1.02860 + 5.55029]
Epoch 1098 [3.3s]: train==[6226.30329=6217.71188 + 2.01407 + 0.00000 + 1.02789 + 5.54941]
drop_flag:  True ,	 mess_dropout:  [0.0, 0.0]
rate_batch  torch.Size([1162, 753])
gt_count  8427
candidate_count  874986
ideal candidate count  874986
Epoch 1099 [3.3s + 5.6s]: train==[6267.91995=6259.33203 + 2.01633 + 0.00000 + 1.02697 + 5.54459]
 recall=[0.23574, 0.50920], precision=[0.32117, 0.18158],  f1=[0.25076, 0.25093], RMRR=[0.11569, 0.16309]
Epoch 1100 [3.3s]: train==[5999.02541=5990.43924 + 2.01491 + 0.00000 + 1.02643 + 5.54477]
Epoch 1101 [3.3s]: train==[6270.18200=6261.57591 + 2.02293 + 0.00000 + 1.02542 + 5.55774]
Epoch 1102 [3.3s]: train==[6027.59111=6018.96194 + 2.02111 + 0.00000 + 1.02571 + 5.58237]
Epoch 1103 [3.3s]: train==[6094.33073=6085.72093 + 2.02119 + 0.00000 + 1.02418 + 5.56442]
Epoch 1104 [3.3s]: train==[6135.01085=6126.36444 + 2.02384 + 0.00000 + 1.02640 + 5.59620]
Epoch 1105 [3.4s]: train==[6121.30647=6112.69066 + 2.02222 + 0.00000 + 1.02372 + 5.56984]
Epoch 1106 [3.3s]: train==[5894.88737=5886.25336 + 2.02186 + 0.00000 + 1.02830 + 5.58383]
Epoch 1107 [3.4s]: train==[5941.16322=5932.56694 + 2.02101 + 0.00000 + 1.02227 + 5.55306]
Epoch 1108 [3.3s]: train==[5957.74166=5949.15288 + 2.02396 + 0.00000 + 1.02423 + 5.54056]
drop_flag:  True ,	 mess_dropout:  [0.0, 0.0]
rate_batch  torch.Size([1162, 753])
gt_count  8427
candidate_count  874986
ideal candidate count  874986
Epoch 1109 [3.3s + 5.7s]: train==[5991.85266=5983.23170 + 2.02404 + 0.00000 + 1.02222 + 5.57467]
 recall=[0.23681, 0.51310], precision=[0.32582, 0.18352],  f1=[0.25324, 0.25357], RMRR=[0.11155, 0.15921]
Epoch 1110 [3.3s]: train==[6221.76066=6213.15103 + 2.02600 + 0.00000 + 1.02157 + 5.56202]
Epoch 1111 [3.3s]: train==[5945.02907=5936.38759 + 2.02561 + 0.00000 + 1.02206 + 5.59382]
Epoch 1112 [3.3s]: train==[6052.45172=6043.86723 + 2.02772 + 0.00000 + 1.02397 + 5.53284]
Epoch 1113 [3.3s]: train==[6293.73989=6285.15202 + 2.02866 + 0.00000 + 1.02203 + 5.53713]
Epoch 1114 [3.3s]: train==[5985.00999=5976.46442 + 2.02844 + 0.00000 + 1.02105 + 5.49608]
Epoch 1115 [3.4s]: train==[5994.27305=5985.69312 + 2.02917 + 0.00000 + 1.01826 + 5.53250]
Epoch 1116 [3.4s]: train==[6353.56911=6345.00777 + 2.02846 + 0.00000 + 1.01718 + 5.51573]
Epoch 1117 [3.3s]: train==[6134.25756=6125.67542 + 2.03373 + 0.00000 + 1.01730 + 5.53116]
Epoch 1118 [3.3s]: train==[5996.11048=5987.53346 + 2.02986 + 0.00000 + 1.01561 + 5.53154]
drop_flag:  True ,	 mess_dropout:  [0.0, 0.0]
rate_batch  torch.Size([1162, 753])
gt_count  8427
candidate_count  874986
ideal candidate count  874986
Epoch 1119 [3.3s + 5.6s]: train==[6322.47833=6313.90736 + 2.02805 + 0.00000 + 1.01468 + 5.52824]
 recall=[0.22887, 0.51054], precision=[0.31618, 0.18090],  f1=[0.24485, 0.25009], RMRR=[0.10879, 0.15768]
Epoch 1120 [3.3s]: train==[6151.56286=6142.92836 + 2.02635 + 0.00000 + 1.01637 + 5.59173]
Epoch 1121 [3.4s]: train==[6084.23691=6075.69308 + 2.02858 + 0.00000 + 1.01134 + 5.50390]
Epoch 1122 [3.3s]: train==[5994.76205=5986.17601 + 2.02845 + 0.00000 + 1.01460 + 5.54299]
Epoch 1123 [3.3s]: train==[5978.62061=5970.06233 + 2.02924 + 0.00000 + 1.01060 + 5.51842]
Epoch 1124 [3.4s]: train==[6306.53025=6297.99500 + 2.03070 + 0.00000 + 1.01286 + 5.49168]
Epoch 1125 [3.3s]: train==[6366.67281=6358.08868 + 2.03443 + 0.00000 + 1.00990 + 5.53982]
Epoch 1126 [3.3s]: train==[6254.44950=6245.88196 + 2.03276 + 0.00000 + 1.01350 + 5.52126]
Epoch 1127 [3.3s]: train==[6216.47883=6207.90863 + 2.03103 + 0.00000 + 1.01365 + 5.52552]
Epoch 1128 [3.3s]: train==[6210.68774=6202.13457 + 2.03020 + 0.00000 + 1.01061 + 5.51238]
drop_flag:  True ,	 mess_dropout:  [0.0, 0.0]
rate_batch  torch.Size([1162, 753])
gt_count  8427
candidate_count  874986
ideal candidate count  874986
Epoch 1129 [3.3s + 5.6s]: train==[6152.28628=6143.73300 + 2.03683 + 0.00000 + 1.01239 + 5.50407]
 recall=[0.23655, 0.50822], precision=[0.32220, 0.18262],  f1=[0.25121, 0.25214], RMRR=[0.11099, 0.15777]
Epoch 1130 [3.3s]: train==[6094.32184=6085.71976 + 2.03427 + 0.00000 + 1.01071 + 5.55706]
Epoch 1131 [3.3s]: train==[6113.76042=6105.18840 + 2.03539 + 0.00000 + 1.00952 + 5.52708]
Epoch 1132 [3.3s]: train==[6134.31897=6125.76201 + 2.03616 + 0.00000 + 1.00952 + 5.51123]
Epoch 1133 [3.3s]: train==[6090.94150=6082.40868 + 2.03951 + 0.00000 + 1.00759 + 5.48571]
Epoch 1134 [3.3s]: train==[6137.44405=6128.87119 + 2.03569 + 0.00000 + 1.01066 + 5.52656]
Epoch 1135 [3.3s]: train==[6186.27756=6177.75336 + 2.03591 + 0.00000 + 1.00969 + 5.47861]
Epoch 1136 [3.3s]: train==[5966.80169=5958.25131 + 2.03555 + 0.00000 + 1.00913 + 5.50568]
Epoch 1137 [3.3s]: train==[6170.70850=6162.13441 + 2.03241 + 0.00000 + 1.00841 + 5.53327]
Epoch 1138 [3.3s]: train==[6055.11756=6046.53616 + 2.04018 + 0.00000 + 1.01225 + 5.52892]
drop_flag:  True ,	 mess_dropout:  [0.0, 0.0]
rate_batch  torch.Size([1162, 753])
gt_count  8427
candidate_count  874986
ideal candidate count  874986
Epoch 1139 [3.3s + 5.6s]: train==[6193.62240=6185.04706 + 2.04009 + 0.00000 + 1.00954 + 5.52566]
 recall=[0.22950, 0.50940], precision=[0.31859, 0.18197],  f1=[0.24652, 0.25142], RMRR=[0.10795, 0.15720]
Epoch 1140 [3.3s]: train==[5971.82763=5963.22459 + 2.03889 + 0.00000 + 1.00789 + 5.55625]
Epoch 1141 [3.3s]: train==[5794.33842=5785.75110 + 2.03966 + 0.00000 + 1.01090 + 5.53678]
Epoch 1142 [3.3s]: train==[5869.69496=5861.15829 + 2.04099 + 0.00000 + 1.00408 + 5.49162]
Epoch 1143 [3.3s]: train==[6032.01265=6023.43471 + 2.04062 + 0.00000 + 1.00741 + 5.53000]
Epoch 1144 [3.4s]: train==[6091.65100=6083.02432 + 2.04199 + 0.00000 + 1.00959 + 5.57512]
Epoch 1145 [3.3s]: train==[6024.91090=6016.31070 + 2.04050 + 0.00000 + 1.00775 + 5.55192]
Epoch 1146 [3.4s]: train==[6225.00643=6216.44272 + 2.04102 + 0.00000 + 1.00659 + 5.51608]
Epoch 1147 [3.4s]: train==[6052.01650=6043.45454 + 2.04250 + 0.00000 + 1.00346 + 5.51606]
Epoch 1148 [3.3s]: train==[5886.66945=5878.13058 + 2.04236 + 0.00000 + 1.00244 + 5.49404]
drop_flag:  True ,	 mess_dropout:  [0.0, 0.0]
rate_batch  torch.Size([1162, 753])
gt_count  8427
candidate_count  874986
ideal candidate count  874986
Epoch 1149 [3.3s + 5.6s]: train==[6000.59504=5992.07872 + 2.04271 + 0.00000 + 1.00409 + 5.46951]
 recall=[0.23795, 0.51513], precision=[0.32461, 0.18421],  f1=[0.25267, 0.25448], RMRR=[0.11492, 0.16465]
Epoch 1150 [3.3s]: train==[6198.22575=6189.67155 + 2.04361 + 0.00000 + 1.00262 + 5.50799]
Epoch 1151 [3.3s]: train==[6117.21145=6108.61809 + 2.04808 + 0.00000 + 1.00324 + 5.54201]
Epoch 1152 [3.3s]: train==[5993.46657=5984.87132 + 2.04264 + 0.00000 + 1.00516 + 5.54744]
Epoch 1153 [3.3s]: train==[6039.62133=6031.10748 + 2.04861 + 0.00000 + 1.00149 + 5.46374]
Epoch 1154 [3.3s]: train==[6143.68107=6135.12186 + 2.04733 + 0.00000 + 1.00021 + 5.51169]
Epoch 1155 [3.3s]: train==[6082.87731=6074.34741 + 2.05742 + 0.00000 + 1.00136 + 5.47112]
Epoch 1156 [3.4s]: train==[6384.49898=6375.95403 + 2.05068 + 0.00000 + 0.99976 + 5.49452]
Epoch 1157 [3.3s]: train==[6110.90444=6102.36449 + 2.04885 + 0.00000 + 0.99952 + 5.49162]
Epoch 1158 [3.3s]: train==[6251.81257=6243.29901 + 2.05144 + 0.00000 + 1.00030 + 5.46186]
drop_flag:  True ,	 mess_dropout:  [0.0, 0.0]
rate_batch  torch.Size([1162, 753])
gt_count  8427
candidate_count  874986
ideal candidate count  874986
Epoch 1159 [3.3s + 5.6s]: train==[5930.22281=5921.65875 + 2.05448 + 0.00000 + 1.00189 + 5.50766]
 recall=[0.22904, 0.50349], precision=[0.31859, 0.18081],  f1=[0.24636, 0.24957], RMRR=[0.10842, 0.15788]
Epoch 1160 [3.4s]: train==[5945.90903=5937.30946 + 2.05154 + 0.00000 + 0.99910 + 5.54895]
Epoch 1161 [3.3s]: train==[5878.91639=5870.34859 + 2.05579 + 0.00000 + 1.00143 + 5.51058]
Epoch 1162 [3.3s]: train==[5959.70433=5951.08983 + 2.05100 + 0.00000 + 1.00013 + 5.56336]
Epoch 1163 [3.3s]: train==[5930.82616=5922.19627 + 2.05256 + 0.00000 + 1.00077 + 5.57647]
Epoch 1164 [3.3s]: train==[6097.99098=6089.40018 + 2.04966 + 0.00000 + 1.00050 + 5.54059]
Epoch 1165 [3.3s]: train==[6174.37651=6165.82564 + 2.05170 + 0.00000 + 0.99740 + 5.50175]
Epoch 1166 [3.3s]: train==[5975.76130=5967.21878 + 2.05374 + 0.00000 + 0.99726 + 5.49150]
Epoch 1167 [3.3s]: train==[5948.95046=5940.42712 + 2.05363 + 0.00000 + 0.99683 + 5.47286]
Epoch 1168 [3.3s]: train==[6136.88663=6128.30632 + 2.05685 + 0.00000 + 0.99421 + 5.52923]
drop_flag:  True ,	 mess_dropout:  [0.0, 0.0]
rate_batch  torch.Size([1162, 753])
gt_count  8427
candidate_count  874986
ideal candidate count  874986
Epoch 1169 [3.3s + 5.6s]: train==[5907.19408=5898.61774 + 2.05591 + 0.00000 + 0.99438 + 5.52606]
 recall=[0.23400, 0.51100], precision=[0.32065, 0.18279],  f1=[0.24930, 0.25248], RMRR=[0.11297, 0.16197]
Epoch 1170 [3.3s]: train==[6269.21329=6260.60899 + 2.05780 + 0.00000 + 0.99456 + 5.55191]
Epoch 1171 [3.3s]: train==[6195.26662=6186.70454 + 2.05442 + 0.00000 + 0.99511 + 5.51258]
Epoch 1172 [3.3s]: train==[6124.35653=6115.82344 + 2.05654 + 0.00000 + 0.99346 + 5.48308]
Epoch 1173 [3.3s]: train==[6059.44757=6050.92636 + 2.05464 + 0.00000 + 0.99314 + 5.47347]
Epoch 1174 [3.3s]: train==[6397.76937=6389.24066 + 2.05711 + 0.00000 + 0.99365 + 5.47802]
Epoch 1175 [3.3s]: train==[6005.63736=5997.12354 + 2.05512 + 0.00000 + 0.99585 + 5.46286]
Epoch 1176 [3.3s]: train==[6324.29652=6315.78915 + 2.05582 + 0.00000 + 0.99275 + 5.45878]
Epoch 1177 [3.3s]: train==[6051.97798=6043.48531 + 2.05366 + 0.00000 + 0.99254 + 5.44646]
Epoch 1178 [3.3s]: train==[6091.88158=6083.32599 + 2.05723 + 0.00000 + 0.99349 + 5.50490]
drop_flag:  True ,	 mess_dropout:  [0.0, 0.0]
rate_batch  torch.Size([1162, 753])
gt_count  8427
candidate_count  874986
ideal candidate count  874986
Epoch 1179 [3.3s + 5.6s]: train==[6060.64316=6052.10915 + 2.05861 + 0.00000 + 0.99232 + 5.48307]
 recall=[0.23345, 0.50901], precision=[0.32117, 0.18180],  f1=[0.24936, 0.25124], RMRR=[0.11051, 0.15820]
Epoch 1180 [3.3s]: train==[6050.63692=6042.07896 + 2.05765 + 0.00000 + 0.99148 + 5.50876]
Epoch 1181 [3.3s]: train==[6082.49307=6073.95842 + 2.05857 + 0.00000 + 0.99198 + 5.48414]
Epoch 1182 [3.3s]: train==[6045.12758=6036.58319 + 2.05710 + 0.00000 + 0.99051 + 5.49686]
Epoch 1183 [3.3s]: train==[6197.76000=6189.18878 + 2.06014 + 0.00000 + 0.99138 + 5.51973]
Epoch 1184 [3.3s]: train==[6228.79295=6220.25070 + 2.05789 + 0.00000 + 0.98920 + 5.49516]
Epoch 1185 [3.4s]: train==[6088.65247=6080.14178 + 2.05972 + 0.00000 + 0.98720 + 5.46373]
Epoch 1186 [3.4s]: train==[6146.34232=6137.82983 + 2.06302 + 0.00000 + 0.98820 + 5.46121]
Epoch 1187 [3.4s]: train==[5999.08459=5990.57922 + 2.06501 + 0.00000 + 0.98727 + 5.45303]
Epoch 1188 [3.3s]: train==[5973.93129=5965.44864 + 2.06346 + 0.00000 + 0.98758 + 5.43156]
drop_flag:  True ,	 mess_dropout:  [0.0, 0.0]
rate_batch  torch.Size([1162, 753])
gt_count  8427
candidate_count  874986
ideal candidate count  874986
Epoch 1189 [3.3s + 5.6s]: train==[6056.41844=6047.91818 + 2.06629 + 0.00000 + 0.98898 + 5.44501]
 recall=[0.23553, 0.51482], precision=[0.32203, 0.18412],  f1=[0.25072, 0.25421], RMRR=[0.11108, 0.16010]
Epoch 1190 [3.3s]: train==[6151.71537=6143.24564 + 2.06235 + 0.00000 + 0.98484 + 5.42252]
Epoch 1191 [3.3s]: train==[6079.16439=6070.67398 + 2.06667 + 0.00000 + 0.98337 + 5.44035]
Epoch 1192 [3.3s]: train==[6145.71892=6137.23267 + 2.06404 + 0.00000 + 0.98195 + 5.44033]
Epoch 1193 [3.4s]: train==[6106.10793=6097.59901 + 2.06649 + 0.00000 + 0.98626 + 5.45622]
Epoch 1194 [3.4s]: train==[6075.86363=6067.29590 + 2.06645 + 0.00000 + 0.98321 + 5.51811]
Epoch 1195 [3.3s]: train==[6028.78235=6020.25488 + 2.06493 + 0.00000 + 0.98430 + 5.47823]
Epoch 1196 [3.3s]: train==[6013.71110=6005.24895 + 2.06516 + 0.00000 + 0.98305 + 5.41395]
Epoch 1197 [3.3s]: train==[6150.86340=6142.38739 + 2.06931 + 0.00000 + 0.98244 + 5.42427]
Epoch 1198 [3.3s]: train==[5945.40659=5936.90723 + 2.06748 + 0.00000 + 0.98525 + 5.44662]
drop_flag:  True ,	 mess_dropout:  [0.0, 0.0]
rate_batch  torch.Size([1162, 753])
gt_count  8427
candidate_count  874986
ideal candidate count  874986
Epoch 1199 [3.3s + 5.6s]: train==[6227.71679=6219.18619 + 2.07404 + 0.00000 + 0.98516 + 5.47136]
 recall=[0.23350, 0.51339], precision=[0.32289, 0.18361],  f1=[0.25040, 0.25340], RMRR=[0.11440, 0.16426]
Epoch 1200 [3.3s]: train==[6055.65405=6047.18506 + 2.07191 + 0.00000 + 0.98263 + 5.41446]
Epoch 1201 [3.3s]: train==[6061.15993=6052.71385 + 2.06656 + 0.00000 + 0.98162 + 5.39790]
Epoch 1202 [3.3s]: train==[6133.69776=6125.21767 + 2.06984 + 0.00000 + 0.98232 + 5.42794]
Epoch 1203 [3.3s]: train==[5988.10440=5979.59563 + 2.07672 + 0.00000 + 0.98415 + 5.44796]
Epoch 1204 [3.3s]: train==[6022.12822=6013.63170 + 2.07628 + 0.00000 + 0.98220 + 5.43803]
Epoch 1205 [3.3s]: train==[6186.38210=6177.96053 + 2.07326 + 0.00000 + 0.98103 + 5.36729]
Epoch 1206 [3.3s]: train==[6330.94949=6322.49884 + 2.06994 + 0.00000 + 0.97957 + 5.40107]
Epoch 1207 [3.3s]: train==[6215.44782=6206.98747 + 2.07021 + 0.00000 + 0.97898 + 5.41121]
Epoch 1208 [3.3s]: train==[6184.62444=6176.16833 + 2.07759 + 0.00000 + 0.98185 + 5.39673]
drop_flag:  True ,	 mess_dropout:  [0.0, 0.0]
rate_batch  torch.Size([1162, 753])
gt_count  8427
candidate_count  874986
ideal candidate count  874986
Epoch 1209 [3.3s + 5.6s]: train==[5854.15383=5845.65846 + 2.07706 + 0.00000 + 0.98071 + 5.43759]
 recall=[0.23828, 0.51148], precision=[0.32444, 0.18326],  f1=[0.25364, 0.25292], RMRR=[0.11297, 0.16186]
Epoch 1210 [3.3s]: train==[6058.47291=6049.98602 + 2.07768 + 0.00000 + 0.98037 + 5.42882]
Epoch 1211 [3.4s]: train==[6039.12158=6030.63222 + 2.07779 + 0.00000 + 0.97963 + 5.43191]
Epoch 1212 [3.3s]: train==[5943.04328=5934.57082 + 2.08102 + 0.00000 + 0.98006 + 5.41148]
Epoch 1213 [3.3s]: train==[6087.52233=6079.03606 + 2.07604 + 0.00000 + 0.97752 + 5.43276]
Epoch 1214 [3.3s]: train==[6076.95203=6068.48422 + 2.07804 + 0.00000 + 0.97896 + 5.41083]
Epoch 1215 [3.3s]: train==[6069.41562=6060.93526 + 2.07784 + 0.00000 + 0.97604 + 5.42643]
Epoch 1216 [3.3s]: train==[6124.27098=6115.78296 + 2.08188 + 0.00000 + 0.97875 + 5.42741]
Epoch 1217 [3.3s]: train==[6123.14911=6114.71089 + 2.08272 + 0.00000 + 0.97640 + 5.37911]
Epoch 1218 [3.3s]: train==[6134.83243=6126.38370 + 2.08169 + 0.00000 + 0.97688 + 5.39019]
drop_flag:  True ,	 mess_dropout:  [0.0, 0.0]
rate_batch  torch.Size([1162, 753])
gt_count  8427
candidate_count  874986
ideal candidate count  874986
Epoch 1219 [3.3s + 5.6s]: train==[6033.91313=6025.46654 + 2.08113 + 0.00000 + 0.97695 + 5.38846]
 recall=[0.23204, 0.51138], precision=[0.32065, 0.18309],  f1=[0.24841, 0.25269], RMRR=[0.10726, 0.15465]
Epoch 1220 [3.3s]: train==[6055.31935=6046.87233 + 2.08327 + 0.00000 + 0.97243 + 5.39136]
Epoch 1221 [3.3s]: train==[5910.30005=5901.84315 + 2.08173 + 0.00000 + 0.97728 + 5.39792]
Epoch 1222 [3.3s]: train==[6244.97478=6236.48569 + 2.07736 + 0.00000 + 0.97596 + 5.43579]
Epoch 1223 [3.3s]: train==[6265.00709=6256.54576 + 2.08105 + 0.00000 + 0.97429 + 5.40603]
Epoch 1224 [3.3s]: train==[6030.76434=6022.32358 + 2.08355 + 0.00000 + 0.97595 + 5.38130]
Epoch 1225 [3.3s]: train==[6101.50556=6093.06383 + 2.08289 + 0.00000 + 0.97415 + 5.38469]
Epoch 1226 [3.3s]: train==[6046.80674=6038.39995 + 2.08248 + 0.00000 + 0.97084 + 5.35353]
Epoch 1227 [3.3s]: train==[6043.89650=6035.43568 + 2.08335 + 0.00000 + 0.97335 + 5.40411]
Epoch 1228 [3.4s]: train==[6117.94155=6109.51096 + 2.08361 + 0.00000 + 0.97172 + 5.37524]
drop_flag:  True ,	 mess_dropout:  [0.0, 0.0]
rate_batch  torch.Size([1162, 753])
gt_count  8427
candidate_count  874986
ideal candidate count  874986
Epoch 1229 [3.3s + 5.6s]: train==[6033.28498=6024.83800 + 2.08646 + 0.00000 + 0.97311 + 5.38738]
 recall=[0.23762, 0.51516], precision=[0.32100, 0.18391],  f1=[0.25172, 0.25404], RMRR=[0.11224, 0.16117]
Epoch 1230 [3.4s]: train==[6003.16951=5994.72906 + 2.08426 + 0.00000 + 0.97161 + 5.38456]
Epoch 1231 [3.3s]: train==[6189.33471=6180.90208 + 2.08560 + 0.00000 + 0.96908 + 5.37791]
Epoch 1232 [3.3s]: train==[6019.37456=6010.95506 + 2.08420 + 0.00000 + 0.97282 + 5.36248]
Epoch 1233 [3.3s]: train==[6092.78658=6084.37169 + 2.08729 + 0.00000 + 0.96973 + 5.35792]
Epoch 1234 [3.3s]: train==[6189.66180=6181.27744 + 2.08351 + 0.00000 + 0.96913 + 5.33169]
Epoch 1235 [3.3s]: train==[6072.55288=6064.16585 + 2.08879 + 0.00000 + 0.96813 + 5.33011]
Epoch 1236 [3.3s]: train==[6148.62081=6140.21535 + 2.08442 + 0.00000 + 0.96653 + 5.35456]
Epoch 1237 [3.3s]: train==[6025.39858=6016.96770 + 2.09208 + 0.00000 + 0.96903 + 5.36973]
Epoch 1238 [3.3s]: train==[6085.21838=6076.77333 + 2.08770 + 0.00000 + 0.97230 + 5.38505]
drop_flag:  True ,	 mess_dropout:  [0.0, 0.0]
rate_batch  torch.Size([1162, 753])
gt_count  8427
candidate_count  874986
ideal candidate count  874986
Epoch 1239 [3.3s + 5.6s]: train==[6147.51217=6139.10814 + 2.09168 + 0.00000 + 0.96676 + 5.34558]
 recall=[0.23239, 0.50789], precision=[0.31704, 0.18249],  f1=[0.24641, 0.25167], RMRR=[0.11080, 0.16030]
Epoch 1240 [3.3s]: train==[6010.28031=6001.85086 + 2.09317 + 0.00000 + 0.96794 + 5.36832]
Epoch 1241 [3.3s]: train==[5983.28867=5974.87758 + 2.09412 + 0.00000 + 0.96586 + 5.35110]
Epoch 1242 [3.3s]: train==[6144.75152=6136.32690 + 2.09461 + 0.00000 + 0.96812 + 5.36188]
Epoch 1243 [3.3s]: train==[6305.07608=6296.65361 + 2.09178 + 0.00000 + 0.96713 + 5.36356]
Epoch 1244 [3.3s]: train==[6288.05447=6279.63852 + 2.09260 + 0.00000 + 0.96654 + 5.35689]
Epoch 1245 [3.3s]: train==[6265.26626=6256.81999 + 2.09185 + 0.00000 + 0.96750 + 5.38695]
Epoch 1246 [3.3s]: train==[6328.99437=6320.55734 + 2.09154 + 0.00000 + 0.96887 + 5.37659]
Epoch 1247 [3.3s]: train==[6400.88273=6392.40358 + 2.09143 + 0.00000 + 0.96925 + 5.41847]
Epoch 1248 [3.3s]: train==[6151.13909=6142.66214 + 2.09019 + 0.00000 + 0.96805 + 5.41872]
drop_flag:  True ,	 mess_dropout:  [0.0, 0.0]
rate_batch  torch.Size([1162, 753])
gt_count  8427
candidate_count  874986
ideal candidate count  874986
Epoch 1249 [3.3s + 5.7s]: train==[6094.75722=6086.30188 + 2.09423 + 0.00000 + 0.96772 + 5.39343]
 recall=[0.23757, 0.51297], precision=[0.32668, 0.18356],  f1=[0.25390, 0.25331], RMRR=[0.11091, 0.16027]
Epoch 1250 [3.3s]: train==[5905.47025=5897.01630 + 2.09343 + 0.00000 + 0.96563 + 5.39487]
Epoch 1251 [3.3s]: train==[6047.62582=6039.19041 + 2.09386 + 0.00000 + 0.96606 + 5.37552]
Epoch 1252 [3.3s]: train==[6039.91408=6031.41708 + 2.09611 + 0.00000 + 0.96597 + 5.43490]
Epoch 1253 [3.3s]: train==[5922.22876=5913.76707 + 2.09484 + 0.00000 + 0.96547 + 5.40136]
Epoch 1254 [3.3s]: train==[6037.68252=6029.28987 + 2.09302 + 0.00000 + 0.96283 + 5.33680]
Epoch 1255 [3.3s]: train==[6004.68484=5996.26970 + 2.09684 + 0.00000 + 0.96374 + 5.35455]
Epoch 1256 [3.3s]: train==[6143.73717=6135.36069 + 2.09938 + 0.00000 + 0.96219 + 5.31486]
Epoch 1257 [3.3s]: train==[6160.16598=6151.78346 + 2.09997 + 0.00000 + 0.96142 + 5.32115]
Epoch 1258 [3.3s]: train==[6180.69411=6172.29060 + 2.09751 + 0.00000 + 0.96254 + 5.34349]
drop_flag:  True ,	 mess_dropout:  [0.0, 0.0]
rate_batch  torch.Size([1162, 753])
gt_count  8427
candidate_count  874986
ideal candidate count  874986
Epoch 1259 [3.3s + 5.6s]: train==[5909.09594=5900.65659 + 2.10044 + 0.00000 + 0.96289 + 5.37606]
 recall=[0.23748, 0.51523], precision=[0.32255, 0.18382],  f1=[0.25203, 0.25397], RMRR=[0.11314, 0.16153]
Epoch 1260 [3.3s]: train==[6056.39172=6048.01968 + 2.10481 + 0.00000 + 0.96091 + 5.30634]
Epoch 1261 [3.3s]: train==[5967.08222=5958.67915 + 2.10171 + 0.00000 + 0.96348 + 5.33790]
Epoch 1262 [3.3s]: train==[5997.36411=5988.94408 + 2.10405 + 0.00000 + 0.96258 + 5.35338]
Epoch 1263 [3.3s]: train==[5870.36704=5861.99583 + 2.10560 + 0.00000 + 0.96194 + 5.30362]
Epoch 1264 [3.3s]: train==[6069.60716=6061.20172 + 2.10290 + 0.00000 + 0.96125 + 5.34125]
Epoch 1265 [3.3s]: train==[6303.46746=6295.03748 + 2.09892 + 0.00000 + 0.96053 + 5.37049]
Epoch 1266 [3.3s]: train==[6118.92695=6110.51012 + 2.10322 + 0.00000 + 0.96176 + 5.35184]
Epoch 1267 [3.3s]: train==[5926.90295=5918.53595 + 2.10347 + 0.00000 + 0.95935 + 5.30415]
Epoch 1268 [3.3s]: train==[6143.60788=6135.23126 + 2.10278 + 0.00000 + 0.95844 + 5.31538]
drop_flag:  True ,	 mess_dropout:  [0.0, 0.0]
rate_batch  torch.Size([1162, 753])
gt_count  8427
candidate_count  874986
ideal candidate count  874986
Epoch 1269 [3.3s + 5.6s]: train==[6114.69576=6106.29729 + 2.10452 + 0.00000 + 0.95842 + 5.33559]
 recall=[0.23592, 0.50892], precision=[0.32289, 0.18257],  f1=[0.25141, 0.25194], RMRR=[0.11049, 0.16077]
Epoch 1270 [3.3s]: train==[5852.99425=5844.59155 + 2.10531 + 0.00000 + 0.95707 + 5.34033]
Epoch 1271 [3.3s]: train==[5991.30696=5982.89346 + 2.10230 + 0.00000 + 0.95738 + 5.35387]
Epoch 1272 [3.3s]: train==[5878.83625=5870.46019 + 2.10168 + 0.00000 + 0.95752 + 5.31687]
Epoch 1273 [3.4s]: train==[6136.48716=6128.11340 + 2.10357 + 0.00000 + 0.95736 + 5.31284]
Epoch 1274 [3.4s]: train==[6149.29908=6140.90216 + 2.10807 + 0.00000 + 0.95738 + 5.33145]
Epoch 1275 [3.4s]: train==[5962.00762=5953.59612 + 2.10726 + 0.00000 + 0.95988 + 5.34436]
Epoch 1276 [3.4s]: train==[5889.41759=5881.03664 + 2.10745 + 0.00000 + 0.95629 + 5.31722]
Epoch 1277 [3.4s]: train==[6007.59911=5999.15051 + 2.10570 + 0.00000 + 0.95739 + 5.38547]
Epoch 1278 [3.3s]: train==[5924.07432=5915.69919 + 2.10751 + 0.00000 + 0.95404 + 5.31357]
drop_flag:  True ,	 mess_dropout:  [0.0, 0.0]
rate_batch  torch.Size([1162, 753])
gt_count  8427
candidate_count  874986
ideal candidate count  874986
Epoch 1279 [3.3s + 5.6s]: train==[6121.03307=6112.59308 + 2.11041 + 0.00000 + 0.95686 + 5.37279]
 recall=[0.23443, 0.51539], precision=[0.32324, 0.18451],  f1=[0.25165, 0.25481], RMRR=[0.11276, 0.16254]
Epoch 1280 [3.3s]: train==[6041.73908=6033.37109 + 2.10825 + 0.00000 + 0.95604 + 5.30372]
Epoch 1281 [3.3s]: train==[6082.13079=6073.76646 + 2.10979 + 0.00000 + 0.95248 + 5.30206]
Epoch 1282 [3.3s]: train==[6043.34640=6034.97923 + 2.10551 + 0.00000 + 0.95300 + 5.30869]
Epoch 1283 [3.3s]: train==[6053.34488=6045.00705 + 2.11177 + 0.00000 + 0.95454 + 5.27148]
Epoch 1284 [3.4s]: train==[5886.44464=5878.05093 + 2.11082 + 0.00000 + 0.95472 + 5.32816]
Epoch 1285 [3.3s]: train==[6061.71198=6053.33607 + 2.11083 + 0.00000 + 0.95213 + 5.31292]
Epoch 1286 [3.3s]: train==[6132.90156=6124.52887 + 2.10743 + 0.00000 + 0.95255 + 5.31266]
Epoch 1287 [3.3s]: train==[6225.37940=6217.02432 + 2.10805 + 0.00000 + 0.95421 + 5.29277]
Epoch 1288 [3.3s]: train==[6014.39308=6006.02167 + 2.10961 + 0.00000 + 0.95071 + 5.31110]
drop_flag:  True ,	 mess_dropout:  [0.0, 0.0]
rate_batch  torch.Size([1162, 753])
gt_count  8427
candidate_count  874986
ideal candidate count  874986
Epoch 1289 [3.3s + 5.6s]: train==[5963.92660=5955.53181 + 2.11589 + 0.00000 + 0.95142 + 5.32750]
 recall=[0.23583, 0.51076], precision=[0.32117, 0.18326],  f1=[0.25032, 0.25280], RMRR=[0.11157, 0.16032]
Epoch 1290 [3.3s]: train==[6153.52187=6145.15649 + 2.10830 + 0.00000 + 0.95239 + 5.30472]
Epoch 1291 [3.3s]: train==[6097.65716=6089.27707 + 2.11355 + 0.00000 + 0.95028 + 5.31624]
Epoch 1292 [3.3s]: train==[6067.50197=6059.16426 + 2.10924 + 0.00000 + 0.95169 + 5.27681]
Epoch 1293 [3.3s]: train==[6125.61778=6117.27509 + 2.10960 + 0.00000 + 0.94846 + 5.28461]
Epoch 1294 [3.3s]: train==[5875.27368=5866.89828 + 2.10873 + 0.00000 + 0.94808 + 5.31855]
Epoch 1295 [3.3s]: train==[6088.79637=6080.44778 + 2.11492 + 0.00000 + 0.94807 + 5.28555]
Epoch 1296 [3.3s]: train==[6228.71385=6220.38358 + 2.11462 + 0.00000 + 0.94581 + 5.26986]
Epoch 1297 [3.3s]: train==[6174.25761=6165.87036 + 2.11550 + 0.00000 + 0.95164 + 5.32008]
Epoch 1298 [3.3s]: train==[6013.81007=6005.42648 + 2.11589 + 0.00000 + 0.94944 + 5.31819]
drop_flag:  True ,	 mess_dropout:  [0.0, 0.0]
rate_batch  torch.Size([1162, 753])
gt_count  8427
candidate_count  874986
ideal candidate count  874986
Epoch 1299 [3.3s + 5.6s]: train==[6055.48999=6047.14406 + 2.11665 + 0.00000 + 0.94675 + 5.28252]
 recall=[0.24324, 0.51533], precision=[0.33270, 0.18490],  f1=[0.25895, 0.25495], RMRR=[0.11455, 0.16359]
Epoch 1300 [3.3s]: train==[6097.40946=6089.03967 + 2.11447 + 0.00000 + 0.94546 + 5.30989]
Epoch 1301 [3.3s]: train==[6273.38919=6265.00778 + 2.11244 + 0.00000 + 0.94780 + 5.32120]
Epoch 1302 [3.3s]: train==[6139.75947=6131.40393 + 2.11633 + 0.00000 + 0.94599 + 5.29320]
Epoch 1303 [3.3s]: train==[6121.51351=6113.10051 + 2.11378 + 0.00000 + 0.94796 + 5.35128]
Epoch 1304 [3.3s]: train==[6084.36049=6075.93658 + 2.11633 + 0.00000 + 0.94924 + 5.35835]
Epoch 1305 [3.4s]: train==[6123.29124=6114.88531 + 2.11748 + 0.00000 + 0.94711 + 5.34134]
Epoch 1306 [3.3s]: train==[5925.46416=5917.04338 + 2.11177 + 0.00000 + 0.94526 + 5.36376]
Epoch 1307 [3.3s]: train==[6010.99732=6002.60670 + 2.11296 + 0.00000 + 0.94512 + 5.33251]
Epoch 1308 [3.3s]: train==[6246.95495=6238.62520 + 2.10935 + 0.00000 + 0.94559 + 5.27482]
drop_flag:  True ,	 mess_dropout:  [0.0, 0.0]
rate_batch  torch.Size([1162, 753])
gt_count  8427
candidate_count  874986
ideal candidate count  874986
Epoch 1309 [3.3s + 5.7s]: train==[5858.79830=5850.42520 + 2.11861 + 0.00000 + 0.94686 + 5.30765]
 recall=[0.23610, 0.50833], precision=[0.32392, 0.18219],  f1=[0.25234, 0.25161], RMRR=[0.11232, 0.16071]
Epoch 1310 [3.4s]: train==[6069.66992=6061.29881 + 2.11965 + 0.00000 + 0.94618 + 5.30527]
Epoch 1311 [3.4s]: train==[5949.21686=5940.85513 + 2.11764 + 0.00000 + 0.94431 + 5.29975]
Epoch 1312 [3.3s]: train==[6123.97367=6115.64134 + 2.11696 + 0.00000 + 0.94289 + 5.27245]
Epoch 1313 [3.3s]: train==[5983.19657=5974.82710 + 2.11944 + 0.00000 + 0.94211 + 5.30791]
Epoch 1314 [3.3s]: train==[6032.01157=6023.63116 + 2.11782 + 0.00000 + 0.94376 + 5.31881]
Epoch 1315 [3.3s]: train==[6013.54503=6005.21141 + 2.11830 + 0.00000 + 0.94281 + 5.27255]
Epoch 1316 [3.3s]: train==[6158.28249=6149.94946 + 2.12393 + 0.00000 + 0.94254 + 5.26657]
Epoch 1317 [3.3s]: train==[6112.88515=6104.55273 + 2.12125 + 0.00000 + 0.94115 + 5.26993]
Epoch 1318 [3.4s]: train==[6196.21971=6187.85300 + 2.12351 + 0.00000 + 0.94033 + 5.30293]
drop_flag:  True ,	 mess_dropout:  [0.0, 0.0]
rate_batch  torch.Size([1162, 753])
gt_count  8427
candidate_count  874986
ideal candidate count  874986
Epoch 1319 [3.3s + 5.6s]: train==[5857.14421=5848.76837 + 2.12362 + 0.00000 + 0.94279 + 5.30945]
 recall=[0.23744, 0.51360], precision=[0.32702, 0.18434],  f1=[0.25370, 0.25441], RMRR=[0.11423, 0.16435]
Epoch 1320 [3.3s]: train==[5970.10969=5961.75946 + 2.12340 + 0.00000 + 0.94267 + 5.28416]
Epoch 1321 [3.3s]: train==[6031.42921=6023.10748 + 2.12279 + 0.00000 + 0.94013 + 5.25878]
Epoch 1322 [3.3s]: train==[6145.01047=6136.67830 + 2.12217 + 0.00000 + 0.94000 + 5.27002]
Epoch 1323 [3.3s]: train==[6129.95456=6121.61827 + 2.12105 + 0.00000 + 0.94096 + 5.27428]
Epoch 1324 [3.3s]: train==[6250.90453=6242.55235 + 2.11909 + 0.00000 + 0.94085 + 5.29223]
Epoch 1325 [3.3s]: train==[6026.82570=6018.47566 + 2.11953 + 0.00000 + 0.93731 + 5.29317]
Epoch 1326 [3.3s]: train==[6093.57542=6085.23451 + 2.12263 + 0.00000 + 0.93739 + 5.28088]
Epoch 1327 [3.3s]: train==[6122.77053=6114.43384 + 2.12591 + 0.00000 + 0.93967 + 5.27109]
Epoch 1328 [3.3s]: train==[6176.86186=6168.54373 + 2.12314 + 0.00000 + 0.93659 + 5.25837]
drop_flag:  True ,	 mess_dropout:  [0.0, 0.0]
rate_batch  torch.Size([1162, 753])
gt_count  8427
candidate_count  874986
ideal candidate count  874986
Epoch 1329 [3.3s + 5.6s]: train==[6101.48284=6093.09914 + 2.12557 + 0.00000 + 0.93805 + 5.32011]
 recall=[0.23482, 0.51265], precision=[0.32306, 0.18451],  f1=[0.25063, 0.25442], RMRR=[0.11189, 0.16108]
Epoch 1330 [3.3s]: train==[6317.91107=6309.59613 + 2.12651 + 0.00000 + 0.93791 + 5.25042]
Epoch 1331 [3.3s]: train==[6109.77960=6101.40092 + 2.12192 + 0.00000 + 0.93919 + 5.31759]
Epoch 1332 [3.3s]: train==[6155.08927=6146.73972 + 2.12556 + 0.00000 + 0.93678 + 5.28721]
Epoch 1333 [3.3s]: train==[5967.78721=5959.49222 + 2.12335 + 0.00000 + 0.93375 + 5.23787]
Epoch 1334 [3.3s]: train==[6167.34004=6159.02161 + 2.12781 + 0.00000 + 0.93810 + 5.25253]
Epoch 1335 [3.3s]: train==[6276.18654=6267.81894 + 2.12868 + 0.00000 + 0.93656 + 5.30237]
Epoch 1336 [3.3s]: train==[5987.17363=5978.85619 + 2.12321 + 0.00000 + 0.93445 + 5.25979]
Epoch 1337 [3.3s]: train==[6194.12329=6185.75398 + 2.12631 + 0.00000 + 0.93744 + 5.30552]
Epoch 1338 [3.3s]: train==[6204.80173=6196.45860 + 2.12535 + 0.00000 + 0.93745 + 5.28034]
drop_flag:  True ,	 mess_dropout:  [0.0, 0.0]
rate_batch  torch.Size([1162, 753])
gt_count  8427
candidate_count  874986
ideal candidate count  874986
Epoch 1339 [3.3s + 5.6s]: train==[6006.10235=5997.76915 + 2.12505 + 0.00000 + 0.93660 + 5.27156]
 recall=[0.23836, 0.51458], precision=[0.32513, 0.18434],  f1=[0.25313, 0.25436], RMRR=[0.11390, 0.16412]
Epoch 1340 [3.4s]: train==[6075.26912=6066.94870 + 2.12564 + 0.00000 + 0.93385 + 5.26092]
Epoch 1341 [3.3s]: train==[6149.55426=6141.17902 + 2.12730 + 0.00000 + 0.93655 + 5.31139]
Epoch 1342 [3.3s]: train==[6086.89912=6078.57405 + 2.12971 + 0.00000 + 0.93725 + 5.25808]
Epoch 1343 [3.3s]: train==[6182.74773=6174.43138 + 2.12983 + 0.00000 + 0.93381 + 5.25277]
Epoch 1344 [3.3s]: train==[6372.06101=6363.74368 + 2.12942 + 0.00000 + 0.93045 + 5.25747]
Epoch 1345 [3.3s]: train==[6184.82996=6176.50690 + 2.12750 + 0.00000 + 0.93423 + 5.26141]
Epoch 1346 [3.3s]: train==[5976.39844=5968.05513 + 2.13062 + 0.00000 + 0.93241 + 5.28031]
Epoch 1347 [3.4s]: train==[6028.66078=6020.27812 + 2.12520 + 0.00000 + 0.93359 + 5.32388]
Epoch 1348 [3.3s]: train==[6160.61301=6152.20795 + 2.12033 + 0.00000 + 0.93267 + 5.35207]
drop_flag:  True ,	 mess_dropout:  [0.0, 0.0]
rate_batch  torch.Size([1162, 753])
gt_count  8427
candidate_count  874986
ideal candidate count  874986
Epoch 1349 [3.3s + 5.6s]: train==[5997.98350=5989.62671 + 2.11779 + 0.00000 + 0.92977 + 5.30924]
 recall=[0.23594, 0.51014], precision=[0.32565, 0.18326],  f1=[0.25261, 0.25273], RMRR=[0.11079, 0.16026]
Epoch 1350 [3.3s]: train==[5890.27144=5881.86743 + 2.12373 + 0.00000 + 0.93508 + 5.34515]
Epoch 1351 [3.3s]: train==[6113.71177=6105.34979 + 2.12165 + 0.00000 + 0.93133 + 5.30903]
Epoch 1352 [3.3s]: train==[6270.48143=6262.11395 + 2.12421 + 0.00000 + 0.92979 + 5.31344]
Epoch 1353 [3.3s]: train==[5883.33903=5874.97784 + 2.12309 + 0.00000 + 0.92997 + 5.30808]
Epoch 1354 [3.3s]: train==[5919.35762=5910.98042 + 2.12789 + 0.00000 + 0.93162 + 5.31768]
Epoch 1355 [3.3s]: train==[6052.44953=6044.10356 + 2.12791 + 0.00000 + 0.92967 + 5.28839]
Epoch 1356 [3.3s]: train==[6016.34827=6007.99858 + 2.12732 + 0.00000 + 0.93213 + 5.29019]
Epoch 1357 [3.3s]: train==[6034.28560=6025.90857 + 2.12487 + 0.00000 + 0.93197 + 5.32022]
Epoch 1358 [3.3s]: train==[6044.44286=6036.11168 + 2.12956 + 0.00000 + 0.93039 + 5.27122]
drop_flag:  True ,	 mess_dropout:  [0.0, 0.0]
rate_batch  torch.Size([1162, 753])
gt_count  8427
candidate_count  874986
ideal candidate count  874986
Epoch 1359 [3.4s + 5.6s]: train==[6060.78259=6052.49858 + 2.12991 + 0.00000 + 0.92958 + 5.22452]
 recall=[0.23545, 0.51116], precision=[0.32668, 0.18460],  f1=[0.25271, 0.25448], RMRR=[0.11344, 0.16271]
Epoch 1360 [3.4s]: train==[5998.57276=5990.22330 + 2.12659 + 0.00000 + 0.92964 + 5.29324]
Epoch 1361 [3.3s]: train==[6246.71696=6238.34290 + 2.13005 + 0.00000 + 0.93104 + 5.31295]
Epoch 1362 [3.3s]: train==[6019.45597=6011.09253 + 2.13181 + 0.00000 + 0.92794 + 5.30369]
Epoch 1363 [3.3s]: train==[5985.12255=5976.77783 + 2.13272 + 0.00000 + 0.92661 + 5.28537]
Epoch 1364 [3.3s]: train==[5908.02771=5899.69211 + 2.13127 + 0.00000 + 0.92588 + 5.27848]
Epoch 1365 [3.3s]: train==[6088.23209=6079.91611 + 2.13496 + 0.00000 + 0.92688 + 5.25408]
Epoch 1366 [3.3s]: train==[6159.85954=6151.48953 + 2.13545 + 0.00000 + 0.92605 + 5.30853]
Epoch 1367 [3.3s]: train==[5999.94102=5991.63939 + 2.13141 + 0.00000 + 0.92303 + 5.24720]
Epoch 1368 [3.3s]: train==[6043.18496=6034.88078 + 2.13814 + 0.00000 + 0.92559 + 5.24046]
drop_flag:  True ,	 mess_dropout:  [0.0, 0.0]
rate_batch  torch.Size([1162, 753])
gt_count  8427
candidate_count  874986
ideal candidate count  874986
Epoch 1369 [3.3s + 5.6s]: train==[5982.05461=5973.75443 + 2.13369 + 0.00000 + 0.92592 + 5.24052]
 recall=[0.23898, 0.51574], precision=[0.32496, 0.18550],  f1=[0.25312, 0.25585], RMRR=[0.11181, 0.16182]
Epoch 1370 [3.3s]: train==[5804.24005=5795.94923 + 2.13541 + 0.00000 + 0.92250 + 5.23288]
Epoch 1371 [3.3s]: train==[6165.14369=6156.85039 + 2.13513 + 0.00000 + 0.92495 + 5.23323]
Epoch 1372 [3.3s]: train==[6046.65182=6038.37140 + 2.13446 + 0.00000 + 0.92473 + 5.22121]
Epoch 1373 [3.4s]: train==[5964.54049=5956.21117 + 2.13571 + 0.00000 + 0.92292 + 5.27065]
Epoch 1374 [3.3s]: train==[6091.94258=6083.64461 + 2.13550 + 0.00000 + 0.92476 + 5.23771]
Epoch 1375 [3.3s]: train==[6056.44871=6048.10892 + 2.13575 + 0.00000 + 0.92350 + 5.28057]
Epoch 1376 [3.3s]: train==[6206.55664=6198.22562 + 2.13801 + 0.00000 + 0.92595 + 5.26709]
Epoch 1377 [3.3s]: train==[6141.21114=6132.85045 + 2.13369 + 0.00000 + 0.92267 + 5.30434]
Epoch 1378 [3.3s]: train==[6167.99378=6159.67168 + 2.13656 + 0.00000 + 0.92313 + 5.26243]
drop_flag:  True ,	 mess_dropout:  [0.0, 0.0]
rate_batch  torch.Size([1162, 753])
gt_count  8427
candidate_count  874986
ideal candidate count  874986
Epoch 1379 [3.3s + 5.6s]: train==[6083.91704=6075.60187 + 2.13878 + 0.00000 + 0.92476 + 5.25167]
 recall=[0.24150, 0.51216], precision=[0.32978, 0.18330],  f1=[0.25714, 0.25304], RMRR=[0.11460, 0.16239]
Epoch 1380 [3.3s]: train==[6182.02672=6173.74376 + 2.13948 + 0.00000 + 0.92350 + 5.21998]
Epoch 1381 [3.4s]: train==[6364.93354=6356.63573 + 2.13406 + 0.00000 + 0.92273 + 5.24104]
Epoch 1382 [3.3s]: train==[6052.78676=6044.43507 + 2.13737 + 0.00000 + 0.92816 + 5.28619]
Epoch 1383 [3.3s]: train==[6024.59372=6016.28481 + 2.13702 + 0.00000 + 0.92493 + 5.24702]
Epoch 1384 [3.3s]: train==[6025.66586=6017.35997 + 2.14148 + 0.00000 + 0.92272 + 5.24163]
Epoch 1385 [3.3s]: train==[6036.86390=6028.59265 + 2.13815 + 0.00000 + 0.92134 + 5.21176]
Epoch 1386 [3.3s]: train==[6276.72667=6268.42027 + 2.13836 + 0.00000 + 0.92077 + 5.24730]
Epoch 1387 [3.4s]: train==[5925.65231=5917.28336 + 2.13604 + 0.00000 + 0.92407 + 5.30882]
Epoch 1388 [3.3s]: train==[5994.50662=5986.18501 + 2.14119 + 0.00000 + 0.92309 + 5.25733]
drop_flag:  True ,	 mess_dropout:  [0.0, 0.0]
rate_batch  torch.Size([1162, 753])
gt_count  8427
candidate_count  874986
ideal candidate count  874986
Epoch 1389 [3.3s + 5.7s]: train==[6044.54789=6036.23067 + 2.14391 + 0.00000 + 0.92166 + 5.25158]
 recall=[0.23073, 0.49839], precision=[0.31859, 0.17956],  f1=[0.24706, 0.24747], RMRR=[0.11079, 0.15753]
Epoch 1390 [3.3s]: train==[6251.13243=6242.80775 + 2.13930 + 0.00000 + 0.92148 + 5.26390]
Epoch 1391 [3.3s]: train==[6119.00399=6110.68945 + 2.14593 + 0.00000 + 0.92383 + 5.24474]
Epoch 1392 [3.3s]: train==[6109.05296=6100.71426 + 2.14051 + 0.00000 + 0.92103 + 5.27712]
Epoch 1393 [3.3s]: train==[6130.37923=6122.00830 + 2.14025 + 0.00000 + 0.91939 + 5.31127]
Epoch 1394 [3.3s]: train==[6049.62615=6041.31567 + 2.14191 + 0.00000 + 0.92006 + 5.24849]
Epoch 1395 [3.3s]: train==[5940.71456=5932.39859 + 2.13889 + 0.00000 + 0.91652 + 5.26060]
Epoch 1396 [3.3s]: train==[6092.49482=6084.20953 + 2.14289 + 0.00000 + 0.91864 + 5.22373]
Epoch 1397 [3.3s]: train==[5888.78886=5880.46170 + 2.14434 + 0.00000 + 0.91989 + 5.26300]
Epoch 1398 [3.3s]: train==[6131.02821=6122.72833 + 2.14623 + 0.00000 + 0.91765 + 5.23603]
drop_flag:  True ,	 mess_dropout:  [0.0, 0.0]
rate_batch  torch.Size([1162, 753])
gt_count  8427
candidate_count  874986
ideal candidate count  874986
Epoch 1399 [3.3s + 5.6s]: train==[6014.85559=6006.53888 + 2.14161 + 0.00000 + 0.92009 + 5.25502]
 recall=[0.23464, 0.51072], precision=[0.32083, 0.18369],  f1=[0.24986, 0.25350], RMRR=[0.11601, 0.16612]
Epoch 1400 [3.3s]: train==[6110.76821=6102.46867 + 2.14664 + 0.00000 + 0.91809 + 5.23481]
Epoch 1401 [3.3s]: train==[6220.14777=6211.80753 + 2.14487 + 0.00000 + 0.91704 + 5.27837]
Epoch 1402 [3.3s]: train==[6207.09810=6198.79932 + 2.14326 + 0.00000 + 0.92043 + 5.23514]
Epoch 1403 [3.3s]: train==[6063.19481=6054.90114 + 2.14952 + 0.00000 + 0.91735 + 5.22679]
Epoch 1404 [3.3s]: train==[6217.14554=6208.82452 + 2.14177 + 0.00000 + 0.91757 + 5.26165]
Epoch 1405 [3.3s]: train==[5941.78160=5933.43890 + 2.14909 + 0.00000 + 0.91897 + 5.27457]
Epoch 1406 [3.3s]: train==[6232.71892=6224.39888 + 2.14778 + 0.00000 + 0.91816 + 5.25410]
Epoch 1407 [3.3s]: train==[5921.61418=5913.31407 + 2.14842 + 0.00000 + 0.91731 + 5.23433]
Epoch 1408 [3.3s]: train==[6110.55947=6102.23573 + 2.14935 + 0.00000 + 0.91409 + 5.26028]
drop_flag:  True ,	 mess_dropout:  [0.0, 0.0]
rate_batch  torch.Size([1162, 753])
gt_count  8427
candidate_count  874986
ideal candidate count  874986
Epoch 1409 [3.3s + 5.6s]: train==[5966.75228=5958.49438 + 2.14834 + 0.00000 + 0.91310 + 5.19643]
 recall=[0.23866, 0.51001], precision=[0.32599, 0.18365],  f1=[0.25407, 0.25323], RMRR=[0.11506, 0.16390]
Epoch 1410 [3.3s]: train==[5956.84446=5948.52460 + 2.15007 + 0.00000 + 0.91684 + 5.25296]
Epoch 1411 [3.3s]: train==[6230.32127=6222.02762 + 2.14444 + 0.00000 + 0.91316 + 5.23605]
Epoch 1412 [3.4s]: train==[6106.35830=6098.10872 + 2.14842 + 0.00000 + 0.91381 + 5.18735]
Epoch 1413 [3.4s]: train==[5921.18666=5912.90538 + 2.14370 + 0.00000 + 0.91350 + 5.22405]
Epoch 1414 [3.4s]: train==[6012.36124=6004.06628 + 2.15098 + 0.00000 + 0.91669 + 5.22734]
Epoch 1415 [3.3s]: train==[6065.11710=6056.79466 + 2.15446 + 0.00000 + 0.91668 + 5.25134]
Epoch 1416 [3.3s]: train==[6054.13043=6045.80965 + 2.14937 + 0.00000 + 0.91647 + 5.25492]
Epoch 1417 [3.3s]: train==[6003.52691=5995.23947 + 2.15158 + 0.00000 + 0.91482 + 5.22105]
Epoch 1418 [3.4s]: train==[6090.41070=6082.14261 + 2.15257 + 0.00000 + 0.91471 + 5.20078]
drop_flag:  True ,	 mess_dropout:  [0.0, 0.0]
rate_batch  torch.Size([1162, 753])
gt_count  8427
candidate_count  874986
ideal candidate count  874986
Epoch 1419 [3.3s + 5.6s]: train==[6344.74897=6336.41425 + 2.15174 + 0.00000 + 0.91406 + 5.26890]
 recall=[0.23841, 0.51303], precision=[0.32478, 0.18365],  f1=[0.25302, 0.25346], RMRR=[0.11461, 0.16468]
Epoch 1420 [3.3s]: train==[6021.76813=6013.49512 + 2.15120 + 0.00000 + 0.91311 + 5.20867]
Epoch 1421 [3.3s]: train==[6125.94610=6117.66469 + 2.15055 + 0.00000 + 0.91341 + 5.21748]
Epoch 1422 [3.3s]: train==[6198.75975=6190.44809 + 2.15415 + 0.00000 + 0.91319 + 5.24429]
Epoch 1423 [3.3s]: train==[5903.46347=5895.13802 + 2.15586 + 0.00000 + 0.91593 + 5.25365]
Epoch 1424 [3.3s]: train==[6092.25408=6083.94598 + 2.15822 + 0.00000 + 0.91647 + 5.23348]
Epoch 1425 [3.3s]: train==[6140.78704=6132.46043 + 2.15561 + 0.00000 + 0.91767 + 5.25330]
Epoch 1426 [3.3s]: train==[6016.94536=6008.63727 + 2.15244 + 0.00000 + 0.91575 + 5.23989]
Epoch 1427 [3.3s]: train==[6237.38299=6229.08958 + 2.15359 + 0.00000 + 0.91379 + 5.22613]
Epoch 1428 [3.4s]: train==[5948.03139=5939.78004 + 2.15136 + 0.00000 + 0.91094 + 5.18904]
drop_flag:  True ,	 mess_dropout:  [0.0, 0.0]
rate_batch  torch.Size([1162, 753])
gt_count  8427
candidate_count  874986
ideal candidate count  874986
Epoch 1429 [3.3s + 5.6s]: train==[6092.12252=6083.81938 + 2.15380 + 0.00000 + 0.91017 + 5.23918]
 recall=[0.24069, 0.51082], precision=[0.33012, 0.18369],  f1=[0.25678, 0.25322], RMRR=[0.11426, 0.16084]
Epoch 1430 [3.4s]: train==[6005.22114=5996.93918 + 2.15309 + 0.00000 + 0.90946 + 5.21932]
Epoch 1431 [3.3s]: train==[5953.10278=5944.80988 + 2.15818 + 0.00000 + 0.91235 + 5.22240]
Epoch 1432 [3.3s]: train==[6084.28129=6075.94188 + 2.15678 + 0.00000 + 0.91311 + 5.26950]
Epoch 1433 [3.3s]: train==[6012.43898=6004.16907 + 2.15363 + 0.00000 + 0.90792 + 5.20831]
Epoch 1434 [3.3s]: train==[5993.74347=5985.49593 + 2.15505 + 0.00000 + 0.91057 + 5.18193]
Epoch 1435 [3.3s]: train==[6012.51974=6004.22894 + 2.15549 + 0.00000 + 0.90946 + 5.22587]
Epoch 1436 [3.3s]: train==[6069.30430=6061.01424 + 2.15999 + 0.00000 + 0.91089 + 5.21919]
Epoch 1437 [3.3s]: train==[5985.42655=5977.15474 + 2.15633 + 0.00000 + 0.91214 + 5.20334]
Epoch 1438 [3.3s]: train==[6045.05360=6036.74091 + 2.15455 + 0.00000 + 0.90959 + 5.24860]
drop_flag:  True ,	 mess_dropout:  [0.0, 0.0]
rate_batch  torch.Size([1162, 753])
gt_count  8427
candidate_count  874986
ideal candidate count  874986
Epoch 1439 [3.3s + 5.6s]: train==[6111.07959=6102.72945 + 2.15449 + 0.00000 + 0.91213 + 5.28355]
 recall=[0.23453, 0.50832], precision=[0.32048, 0.18176],  f1=[0.25002, 0.25115], RMRR=[0.11253, 0.16133]
Epoch 1440 [3.3s]: train==[5951.36752=5943.07253 + 2.15826 + 0.00000 + 0.90833 + 5.22838]
Epoch 1441 [3.3s]: train==[6125.98344=6117.72147 + 2.15384 + 0.00000 + 0.90839 + 5.19969]
Epoch 1442 [3.3s]: train==[5964.96647=5956.69292 + 2.15932 + 0.00000 + 0.90823 + 5.20601]
Epoch 1443 [3.3s]: train==[6000.24185=5991.97095 + 2.15698 + 0.00000 + 0.90863 + 5.20523]
Epoch 1444 [3.3s]: train==[6166.44059=6158.13457 + 2.15801 + 0.00000 + 0.90850 + 5.23949]
Epoch 1445 [3.3s]: train==[5985.31965=5977.04825 + 2.16059 + 0.00000 + 0.91093 + 5.19989]
Epoch 1446 [3.3s]: train==[6189.89718=6181.60042 + 2.16150 + 0.00000 + 0.90930 + 5.22605]
Epoch 1447 [3.3s]: train==[6047.56744=6039.28528 + 2.16147 + 0.00000 + 0.90969 + 5.21102]
Epoch 1448 [3.3s]: train==[6220.63577=6212.33443 + 2.16129 + 0.00000 + 0.90849 + 5.23166]
drop_flag:  True ,	 mess_dropout:  [0.0, 0.0]
rate_batch  torch.Size([1162, 753])
gt_count  8427
candidate_count  874986
ideal candidate count  874986
Epoch 1449 [3.3s + 5.6s]: train==[6098.24047=6089.96986 + 2.15742 + 0.00000 + 0.90652 + 5.20666]
 recall=[0.23838, 0.51679], precision=[0.32823, 0.18541],  f1=[0.25509, 0.25594], RMRR=[0.11384, 0.16207]
Epoch 1450 [3.3s]: train==[6206.50985=6198.22446 + 2.15713 + 0.00000 + 0.90498 + 5.22333]
Epoch 1451 [3.3s]: train==[5990.70960=5982.40274 + 2.15946 + 0.00000 + 0.90642 + 5.24099]
Epoch 1452 [3.3s]: train==[6065.38714=6057.10030 + 2.15659 + 0.00000 + 0.90441 + 5.22583]
Epoch 1453 [3.3s]: train==[6188.13155=6179.83728 + 2.16704 + 0.00000 + 0.90596 + 5.22134]
Epoch 1454 [3.3s]: train==[5990.74210=5982.44667 + 2.16659 + 0.00000 + 0.90829 + 5.22062]
Epoch 1455 [3.3s]: train==[5938.45731=5930.17020 + 2.17130 + 0.00000 + 0.90402 + 5.21174]
Epoch 1456 [3.3s]: train==[6276.08854=6267.78770 + 2.16480 + 0.00000 + 0.90504 + 5.23101]
Epoch 1457 [3.3s]: train==[6162.38972=6154.13057 + 2.16295 + 0.00000 + 0.90375 + 5.19253]
Epoch 1458 [3.3s]: train==[6078.71395=6070.47522 + 2.16447 + 0.00000 + 0.90527 + 5.16897]
drop_flag:  True ,	 mess_dropout:  [0.0, 0.0]
rate_batch  torch.Size([1162, 753])
gt_count  8427
candidate_count  874986
ideal candidate count  874986
Epoch 1459 [3.3s + 5.6s]: train==[5991.55839=5983.28064 + 2.16412 + 0.00000 + 0.90418 + 5.20944]
 recall=[0.24018, 0.50683], precision=[0.32719, 0.18352],  f1=[0.25536, 0.25277], RMRR=[0.11322, 0.16090]
Epoch 1460 [3.3s]: train==[6071.01053=6062.71388 + 2.16081 + 0.00000 + 0.90426 + 5.23159]
Epoch 1461 [3.3s]: train==[6109.27415=6100.98834 + 2.16435 + 0.00000 + 0.90308 + 5.21832]
Epoch 1462 [3.3s]: train==[6135.90851=6127.61336 + 2.16647 + 0.00000 + 0.90540 + 5.22326]
Epoch 1463 [3.3s]: train==[6163.66498=6155.37505 + 2.16479 + 0.00000 + 0.90535 + 5.21976]
Epoch 1464 [3.3s]: train==[6084.15296=6075.88655 + 2.16082 + 0.00000 + 0.90231 + 5.20327]
Epoch 1465 [3.3s]: train==[6002.96133=5994.65361 + 2.16902 + 0.00000 + 0.90445 + 5.23423]
Epoch 1466 [3.3s]: train==[6147.56789=6139.31061 + 2.16355 + 0.00000 + 0.90074 + 5.19300]
Epoch 1467 [3.3s]: train==[6001.70998=5993.43948 + 2.16369 + 0.00000 + 0.90265 + 5.20412]
Epoch 1468 [3.3s]: train==[6124.02311=6115.73799 + 2.16793 + 0.00000 + 0.89859 + 5.21858]
drop_flag:  True ,	 mess_dropout:  [0.0, 0.0]
rate_batch  torch.Size([1162, 753])
gt_count  8427
candidate_count  874986
ideal candidate count  874986
Epoch 1469 [3.3s + 5.6s]: train==[6084.93388=6076.66418 + 2.16540 + 0.00000 + 0.89914 + 5.20508]
 recall=[0.24040, 0.51629], precision=[0.33201, 0.18524],  f1=[0.25826, 0.25575], RMRR=[0.11462, 0.16397]
Epoch 1470 [3.3s]: train==[6038.35750=6030.07051 + 2.16921 + 0.00000 + 0.90301 + 5.21482]
Epoch 1471 [3.3s]: train==[6143.26786=6135.00383 + 2.17093 + 0.00000 + 0.90251 + 5.19055]
Epoch 1472 [3.4s]: train==[6106.64002=6098.39146 + 2.17148 + 0.00000 + 0.90087 + 5.17619]
Epoch 1473 [3.3s]: train==[6161.13192=6152.86961 + 2.16952 + 0.00000 + 0.89951 + 5.19328]
Epoch 1474 [3.4s]: train==[6056.73814=6048.45250 + 2.17158 + 0.00000 + 0.90028 + 5.21377]
Epoch 1475 [3.4s]: train==[5815.05336=5806.73943 + 2.16795 + 0.00000 + 0.90193 + 5.24407]
Epoch 1476 [3.3s]: train==[5983.58085=5975.30435 + 2.17118 + 0.00000 + 0.89944 + 5.20589]
Epoch 1477 [3.3s]: train==[5974.91004=5966.67419 + 2.16909 + 0.00000 + 0.90116 + 5.16559]
Epoch 1478 [3.3s]: train==[5902.09339=5893.86028 + 2.16853 + 0.00000 + 0.89859 + 5.16595]
drop_flag:  True ,	 mess_dropout:  [0.0, 0.0]
rate_batch  torch.Size([1162, 753])
gt_count  8427
candidate_count  874986
ideal candidate count  874986
Epoch 1479 [3.3s + 5.6s]: train==[5976.99390=5968.73376 + 2.17489 + 0.00000 + 0.89927 + 5.18598]
 recall=[0.24112, 0.51416], precision=[0.32823, 0.18404],  f1=[0.25610, 0.25423], RMRR=[0.11539, 0.16321]
Epoch 1480 [3.3s]: train==[6088.97113=6080.70786 + 2.17414 + 0.00000 + 0.89776 + 5.19142]
Epoch 1481 [3.3s]: train==[6100.64709=6092.40242 + 2.17081 + 0.00000 + 0.89906 + 5.17479]
Epoch 1482 [3.3s]: train==[5833.77676=5825.50713 + 2.17225 + 0.00000 + 0.89761 + 5.19979]
Epoch 1483 [3.3s]: train==[6009.58106=6001.30925 + 2.17709 + 0.00000 + 0.89801 + 5.19674]
Epoch 1484 [3.3s]: train==[6100.01509=6091.74673 + 2.17242 + 0.00000 + 0.89642 + 5.19955]
Epoch 1485 [3.3s]: train==[5961.67322=5953.46684 + 2.17580 + 0.00000 + 0.89460 + 5.13601]
Epoch 1486 [3.3s]: train==[6049.28193=6041.05374 + 2.17561 + 0.00000 + 0.89780 + 5.15478]
Epoch 1487 [3.3s]: train==[6012.79936=6004.54294 + 2.17293 + 0.00000 + 0.89721 + 5.18636]
Epoch 1488 [3.3s]: train==[5990.40999=5982.12364 + 2.16919 + 0.00000 + 0.89874 + 5.21844]
drop_flag:  True ,	 mess_dropout:  [0.0, 0.0]
rate_batch  torch.Size([1162, 753])
gt_count  8427
candidate_count  874986
ideal candidate count  874986
Epoch 1489 [3.3s + 5.6s]: train==[6047.14306=6038.86444 + 2.17216 + 0.00000 + 0.89700 + 5.20942]
 recall=[0.24511, 0.51062], precision=[0.33305, 0.18378],  f1=[0.26015, 0.25335], RMRR=[0.11643, 0.16498]
Epoch 1490 [3.3s]: train==[6140.11267=6131.86243 + 2.18081 + 0.00000 + 0.89597 + 5.17343]
Epoch 1491 [3.3s]: train==[6010.05073=6001.77704 + 2.17724 + 0.00000 + 0.89385 + 5.20256]
Epoch 1492 [3.3s]: train==[5876.99381=5868.74873 + 2.17563 + 0.00000 + 0.89366 + 5.17578]
Epoch 1493 [3.3s]: train==[6035.59536=6027.36195 + 2.17192 + 0.00000 + 0.89470 + 5.16674]
Epoch 1494 [3.4s]: train==[6158.80470=6150.49916 + 2.17216 + 0.00000 + 0.89670 + 5.23671]
Epoch 1495 [3.4s]: train==[6068.35950=6060.10168 + 2.17570 + 0.00000 + 0.89598 + 5.18610]
Epoch 1496 [3.4s]: train==[5790.87277=5782.59433 + 2.18264 + 0.00000 + 0.89551 + 5.20026]
Epoch 1497 [3.4s]: train==[6072.72212=6064.46327 + 2.17255 + 0.00000 + 0.89527 + 5.19109]
Epoch 1498 [3.4s]: train==[6175.98886=6167.72557 + 2.17899 + 0.00000 + 0.89533 + 5.18897]
drop_flag:  True ,	 mess_dropout:  [0.0, 0.0]
rate_batch  torch.Size([1162, 753])
gt_count  8427
candidate_count  874986
ideal candidate count  874986
Epoch 1499 [3.3s + 5.6s]: train==[6113.56045=6105.32559 + 2.17489 + 0.00000 + 0.89369 + 5.16619]
 recall=[0.24175, 0.51221], precision=[0.32978, 0.18417],  f1=[0.25724, 0.25404], RMRR=[0.11594, 0.16456]
Epoch 1500 [3.3s]: train==[6010.03974=6001.76993 + 2.17345 + 0.00000 + 0.89486 + 5.20154]
Epoch 1501 [3.3s]: train==[6057.69908=6049.45865 + 2.17228 + 0.00000 + 0.89526 + 5.17290]
Epoch 1502 [3.3s]: train==[5933.75271=5925.54619 + 2.17686 + 0.00000 + 0.89048 + 5.13921]
Epoch 1503 [3.3s]: train==[6121.37770=6113.11467 + 2.17579 + 0.00000 + 0.89198 + 5.19526]
Epoch 1504 [3.3s]: train==[5901.38674=5893.17050 + 2.18026 + 0.00000 + 0.89222 + 5.14377]
Epoch 1505 [3.3s]: train==[6286.35872=6278.11566 + 2.17534 + 0.00000 + 0.89362 + 5.17413]
Epoch 1506 [3.3s]: train==[6092.87616=6084.65689 + 2.17458 + 0.00000 + 0.89215 + 5.15254]
Epoch 1507 [3.3s]: train==[6291.17802=6282.95119 + 2.17978 + 0.00000 + 0.89274 + 5.15433]
Epoch 1508 [3.3s]: train==[5965.32708=5957.10040 + 2.17553 + 0.00000 + 0.88835 + 5.16278]
drop_flag:  True ,	 mess_dropout:  [0.0, 0.0]
rate_batch  torch.Size([1162, 753])
gt_count  8427
candidate_count  874986
ideal candidate count  874986
Epoch 1509 [3.3s + 5.6s]: train==[6073.49668=6065.24963 + 2.17603 + 0.00000 + 0.88886 + 5.18218]
 recall=[0.23978, 0.51637], precision=[0.32513, 0.18481],  f1=[0.25433, 0.25533], RMRR=[0.11309, 0.16260]
Epoch 1510 [3.3s]: train==[5962.93706=5954.68248 + 2.18036 + 0.00000 + 0.89146 + 5.18276]
Epoch 1511 [3.3s]: train==[5988.55705=5980.30554 + 2.17844 + 0.00000 + 0.89171 + 5.18136]
Epoch 1512 [3.3s]: train==[6171.10813=6162.89050 + 2.17537 + 0.00000 + 0.89201 + 5.15024]
Epoch 1513 [3.3s]: train==[6014.36700=6006.15105 + 2.17974 + 0.00000 + 0.89100 + 5.14513]
Epoch 1514 [3.3s]: train==[5897.12006=5888.92421 + 2.17507 + 0.00000 + 0.88924 + 5.13155]
Epoch 1515 [3.3s]: train==[6255.67065=6247.46419 + 2.17208 + 0.00000 + 0.88897 + 5.14542]
Epoch 1516 [3.3s]: train==[6121.02244=6112.80946 + 2.18016 + 0.00000 + 0.88875 + 5.14409]
Epoch 1517 [3.3s]: train==[6076.48597=6068.25586 + 2.17703 + 0.00000 + 0.88765 + 5.16542]
Epoch 1518 [3.3s]: train==[5984.97458=5976.75598 + 2.17278 + 0.00000 + 0.88902 + 5.15680]
drop_flag:  True ,	 mess_dropout:  [0.0, 0.0]
rate_batch  torch.Size([1162, 753])
gt_count  8427
candidate_count  874986
ideal candidate count  874986
Epoch 1519 [3.3s + 5.6s]: train==[5951.88001=5943.59207 + 2.17920 + 0.00000 + 0.89213 + 5.21661]
 recall=[0.23980, 0.51337], precision=[0.32599, 0.18515],  f1=[0.25472, 0.25506], RMRR=[0.11180, 0.16153]
Epoch 1520 [3.3s]: train==[6015.18960=6006.92371 + 2.18037 + 0.00000 + 0.88733 + 5.19821]
Epoch 1521 [3.4s]: train==[6029.01552=6020.76978 + 2.18278 + 0.00000 + 0.88916 + 5.17384]
Epoch 1522 [3.3s]: train==[6026.36817=6018.15173 + 2.18299 + 0.00000 + 0.88943 + 5.14405]
Epoch 1523 [3.4s]: train==[5995.41574=5987.17120 + 2.17892 + 0.00000 + 0.88747 + 5.17809]
Epoch 1524 [3.3s]: train==[6139.39381=6131.09473 + 2.18292 + 0.00000 + 0.88945 + 5.22670]
Epoch 1525 [3.3s]: train==[6257.33663=6249.10873 + 2.18014 + 0.00000 + 0.88564 + 5.16212]
Epoch 1526 [3.3s]: train==[6284.24511=6276.00587 + 2.18032 + 0.00000 + 0.89157 + 5.16729]
Epoch 1527 [3.3s]: train==[5818.25678=5810.03558 + 2.18382 + 0.00000 + 0.88905 + 5.14829]
Epoch 1528 [3.3s]: train==[6102.24281=6094.03104 + 2.18020 + 0.00000 + 0.88323 + 5.14834]
drop_flag:  True ,	 mess_dropout:  [0.0, 0.0]
rate_batch  torch.Size([1162, 753])
gt_count  8427
candidate_count  874986
ideal candidate count  874986
Epoch 1529 [3.3s + 5.7s]: train==[5761.29647=5753.04657 + 2.18561 + 0.00000 + 0.88713 + 5.17714]
 recall=[0.24305, 0.50879], precision=[0.33305, 0.18361],  f1=[0.25961, 0.25301], RMRR=[0.11143, 0.15770]
Epoch 1530 [3.3s]: train==[5967.18747=5958.96571 + 2.18264 + 0.00000 + 0.88503 + 5.15412]
Epoch 1531 [3.3s]: train==[6116.50340=6108.27112 + 2.17961 + 0.00000 + 0.88686 + 5.16584]
Epoch 1532 [3.3s]: train==[5710.75991=5702.52306 + 2.17947 + 0.00000 + 0.88664 + 5.17076]
Epoch 1533 [3.3s]: train==[5990.01219=5981.76733 + 2.18077 + 0.00000 + 0.88611 + 5.17798]
Epoch 1534 [3.3s]: train==[5845.96233=5837.73572 + 2.18185 + 0.00000 + 0.88351 + 5.16121]
Epoch 1535 [3.3s]: train==[6122.82431=6114.61607 + 2.18519 + 0.00000 + 0.88427 + 5.13875]
Epoch 1536 [3.3s]: train==[6054.53289=6046.30533 + 2.18281 + 0.00000 + 0.88084 + 5.16386]
Epoch 1537 [3.3s]: train==[6087.00875=6078.81796 + 2.18204 + 0.00000 + 0.88266 + 5.12609]
Epoch 1538 [3.3s]: train==[5977.76516=5969.56482 + 2.18261 + 0.00000 + 0.88502 + 5.13272]
drop_flag:  True ,	 mess_dropout:  [0.0, 0.0]
rate_batch  torch.Size([1162, 753])
gt_count  8427
candidate_count  874986
ideal candidate count  874986
Epoch 1539 [3.3s + 5.7s]: train==[5954.88296=5946.65887 + 2.18780 + 0.00000 + 0.88407 + 5.15219]
 recall=[0.24536, 0.51482], precision=[0.33735, 0.18597],  f1=[0.26259, 0.25651], RMRR=[0.11963, 0.16560]
Epoch 1540 [3.3s]: train==[5873.94045=5865.74388 + 2.18411 + 0.00000 + 0.88298 + 5.12948]
Epoch 1541 [3.3s]: train==[5962.61701=5954.41302 + 2.18641 + 0.00000 + 0.88378 + 5.13380]
Epoch 1542 [3.3s]: train==[6322.89222=6314.68410 + 2.18518 + 0.00000 + 0.88398 + 5.13898]
Epoch 1543 [3.3s]: train==[6261.78197=6253.60641 + 2.18369 + 0.00000 + 0.88213 + 5.10973]
Epoch 1544 [3.3s]: train==[6204.47258=6196.27257 + 2.18112 + 0.00000 + 0.88112 + 5.13777]
Epoch 1545 [3.3s]: train==[6250.51591=6242.29427 + 2.18573 + 0.00000 + 0.88241 + 5.15356]
Epoch 1546 [3.3s]: train==[5974.80533=5966.54947 + 2.18525 + 0.00000 + 0.88235 + 5.18826]
Epoch 1547 [3.3s]: train==[5909.03299=5900.80070 + 2.18965 + 0.00000 + 0.88499 + 5.15768]
Epoch 1548 [3.3s]: train==[5905.27879=5897.06526 + 2.18749 + 0.00000 + 0.87891 + 5.14710]
drop_flag:  True ,	 mess_dropout:  [0.0, 0.0]
rate_batch  torch.Size([1162, 753])
gt_count  8427
candidate_count  874986
ideal candidate count  874986
Epoch 1549 [3.3s + 5.6s]: train==[6005.06858=5996.84454 + 2.18866 + 0.00000 + 0.88072 + 5.15466]
 recall=[0.24277, 0.51714], precision=[0.33081, 0.18705],  f1=[0.25827, 0.25760], RMRR=[0.11543, 0.16597]
Epoch 1550 [3.3s]: train==[5894.20186=5885.99493 + 2.18538 + 0.00000 + 0.88011 + 5.14138]
Epoch 1551 [3.3s]: train==[6047.20199=6038.95200 + 2.18746 + 0.00000 + 0.88093 + 5.18166]
Epoch 1552 [3.3s]: train==[6071.55440=6063.36398 + 2.18470 + 0.00000 + 0.88020 + 5.12554]
Epoch 1553 [3.3s]: train==[5878.66045=5870.44194 + 2.19675 + 0.00000 + 0.88280 + 5.13899]
Epoch 1554 [3.3s]: train==[5952.95025=5944.71516 + 2.18660 + 0.00000 + 0.88281 + 5.16569]
Epoch 1555 [3.3s]: train==[6052.01533=6043.79494 + 2.18749 + 0.00000 + 0.88257 + 5.15029]
Epoch 1556 [3.3s]: train==[6129.56139=6121.36674 + 2.18767 + 0.00000 + 0.87810 + 5.12891]
Epoch 1557 [3.3s]: train==[6213.19443=6204.96393 + 2.18762 + 0.00000 + 0.88171 + 5.16123]
Epoch 1558 [3.3s]: train==[6197.37210=6189.10426 + 2.19020 + 0.00000 + 0.87984 + 5.19786]
drop_flag:  True ,	 mess_dropout:  [0.0, 0.0]
rate_batch  torch.Size([1162, 753])
gt_count  8427
candidate_count  874986
ideal candidate count  874986
Epoch 1559 [3.3s + 5.6s]: train==[5823.79394=5815.56207 + 2.19181 + 0.00000 + 0.88036 + 5.15972]
 recall=[0.24057, 0.51135], precision=[0.32685, 0.18412],  f1=[0.25572, 0.25388], RMRR=[0.11640, 0.16550]
Epoch 1560 [3.3s]: train==[6130.78471=6122.59341 + 2.19335 + 0.00000 + 0.88171 + 5.11619]
Epoch 1561 [3.3s]: train==[6100.48903=6092.29030 + 2.19182 + 0.00000 + 0.87857 + 5.12836]
Epoch 1562 [3.4s]: train==[5954.89618=5946.65587 + 2.19164 + 0.00000 + 0.88245 + 5.16629]
Epoch 1563 [3.4s]: train==[6223.99646=6215.75128 + 2.19411 + 0.00000 + 0.87943 + 5.17162]
Epoch 1564 [3.3s]: train==[6055.27821=6047.00388 + 2.18886 + 0.00000 + 0.87717 + 5.20834]
Epoch 1565 [3.3s]: train==[6219.02571=6210.78247 + 2.18915 + 0.00000 + 0.87782 + 5.17637]
Epoch 1566 [3.3s]: train==[6060.08349=6051.86470 + 2.18838 + 0.00000 + 0.87915 + 5.15126]
Epoch 1567 [3.3s]: train==[5899.67577=5891.40488 + 2.18792 + 0.00000 + 0.87819 + 5.20479]
Epoch 1568 [3.3s]: train==[6141.95378=6133.75650 + 2.19475 + 0.00000 + 0.87825 + 5.12424]
drop_flag:  True ,	 mess_dropout:  [0.0, 0.0]
rate_batch  torch.Size([1162, 753])
gt_count  8427
candidate_count  874986
ideal candidate count  874986
Epoch 1569 [3.3s + 5.7s]: train==[5906.28294=5898.08214 + 2.18926 + 0.00000 + 0.87820 + 5.13329]
 recall=[0.23931, 0.51072], precision=[0.32840, 0.18447],  f1=[0.25620, 0.25427], RMRR=[0.11199, 0.16047]
Epoch 1570 [3.4s]: train==[6024.93971=6016.73944 + 2.19402 + 0.00000 + 0.87969 + 5.12658]
Epoch 1571 [3.3s]: train==[6145.38980=6137.16086 + 2.19223 + 0.00000 + 0.87723 + 5.15946]
Epoch 1572 [3.3s]: train==[5987.72727=5979.51167 + 2.19080 + 0.00000 + 0.87833 + 5.14645]
Epoch 1573 [3.4s]: train==[6061.47004=6053.25647 + 2.19367 + 0.00000 + 0.87733 + 5.14261]
Epoch 1574 [3.3s]: train==[6011.87598=6003.61607 + 2.19163 + 0.00000 + 0.87807 + 5.19022]
Epoch 1575 [3.4s]: train==[5979.25804=5971.03064 + 2.19068 + 0.00000 + 0.87600 + 5.16076]
Epoch 1576 [3.4s]: train==[6235.25453=6227.07462 + 2.19318 + 0.00000 + 0.87526 + 5.11144]
Epoch 1577 [3.4s]: train==[6215.86150=6207.70805 + 2.19056 + 0.00000 + 0.87646 + 5.08643]
Epoch 1578 [3.3s]: train==[5909.82745=5901.64442 + 2.19486 + 0.00000 + 0.87529 + 5.11288]
drop_flag:  True ,	 mess_dropout:  [0.0, 0.0]
rate_batch  torch.Size([1162, 753])
gt_count  8427
candidate_count  874986
ideal candidate count  874986
Epoch 1579 [3.4s + 5.6s]: train==[6036.84663=6028.63345 + 2.19025 + 0.00000 + 0.87610 + 5.14677]
 recall=[0.24493, 0.51381], precision=[0.33494, 0.18602],  f1=[0.26081, 0.25615], RMRR=[0.11816, 0.16608]
Epoch 1580 [3.3s]: train==[6131.37501=6123.18254 + 2.19434 + 0.00000 + 0.87509 + 5.12303]
Epoch 1581 [3.3s]: train==[6065.75076=6057.56816 + 2.19343 + 0.00000 + 0.87660 + 5.11261]
Epoch 1582 [3.3s]: train==[5894.77232=5886.56189 + 2.19434 + 0.00000 + 0.88090 + 5.13523]
Epoch 1583 [3.3s]: train==[5974.52314=5966.28658 + 2.19272 + 0.00000 + 0.87568 + 5.16818]
Epoch 1584 [3.3s]: train==[6082.12221=6073.89252 + 2.19254 + 0.00000 + 0.87652 + 5.16064]
Epoch 1585 [3.3s]: train==[6003.63220=5995.40779 + 2.19531 + 0.00000 + 0.87769 + 5.15141]
Epoch 1586 [3.3s]: train==[6114.63528=6106.40723 + 2.18984 + 0.00000 + 0.87661 + 5.16164]
Epoch 1587 [3.3s]: train==[6029.17422=6020.97833 + 2.19347 + 0.00000 + 0.87623 + 5.12620]
Epoch 1588 [3.3s]: train==[6172.32360=6164.08955 + 2.19259 + 0.00000 + 0.87897 + 5.16249]
drop_flag:  True ,	 mess_dropout:  [0.0, 0.0]
rate_batch  torch.Size([1162, 753])
gt_count  8427
candidate_count  874986
ideal candidate count  874986
Epoch 1589 [3.3s + 5.6s]: train==[6001.46649=5993.22044 + 2.19452 + 0.00000 + 0.87489 + 5.17661]
 recall=[0.24120, 0.51802], precision=[0.33425, 0.18675],  f1=[0.25916, 0.25735], RMRR=[0.11482, 0.16324]
Epoch 1590 [3.3s]: train==[5985.27572=5977.08791 + 2.19461 + 0.00000 + 0.87313 + 5.12007]
Epoch 1591 [3.3s]: train==[6014.03807=6005.81181 + 2.19746 + 0.00000 + 0.87558 + 5.15321]
Epoch 1592 [3.3s]: train==[6114.01320=6105.78909 + 2.19550 + 0.00000 + 0.87287 + 5.15567]
Epoch 1593 [3.3s]: train==[6143.09459=6134.84909 + 2.19523 + 0.00000 + 0.87347 + 5.17680]
Epoch 1594 [3.3s]: train==[5966.59377=5958.35713 + 2.19769 + 0.00000 + 0.87236 + 5.16656]
Epoch 1595 [3.3s]: train==[5703.34397=5695.09785 + 2.19394 + 0.00000 + 0.87165 + 5.18053]
Epoch 1596 [3.3s]: train==[6047.51264=6039.32576 + 2.19426 + 0.00000 + 0.87025 + 5.12238]
Epoch 1597 [3.3s]: train==[6128.32892=6120.14919 + 2.19797 + 0.00000 + 0.87075 + 5.11096]
Epoch 1598 [3.3s]: train==[6161.86856=6153.66972 + 2.19502 + 0.00000 + 0.87281 + 5.13102]
drop_flag:  True ,	 mess_dropout:  [0.0, 0.0]
rate_batch  torch.Size([1162, 753])
gt_count  8427
candidate_count  874986
ideal candidate count  874986
Epoch 1599 [3.3s + 5.6s]: train==[5945.30082=5937.09862 + 2.19649 + 0.00000 + 0.86969 + 5.13606]
 recall=[0.24525, 0.51280], precision=[0.33563, 0.18563],  f1=[0.26120, 0.25554], RMRR=[0.11773, 0.16610]
Epoch 1600 [3.4s]: train==[5822.23322=5814.04216 + 2.20098 + 0.00000 + 0.86917 + 5.12095]
Epoch 1601 [3.3s]: train==[5941.37720=5933.18185 + 2.19693 + 0.00000 + 0.87186 + 5.12653]
Epoch 1602 [3.3s]: train==[6120.66337=6112.51917 + 2.19862 + 0.00000 + 0.87058 + 5.07495]
Epoch 1603 [3.3s]: train==[6173.53839=6165.35281 + 2.19900 + 0.00000 + 0.87209 + 5.11446]
Epoch 1604 [3.3s]: train==[5804.04885=5795.90041 + 2.19678 + 0.00000 + 0.87126 + 5.08040]
Epoch 1605 [3.3s]: train==[6009.45831=6001.29294 + 2.19697 + 0.00000 + 0.86983 + 5.09860]
Epoch 1606 [3.3s]: train==[5943.52999=5935.34198 + 2.19958 + 0.00000 + 0.87003 + 5.11841]
Epoch 1607 [3.4s]: train==[6115.15895=6107.00838 + 2.20018 + 0.00000 + 0.86972 + 5.08066]
Epoch 1608 [3.4s]: train==[5783.34258=5775.17728 + 2.19890 + 0.00000 + 0.87167 + 5.09477]
drop_flag:  True ,	 mess_dropout:  [0.0, 0.0]
rate_batch  torch.Size([1162, 753])
gt_count  8427
candidate_count  874986
ideal candidate count  874986
Epoch 1609 [3.3s + 5.6s]: train==[5852.00595=5843.83151 + 2.19681 + 0.00000 + 0.87022 + 5.10734]
 recall=[0.24656, 0.51298], precision=[0.33855, 0.18485],  f1=[0.26378, 0.25479], RMRR=[0.11786, 0.16465]
Epoch 1610 [3.4s]: train==[6094.25752=6086.11577 + 2.19790 + 0.00000 + 0.86709 + 5.07675]
Epoch 1611 [3.3s]: train==[5972.19619=5963.97859 + 2.20013 + 0.00000 + 0.87249 + 5.14499]
Epoch 1612 [3.3s]: train==[6079.83161=6071.59152 + 2.20498 + 0.00000 + 0.87141 + 5.16372]
Epoch 1613 [3.3s]: train==[6029.14888=6020.93303 + 2.20200 + 0.00000 + 0.86805 + 5.14579]
Epoch 1614 [3.3s]: train==[6098.48102=6090.28627 + 2.20191 + 0.00000 + 0.86804 + 5.12477]
Epoch 1615 [3.3s]: train==[6073.59884=6065.40585 + 2.19916 + 0.00000 + 0.86922 + 5.12462]
Epoch 1616 [3.3s]: train==[6260.62783=6252.43755 + 2.19755 + 0.00000 + 0.87098 + 5.12171]
Epoch 1617 [3.3s]: train==[5951.94696=5943.74225 + 2.19934 + 0.00000 + 0.86702 + 5.13834]
Epoch 1618 [3.3s]: train==[5893.53601=5885.33951 + 2.20146 + 0.00000 + 0.86958 + 5.12544]
drop_flag:  True ,	 mess_dropout:  [0.0, 0.0]
rate_batch  torch.Size([1162, 753])
gt_count  8427
candidate_count  874986
ideal candidate count  874986
Epoch 1619 [3.3s + 5.6s]: train==[6137.83313=6129.65900 + 2.20352 + 0.00000 + 0.86958 + 5.10101]
 recall=[0.24530, 0.51021], precision=[0.33701, 0.18511],  f1=[0.26241, 0.25479], RMRR=[0.11417, 0.16294]
Epoch 1620 [3.3s]: train==[6043.64601=6035.45448 + 2.20210 + 0.00000 + 0.86935 + 5.12011]
Epoch 1621 [3.3s]: train==[5912.32407=5904.11168 + 2.19941 + 0.00000 + 0.86930 + 5.14372]
Epoch 1622 [3.3s]: train==[6015.13199=6006.87817 + 2.20238 + 0.00000 + 0.87195 + 5.17948]
Epoch 1623 [3.3s]: train==[5986.32414=5978.15536 + 2.20770 + 0.00000 + 0.86801 + 5.09303]
Epoch 1624 [3.3s]: train==[6030.85055=6022.68796 + 2.20278 + 0.00000 + 0.86780 + 5.09202]
Epoch 1625 [3.3s]: train==[6211.77488=6203.62990 + 2.20174 + 0.00000 + 0.86607 + 5.07718]
Epoch 1626 [3.3s]: train==[5876.41118=5868.15837 + 2.20699 + 0.00000 + 0.86880 + 5.17701]
Epoch 1627 [3.3s]: train==[5931.36739=5923.14236 + 2.20650 + 0.00000 + 0.86802 + 5.15054]
Epoch 1628 [3.3s]: train==[5861.58284=5853.40849 + 2.20186 + 0.00000 + 0.86636 + 5.10613]
drop_flag:  True ,	 mess_dropout:  [0.0, 0.0]
rate_batch  torch.Size([1162, 753])
gt_count  8427
candidate_count  874986
ideal candidate count  874986
Epoch 1629 [3.3s + 5.6s]: train==[6176.06211=6167.88274 + 2.21186 + 0.00000 + 0.86801 + 5.09950]
 recall=[0.24313, 0.50976], precision=[0.33511, 0.18533],  f1=[0.26011, 0.25520], RMRR=[0.11494, 0.16304]
Epoch 1630 [3.4s]: train==[5763.59256=5755.41249 + 2.20526 + 0.00000 + 0.86378 + 5.11100]
Epoch 1631 [3.4s]: train==[5918.64688=5910.48663 + 2.20337 + 0.00000 + 0.86679 + 5.09011]
Epoch 1632 [3.4s]: train==[6011.67478=6003.51434 + 2.20593 + 0.00000 + 0.86728 + 5.08717]
Epoch 1633 [3.4s]: train==[6175.27016=6167.11623 + 2.20849 + 0.00000 + 0.86638 + 5.07909]
Epoch 1634 [3.3s]: train==[5895.76922=5887.59856 + 2.20515 + 0.00000 + 0.86108 + 5.10438]
Epoch 1635 [3.3s]: train==[6187.72674=6179.54193 + 2.20240 + 0.00000 + 0.86332 + 5.11906]
Epoch 1636 [3.3s]: train==[5943.82641=5935.63585 + 2.20895 + 0.00000 + 0.86609 + 5.11550]
Epoch 1637 [3.3s]: train==[6142.05445=6133.86591 + 2.20788 + 0.00000 + 0.86542 + 5.11522]
Epoch 1638 [3.3s]: train==[6046.55947=6038.37833 + 2.20455 + 0.00000 + 0.86304 + 5.11359]
drop_flag:  True ,	 mess_dropout:  [0.0, 0.0]
rate_batch  torch.Size([1162, 753])
gt_count  8427
candidate_count  874986
ideal candidate count  874986
Epoch 1639 [3.3s + 5.6s]: train==[6204.36911=6196.16603 + 2.20713 + 0.00000 + 0.86644 + 5.12949]
 recall=[0.24068, 0.51754], precision=[0.33064, 0.18554],  f1=[0.25693, 0.25596], RMRR=[0.11182, 0.15995]
Epoch 1640 [3.3s]: train==[6121.88353=6113.70488 + 2.20947 + 0.00000 + 0.86826 + 5.10087]
Epoch 1641 [3.3s]: train==[6097.81481=6089.61084 + 2.20560 + 0.00000 + 0.86456 + 5.13382]
Epoch 1642 [3.3s]: train==[5906.24217=5898.01151 + 2.20320 + 0.00000 + 0.86467 + 5.16276]
Epoch 1643 [3.3s]: train==[6158.08024=6149.87933 + 2.20935 + 0.00000 + 0.86750 + 5.12408]
Epoch 1644 [3.3s]: train==[5895.76812=5887.56171 + 2.20573 + 0.00000 + 0.86494 + 5.13574]
Epoch 1645 [3.3s]: train==[6010.44285=6002.24286 + 2.21016 + 0.00000 + 0.86619 + 5.12366]
Epoch 1646 [3.3s]: train==[5870.95661=5862.74640 + 2.21270 + 0.00000 + 0.86426 + 5.13328]
Epoch 1647 [3.3s]: train==[6083.91660=6075.72368 + 2.20759 + 0.00000 + 0.86379 + 5.12154]
Epoch 1648 [3.3s]: train==[6104.59730=6096.42616 + 2.20994 + 0.00000 + 0.86388 + 5.09726]
drop_flag:  True ,	 mess_dropout:  [0.0, 0.0]
rate_batch  torch.Size([1162, 753])
gt_count  8427
candidate_count  874986
ideal candidate count  874986
Epoch 1649 [3.3s + 5.6s]: train==[6114.53029=6106.35803 + 2.20685 + 0.00000 + 0.86278 + 5.10266]
 recall=[0.24022, 0.51722], precision=[0.33270, 0.18645],  f1=[0.25761, 0.25697], RMRR=[0.11343, 0.16353]
Epoch 1650 [3.3s]: train==[5879.24423=5871.11032 + 2.20836 + 0.00000 + 0.86238 + 5.06313]
Epoch 1651 [3.3s]: train==[6079.19622=6071.00641 + 2.20763 + 0.00000 + 0.86498 + 5.11719]
Epoch 1652 [3.3s]: train==[6021.43536=6013.21613 + 2.20340 + 0.00000 + 0.86560 + 5.15025]
Epoch 1653 [3.3s]: train==[6038.91327=6030.73206 + 2.21141 + 0.00000 + 0.86496 + 5.10478]
Epoch 1654 [3.3s]: train==[5772.57697=5764.41255 + 2.21230 + 0.00000 + 0.86437 + 5.08773]
Epoch 1655 [3.3s]: train==[6193.11236=6184.94981 + 2.20829 + 0.00000 + 0.86253 + 5.09167]
Epoch 1656 [3.3s]: train==[6054.53319=6046.32646 + 2.20769 + 0.00000 + 0.86533 + 5.13369]
Epoch 1657 [3.3s]: train==[5974.18311=5966.02670 + 2.21142 + 0.00000 + 0.86253 + 5.08250]
Epoch 1658 [3.3s]: train==[6104.43039=6096.24884 + 2.20840 + 0.00000 + 0.86119 + 5.11202]
drop_flag:  True ,	 mess_dropout:  [0.0, 0.0]
rate_batch  torch.Size([1162, 753])
gt_count  8427
candidate_count  874986
ideal candidate count  874986
Epoch 1659 [3.3s + 5.6s]: train==[6071.29775=6063.11845 + 2.20759 + 0.00000 + 0.86195 + 5.10973]
 recall=[0.23627, 0.51475], precision=[0.32771, 0.18563],  f1=[0.25323, 0.25579], RMRR=[0.11295, 0.16231]
Epoch 1660 [3.3s]: train==[5938.20749=5930.04056 + 2.21145 + 0.00000 + 0.86159 + 5.09388]
Epoch 1661 [3.3s]: train==[6108.27467=6100.14363 + 2.20988 + 0.00000 + 0.86517 + 5.05594]
Epoch 1662 [3.3s]: train==[6043.77893=6035.64149 + 2.20968 + 0.00000 + 0.86280 + 5.06498]
Epoch 1663 [3.3s]: train==[6007.69128=5999.59364 + 2.21001 + 0.00000 + 0.85827 + 5.02937]
Epoch 1664 [3.3s]: train==[6045.88486=6037.73425 + 2.21025 + 0.00000 + 0.86021 + 5.08020]
Epoch 1665 [3.3s]: train==[6128.53735=6120.32533 + 2.21570 + 0.00000 + 0.86271 + 5.13352]
Epoch 1666 [3.3s]: train==[6142.71956=6134.57164 + 2.21436 + 0.00000 + 0.86312 + 5.07043]
Epoch 1667 [3.3s]: train==[5982.52322=5974.39398 + 2.21325 + 0.00000 + 0.85864 + 5.05731]
Epoch 1668 [3.3s]: train==[5962.71319=5954.55142 + 2.22066 + 0.00000 + 0.86134 + 5.07972]
drop_flag:  True ,	 mess_dropout:  [0.0, 0.0]
rate_batch  torch.Size([1162, 753])
gt_count  8427
candidate_count  874986
ideal candidate count  874986
Epoch 1669 [3.3s + 5.7s]: train==[6229.69294=6221.56401 + 2.21633 + 0.00000 + 0.85817 + 5.05443]
 recall=[0.23943, 0.51012], precision=[0.32840, 0.18391],  f1=[0.25539, 0.25354], RMRR=[0.11306, 0.16163]
Epoch 1670 [3.3s]: train==[6134.94374=6126.80138 + 2.21362 + 0.00000 + 0.85947 + 5.06923]
Epoch 1671 [3.3s]: train==[6104.72399=6096.55212 + 2.21307 + 0.00000 + 0.86020 + 5.09865]
Epoch 1672 [3.3s]: train==[6102.92146=6094.76860 + 2.21482 + 0.00000 + 0.86026 + 5.07775]
Epoch 1673 [3.3s]: train==[6080.54883=6072.37436 + 2.21413 + 0.00000 + 0.85965 + 5.10072]
Epoch 1674 [3.3s]: train==[5982.00378=5973.79520 + 2.21737 + 0.00000 + 0.86168 + 5.12957]
Epoch 1675 [3.3s]: train==[5865.03173=5856.90746 + 2.21485 + 0.00000 + 0.85837 + 5.05105]
Epoch 1676 [3.3s]: train==[6130.24141=6122.09042 + 2.21420 + 0.00000 + 0.86184 + 5.07493]
Epoch 1677 [3.3s]: train==[6029.07043=6020.91112 + 2.21091 + 0.00000 + 0.85831 + 5.09005]
Epoch 1678 [3.3s]: train==[5799.26068=5791.10941 + 2.21665 + 0.00000 + 0.85980 + 5.07478]
drop_flag:  True ,	 mess_dropout:  [0.0, 0.0]
rate_batch  torch.Size([1162, 753])
gt_count  8427
candidate_count  874986
ideal candidate count  874986
Epoch 1679 [3.3s + 5.7s]: train==[6188.45008=6180.30106 + 2.21302 + 0.00000 + 0.85671 + 5.07932]
 recall=[0.24438, 0.52031], precision=[0.33133, 0.18662],  f1=[0.25938, 0.25730], RMRR=[0.11750, 0.16680]
Epoch 1680 [3.3s]: train==[6179.18400=6171.02560 + 2.21630 + 0.00000 + 0.85997 + 5.08209]
Epoch 1681 [3.3s]: train==[6241.24946=6233.10019 + 2.21712 + 0.00000 + 0.85913 + 5.07304]
Epoch 1682 [3.4s]: train==[6146.92714=6138.78979 + 2.22082 + 0.00000 + 0.85833 + 5.05820]
Epoch 1683 [3.3s]: train==[6218.28678=6210.11511 + 2.22227 + 0.00000 + 0.85670 + 5.09267]
Epoch 1684 [3.3s]: train==[6149.37348=6141.24794 + 2.21613 + 0.00000 + 0.85546 + 5.05399]
Epoch 1685 [3.3s]: train==[6114.95183=6106.81798 + 2.22019 + 0.00000 + 0.85692 + 5.05675]
Epoch 1686 [3.3s]: train==[6139.92307=6131.76982 + 2.22008 + 0.00000 + 0.85830 + 5.07485]
Epoch 1687 [3.3s]: train==[5970.44538=5962.28571 + 2.21707 + 0.00000 + 0.86147 + 5.08104]
Epoch 1688 [3.3s]: train==[5893.62082=5885.46277 + 2.21423 + 0.00000 + 0.86207 + 5.08185]
drop_flag:  True ,	 mess_dropout:  [0.0, 0.0]
rate_batch  torch.Size([1162, 753])
gt_count  8427
candidate_count  874986
ideal candidate count  874986
Epoch 1689 [3.3s + 5.6s]: train==[5894.11329=5885.99724 + 2.21900 + 0.00000 + 0.85949 + 5.03760]
 recall=[0.24487, 0.51523], precision=[0.33666, 0.18623],  f1=[0.26160, 0.25671], RMRR=[0.11414, 0.16283]
Epoch 1690 [3.3s]: train==[6055.38286=6047.27521 + 2.21797 + 0.00000 + 0.85819 + 5.03143]
Epoch 1691 [3.3s]: train==[6130.94843=6122.76474 + 2.21862 + 0.00000 + 0.85761 + 5.10750]
Epoch 1692 [3.3s]: train==[5753.01198=5744.88083 + 2.21937 + 0.00000 + 0.85461 + 5.05719]
Epoch 1693 [3.3s]: train==[5853.13667=5844.99025 + 2.22043 + 0.00000 + 0.85664 + 5.06941]
Epoch 1694 [3.3s]: train==[6085.74294=6077.64238 + 2.22272 + 0.00000 + 0.85613 + 5.02162]
Epoch 1695 [3.3s]: train==[5962.78018=5954.66861 + 2.21875 + 0.00000 + 0.85457 + 5.03828]
Epoch 1696 [3.3s]: train==[6199.47030=6191.33984 + 2.22091 + 0.00000 + 0.85557 + 5.05396]
Epoch 1697 [3.3s]: train==[6045.56430=6037.41977 + 2.21763 + 0.00000 + 0.85597 + 5.07089]
Epoch 1698 [3.3s]: train==[5943.64995=5935.49309 + 2.21805 + 0.00000 + 0.85763 + 5.08118]
drop_flag:  True ,	 mess_dropout:  [0.0, 0.0]
rate_batch  torch.Size([1162, 753])
gt_count  8427
candidate_count  874986
ideal candidate count  874986
Epoch 1699 [3.3s + 5.6s]: train==[5935.92439=5927.81303 + 2.22040 + 0.00000 + 0.85657 + 5.03442]
 recall=[0.24308, 0.51273], precision=[0.33666, 0.18580],  f1=[0.26112, 0.25575], RMRR=[0.11375, 0.16254]
Epoch 1700 [3.3s]: train==[6072.77631=6064.69395 + 2.22365 + 0.00000 + 0.85501 + 5.00367]
Epoch 1701 [3.3s]: train==[6084.36654=6076.25983 + 2.21958 + 0.00000 + 0.85572 + 5.03140]
Epoch 1702 [3.3s]: train==[5760.44904=5752.35051 + 2.22236 + 0.00000 + 0.85689 + 5.01922]
Epoch 1703 [3.3s]: train==[5947.69387=5939.57004 + 2.22218 + 0.00000 + 0.85686 + 5.04480]
Epoch 1704 [3.3s]: train==[6035.75143=6027.63263 + 2.22124 + 0.00000 + 0.85632 + 5.04122]
Epoch 1705 [3.3s]: train==[6089.36122=6081.25217 + 2.22274 + 0.00000 + 0.85252 + 5.03381]
Epoch 1706 [3.3s]: train==[6140.29501=6132.15233 + 2.22344 + 0.00000 + 0.85531 + 5.06393]
Epoch 1707 [3.3s]: train==[5830.54341=5822.44380 + 2.22322 + 0.00000 + 0.85392 + 5.02245]
Epoch 1708 [3.3s]: train==[6102.23053=6094.11687 + 2.22235 + 0.00000 + 0.85378 + 5.03749]
drop_flag:  True ,	 mess_dropout:  [0.0, 0.0]
rate_batch  torch.Size([1162, 753])
gt_count  8427
candidate_count  874986
ideal candidate count  874986
Epoch 1709 [3.3s + 5.6s]: train==[6023.49875=6015.33955 + 2.22201 + 0.00000 + 0.85200 + 5.08522]
 recall=[0.24309, 0.51726], precision=[0.33236, 0.18645],  f1=[0.25923, 0.25687], RMRR=[0.11378, 0.16253]
Epoch 1710 [3.3s]: train==[5986.15366=5978.00453 + 2.22224 + 0.00000 + 0.85569 + 5.07121]
Epoch 1711 [3.3s]: train==[6101.32726=6093.21526 + 2.21860 + 0.00000 + 0.85365 + 5.03977]
Epoch 1712 [3.3s]: train==[6059.25092=6051.10693 + 2.22262 + 0.00000 + 0.85646 + 5.06484]
Epoch 1713 [3.3s]: train==[5913.15932=5905.04845 + 2.21885 + 0.00000 + 0.85533 + 5.03670]
Epoch 1714 [3.3s]: train==[5867.51594=5859.42389 + 2.22446 + 0.00000 + 0.85405 + 5.01357]
Epoch 1715 [3.3s]: train==[5986.71180=5978.59641 + 2.22714 + 0.00000 + 0.85163 + 5.03654]
Epoch 1716 [3.3s]: train==[6054.59260=6046.47552 + 2.21957 + 0.00000 + 0.85007 + 5.04738]
Epoch 1717 [3.3s]: train==[6185.20103=6177.06934 + 2.22859 + 0.00000 + 0.85205 + 5.05103]
Epoch 1718 [3.3s]: train==[6095.03178=6086.89513 + 2.22868 + 0.00000 + 0.85122 + 5.05680]
drop_flag:  True ,	 mess_dropout:  [0.0, 0.0]
rate_batch  torch.Size([1162, 753])
gt_count  8427
candidate_count  874986
ideal candidate count  874986
Epoch 1719 [3.3s + 5.6s]: train==[6010.16169=6002.07542 + 2.22683 + 0.00000 + 0.85146 + 5.00796]
 recall=[0.24362, 0.52019], precision=[0.33236, 0.18774],  f1=[0.25870, 0.25863], RMRR=[0.11572, 0.16569]
Epoch 1720 [3.3s]: train==[6003.66781=5995.53818 + 2.22235 + 0.00000 + 0.85141 + 5.05590]
Epoch 1721 [3.3s]: train==[6043.48015=6035.36761 + 2.22352 + 0.00000 + 0.85094 + 5.03805]
Epoch 1722 [3.3s]: train==[5930.09512=5921.98048 + 2.22571 + 0.00000 + 0.85108 + 5.03777]
Epoch 1723 [3.3s]: train==[6252.62055=6244.53268 + 2.22136 + 0.00000 + 0.84880 + 5.01762]
Epoch 1724 [3.3s]: train==[6082.65995=6074.53261 + 2.22227 + 0.00000 + 0.85464 + 5.05046]
Epoch 1725 [3.3s]: train==[6007.63430=5999.47820 + 2.22589 + 0.00000 + 0.85320 + 5.07700]
Epoch 1726 [3.3s]: train==[6083.09999=6074.96786 + 2.22336 + 0.00000 + 0.85127 + 5.05754]
Epoch 1727 [3.3s]: train==[6152.85590=6144.69630 + 2.22332 + 0.00000 + 0.85295 + 5.08329]
Epoch 1728 [3.3s]: train==[5893.68040=5885.54947 + 2.22412 + 0.00000 + 0.85171 + 5.05511]
drop_flag:  True ,	 mess_dropout:  [0.0, 0.0]
rate_batch  torch.Size([1162, 753])
gt_count  8427
candidate_count  874986
ideal candidate count  874986
Epoch 1729 [3.3s + 5.6s]: train==[6151.03553=6142.92148 + 2.22557 + 0.00000 + 0.84959 + 5.03891]
 recall=[0.24445, 0.51598], precision=[0.33494, 0.18610],  f1=[0.26071, 0.25643], RMRR=[0.11216, 0.16002]
Epoch 1730 [3.3s]: train==[6150.44824=6142.32376 + 2.22650 + 0.00000 + 0.85104 + 5.04697]
Epoch 1731 [3.3s]: train==[5855.15733=5847.06171 + 2.22723 + 0.00000 + 0.85104 + 5.01735]
Epoch 1732 [3.3s]: train==[6067.96394=6059.86986 + 2.22095 + 0.00000 + 0.84953 + 5.02362]
Epoch 1733 [3.3s]: train==[5915.67659=5907.52846 + 2.22793 + 0.00000 + 0.85039 + 5.06980]
Epoch 1734 [3.3s]: train==[6090.41831=6082.30655 + 2.22820 + 0.00000 + 0.84878 + 5.03479]
Epoch 1735 [3.3s]: train==[6053.31335=6045.18484 + 2.22567 + 0.00000 + 0.84916 + 5.05368]
Epoch 1736 [3.4s]: train==[5959.85120=5951.74571 + 2.22800 + 0.00000 + 0.84727 + 5.03021]
Epoch 1737 [3.4s]: train==[5785.50709=5777.45248 + 2.22938 + 0.00000 + 0.84770 + 4.97752]
Epoch 1738 [3.3s]: train==[5918.38020=5910.26773 + 2.22566 + 0.00000 + 0.84921 + 5.03759]
drop_flag:  True ,	 mess_dropout:  [0.0, 0.0]
rate_batch  torch.Size([1162, 753])
gt_count  8427
candidate_count  874986
ideal candidate count  874986
Epoch 1739 [3.3s + 5.6s]: train==[6055.12927=6047.01489 + 2.22633 + 0.00000 + 0.84765 + 5.04042]
 recall=[0.24430, 0.51451], precision=[0.33511, 0.18606],  f1=[0.26085, 0.25627], RMRR=[0.11711, 0.16581]
Epoch 1740 [3.3s]: train==[5924.36286=5916.26294 + 2.22457 + 0.00000 + 0.84876 + 5.02658]
Epoch 1741 [3.3s]: train==[5977.99734=5969.85645 + 2.22453 + 0.00000 + 0.85069 + 5.06567]
Epoch 1742 [3.3s]: train==[5983.37332=5975.27188 + 2.23062 + 0.00000 + 0.84919 + 5.02167]
Epoch 1743 [3.3s]: train==[5932.10876=5924.01672 + 2.22388 + 0.00000 + 0.84767 + 5.02044]
Epoch 1744 [3.3s]: train==[6031.43360=6023.32901 + 2.22639 + 0.00000 + 0.84633 + 5.03191]
Epoch 1745 [3.3s]: train==[5945.12016=5937.04576 + 2.22659 + 0.00000 + 0.84500 + 5.00278]
Epoch 1746 [3.3s]: train==[6072.14842=6064.02762 + 2.23115 + 0.00000 + 0.84756 + 5.04206]
Epoch 1747 [3.3s]: train==[5936.33853=5928.22192 + 2.23006 + 0.00000 + 0.84645 + 5.04011]
Epoch 1748 [3.3s]: train==[5920.02362=5911.91551 + 2.22697 + 0.00000 + 0.84480 + 5.03634]
drop_flag:  True ,	 mess_dropout:  [0.0, 0.0]
rate_batch  torch.Size([1162, 753])
gt_count  8427
candidate_count  874986
ideal candidate count  874986
Epoch 1749 [3.4s + 5.6s]: train==[5864.56699=5856.47461 + 2.23062 + 0.00000 + 0.84567 + 5.01611]
 recall=[0.24869, 0.51912], precision=[0.34165, 0.18645],  f1=[0.26533, 0.25728], RMRR=[0.11461, 0.16233]
Epoch 1750 [3.3s]: train==[6090.56735=6082.45171 + 2.23231 + 0.00000 + 0.84723 + 5.03609]
Epoch 1751 [3.3s]: train==[5955.64129=5947.55516 + 2.22848 + 0.00000 + 0.84485 + 5.01278]
Epoch 1752 [3.3s]: train==[5923.13815=5915.11047 + 2.22301 + 0.00000 + 0.84242 + 4.96224]
Epoch 1753 [3.3s]: train==[6029.90912=6021.83043 + 2.22456 + 0.00000 + 0.84550 + 5.00861]
Epoch 1754 [3.3s]: train==[5938.15665=5930.03238 + 2.22585 + 0.00000 + 0.85002 + 5.04840]
Epoch 1755 [3.3s]: train==[6053.14896=6045.04718 + 2.22992 + 0.00000 + 0.84558 + 5.02628]
Epoch 1756 [3.3s]: train==[5938.26549=5930.21054 + 2.22767 + 0.00000 + 0.84307 + 4.98423]
Epoch 1757 [3.3s]: train==[6101.17941=6093.05190 + 2.22540 + 0.00000 + 0.84756 + 5.05457]
Epoch 1758 [3.3s]: train==[6140.75210=6132.65372 + 2.22809 + 0.00000 + 0.84305 + 5.02730]
drop_flag:  True ,	 mess_dropout:  [0.0, 0.0]
rate_batch  torch.Size([1162, 753])
gt_count  8427
candidate_count  874986
ideal candidate count  874986
Epoch 1759 [3.3s + 5.6s]: train==[5924.43888=5916.35176 + 2.22769 + 0.00000 + 0.84480 + 5.01465]
 recall=[0.23858, 0.51209], precision=[0.33219, 0.18412],  f1=[0.25722, 0.25398], RMRR=[0.11482, 0.16314]
Epoch 1760 [3.3s]: train==[5848.61003=5840.51439 + 2.23212 + 0.00000 + 0.84316 + 5.02033]
Epoch 1761 [3.3s]: train==[5995.11877=5987.06824 + 2.22777 + 0.00000 + 0.84268 + 4.98005]
Epoch 1762 [3.3s]: train==[5816.65128=5808.58127 + 2.23112 + 0.00000 + 0.84281 + 4.99606]
Epoch 1763 [3.3s]: train==[5926.52318=5918.44220 + 2.23526 + 0.00000 + 0.84485 + 5.00086]
Epoch 1764 [3.3s]: train==[5998.36001=5990.23967 + 2.23016 + 0.00000 + 0.84317 + 5.04702]
Epoch 1765 [3.3s]: train==[6070.44205=6062.35025 + 2.23236 + 0.00000 + 0.84224 + 5.01715]
Epoch 1766 [3.3s]: train==[5980.76631=5972.67207 + 2.23220 + 0.00000 + 0.84374 + 5.01833]
Epoch 1767 [3.3s]: train==[5818.85546=5810.77194 + 2.23211 + 0.00000 + 0.84255 + 5.00885]
Epoch 1768 [3.3s]: train==[6003.49992=5995.40515 + 2.23152 + 0.00000 + 0.84225 + 5.02104]
drop_flag:  True ,	 mess_dropout:  [0.0, 0.0]
rate_batch  torch.Size([1162, 753])
gt_count  8427
candidate_count  874986
ideal candidate count  874986
Epoch 1769 [3.3s + 5.6s]: train==[6156.40721=6148.34364 + 2.22988 + 0.00000 + 0.84025 + 4.99340]
 recall=[0.24235, 0.51788], precision=[0.33477, 0.18675],  f1=[0.26003, 0.25746], RMRR=[0.11585, 0.16615]
Epoch 1770 [3.3s]: train==[6021.69431=6013.62665 + 2.23302 + 0.00000 + 0.84016 + 4.99449]
Epoch 1771 [3.3s]: train==[5980.91391=5972.80127 + 2.22826 + 0.00000 + 0.84069 + 5.04365]
Epoch 1772 [3.3s]: train==[6044.03929=6035.93239 + 2.22962 + 0.00000 + 0.84107 + 5.03627]
Epoch 1773 [3.3s]: train==[5945.18866=5937.08282 + 2.23390 + 0.00000 + 0.84197 + 5.02995]
Epoch 1774 [3.4s]: train==[5945.14282=5937.01015 + 2.23202 + 0.00000 + 0.84241 + 5.05825]
Epoch 1775 [3.4s]: train==[6097.58823=6089.49493 + 2.22880 + 0.00000 + 0.84210 + 5.02238]
Epoch 1776 [3.4s]: train==[6152.47415=6144.38889 + 2.23118 + 0.00000 + 0.84049 + 5.01352]
Epoch 1777 [3.3s]: train==[5970.24369=5962.11415 + 2.23516 + 0.00000 + 0.84207 + 5.05229]
Epoch 1778 [3.3s]: train==[6189.58875=6181.48503 + 2.23691 + 0.00000 + 0.84083 + 5.02596]
drop_flag:  True ,	 mess_dropout:  [0.0, 0.0]
rate_batch  torch.Size([1162, 753])
gt_count  8427
candidate_count  874986
ideal candidate count  874986
Epoch 1779 [3.3s + 5.6s]: train==[6185.42990=6177.31075 + 2.24016 + 0.00000 + 0.84052 + 5.03850]
 recall=[0.24463, 0.51900], precision=[0.33494, 0.18653],  f1=[0.26107, 0.25721], RMRR=[0.11546, 0.16304]
Epoch 1780 [3.3s]: train==[5927.68449=5919.58638 + 2.23258 + 0.00000 + 0.83952 + 5.02599]
Epoch 1781 [3.3s]: train==[5950.56625=5942.45355 + 2.23213 + 0.00000 + 0.84254 + 5.03802]
Epoch 1782 [3.3s]: train==[6043.31227=6035.23296 + 2.23911 + 0.00000 + 0.84157 + 4.99861]
Epoch 1783 [3.3s]: train==[6069.28636=6061.18970 + 2.23475 + 0.00000 + 0.84077 + 5.02112]
Epoch 1784 [3.3s]: train==[5960.28831=5952.17000 + 2.22896 + 0.00000 + 0.84419 + 5.04516]
Epoch 1785 [3.3s]: train==[6137.92981=6129.82924 + 2.23608 + 0.00000 + 0.83994 + 5.02458]
Epoch 1786 [3.3s]: train==[5992.29514=5984.15387 + 2.23931 + 0.00000 + 0.84348 + 5.05848]
Epoch 1787 [3.3s]: train==[6151.64534=6143.52716 + 2.23743 + 0.00000 + 0.84266 + 5.03811]
Epoch 1788 [3.3s]: train==[6154.60939=6146.53873 + 2.23552 + 0.00000 + 0.83907 + 4.99610]
drop_flag:  True ,	 mess_dropout:  [0.0, 0.0]
rate_batch  torch.Size([1162, 753])
gt_count  8427
candidate_count  874986
ideal candidate count  874986
Epoch 1789 [3.3s + 5.6s]: train==[5838.42179=5830.31195 + 2.23297 + 0.00000 + 0.84014 + 5.03676]
 recall=[0.24573, 0.51637], precision=[0.33442, 0.18692],  f1=[0.26098, 0.25734], RMRR=[0.11511, 0.16182]
Epoch 1790 [3.3s]: train==[5925.72304=5917.62927 + 2.23976 + 0.00000 + 0.83902 + 5.01498]
Epoch 1791 [3.3s]: train==[6225.86704=6217.77057 + 2.23910 + 0.00000 + 0.84229 + 5.01512]
Epoch 1792 [3.3s]: train==[5987.27666=5979.19055 + 2.23584 + 0.00000 + 0.84151 + 5.00878]
Epoch 1793 [3.3s]: train==[6084.53184=6076.43057 + 2.23302 + 0.00000 + 0.83804 + 5.03017]
Epoch 1794 [3.3s]: train==[6084.93110=6076.81529 + 2.23598 + 0.00000 + 0.84024 + 5.03956]
Epoch 1795 [3.3s]: train==[6137.22204=6129.10983 + 2.24025 + 0.00000 + 0.83930 + 5.03270]
Epoch 1796 [3.3s]: train==[6090.62034=6082.52992 + 2.23350 + 0.00000 + 0.83999 + 5.01691]
Epoch 1797 [3.3s]: train==[6061.69396=6053.61754 + 2.23475 + 0.00000 + 0.83716 + 5.00453]
Epoch 1798 [3.3s]: train==[5917.57785=5909.49171 + 2.23648 + 0.00000 + 0.83903 + 5.01059]
drop_flag:  True ,	 mess_dropout:  [0.0, 0.0]
rate_batch  torch.Size([1162, 753])
gt_count  8427
candidate_count  874986
ideal candidate count  874986
Epoch 1799 [3.3s + 5.6s]: train==[6079.13851=6071.02615 + 2.23715 + 0.00000 + 0.84030 + 5.03493]
 recall=[0.24258, 0.51920], precision=[0.33115, 0.18662],  f1=[0.25785, 0.25723], RMRR=[0.11410, 0.16479]
Epoch 1800 [3.3s]: train==[6088.99407=6080.87419 + 2.23724 + 0.00000 + 0.84117 + 5.04140]
Epoch 1801 [3.3s]: train==[5972.92731=5964.87117 + 2.23345 + 0.00000 + 0.83864 + 4.98407]
Epoch 1802 [3.3s]: train==[5919.36647=5911.27904 + 2.23737 + 0.00000 + 0.83795 + 5.01208]
Epoch 1803 [3.3s]: train==[6054.87886=6046.79491 + 2.24273 + 0.00000 + 0.83649 + 5.00476]
Epoch 1804 [3.3s]: train==[6082.43427=6074.33434 + 2.23479 + 0.00000 + 0.83730 + 5.02780]
Epoch 1805 [3.3s]: train==[5923.78018=5915.68663 + 2.23667 + 0.00000 + 0.83937 + 5.01753]
Epoch 1806 [3.3s]: train==[6291.03976=6282.94328 + 2.24074 + 0.00000 + 0.83918 + 5.01656]
Epoch 1807 [3.4s]: train==[5860.66295=5852.61055 + 2.23286 + 0.00000 + 0.83576 + 4.98381]
Epoch 1808 [3.3s]: train==[6342.41100=6334.32236 + 2.23304 + 0.00000 + 0.83706 + 5.01852]
drop_flag:  True ,	 mess_dropout:  [0.0, 0.0]
rate_batch  torch.Size([1162, 753])
gt_count  8427
candidate_count  874986
ideal candidate count  874986
Epoch 1809 [3.3s + 5.7s]: train==[5871.23328=5863.13232 + 2.23984 + 0.00000 + 0.83808 + 5.02305]
 recall=[0.24815, 0.52071], precision=[0.33735, 0.18744],  f1=[0.26335, 0.25830], RMRR=[0.11723, 0.16558]
Epoch 1810 [3.3s]: train==[5991.88527=5983.81693 + 2.23553 + 0.00000 + 0.83569 + 4.99712]
Epoch 1811 [3.3s]: train==[5976.70150=5968.61176 + 2.23469 + 0.00000 + 0.83566 + 5.01932]
Epoch 1812 [3.3s]: train==[6039.79801=6031.75009 + 2.24042 + 0.00000 + 0.83567 + 4.97186]
Epoch 1813 [3.3s]: train==[5968.96519=5960.91666 + 2.23362 + 0.00000 + 0.83653 + 4.97841]
Epoch 1814 [3.3s]: train==[6058.24213=6050.19411 + 2.23242 + 0.00000 + 0.83734 + 4.97824]
Epoch 1815 [3.3s]: train==[6168.72503=6160.64500 + 2.23818 + 0.00000 + 0.83709 + 5.00473]
Epoch 1816 [3.3s]: train==[5966.71784=5958.67113 + 2.23329 + 0.00000 + 0.83625 + 4.97721]
Epoch 1817 [3.3s]: train==[5933.79163=5925.72357 + 2.23769 + 0.00000 + 0.83643 + 4.99393]
Epoch 1818 [3.3s]: train==[6016.14778=6008.07988 + 2.23438 + 0.00000 + 0.83774 + 4.99577]
drop_flag:  True ,	 mess_dropout:  [0.0, 0.0]
rate_batch  torch.Size([1162, 753])
gt_count  8427
candidate_count  874986
ideal candidate count  874986
Epoch 1819 [3.3s + 5.6s]: train==[6063.92753=6055.81729 + 2.24206 + 0.00000 + 0.83738 + 5.03074]
 recall=[0.24753, 0.51334], precision=[0.33718, 0.18567],  f1=[0.26345, 0.25582], RMRR=[0.11764, 0.16484]
Epoch 1820 [3.3s]: train==[5991.24544=5983.16260 + 2.24009 + 0.00000 + 0.83603 + 5.00663]
Epoch 1821 [3.3s]: train==[6127.00388=6118.89233 + 2.24093 + 0.00000 + 0.83846 + 5.03213]
Epoch 1822 [3.3s]: train==[5820.07372=5811.97444 + 2.24311 + 0.00000 + 0.83579 + 5.02046]
Epoch 1823 [3.3s]: train==[6098.82983=6090.76700 + 2.23786 + 0.00000 + 0.83393 + 4.99101]
Epoch 1824 [3.3s]: train==[6200.25942=6192.20735 + 2.23971 + 0.00000 + 0.83567 + 4.97670]
Epoch 1825 [3.3s]: train==[6003.70879=5995.60872 + 2.23762 + 0.00000 + 0.83594 + 5.02648]
Epoch 1826 [3.3s]: train==[6104.02399=6095.97363 + 2.23410 + 0.00000 + 0.83472 + 4.98154]
Epoch 1827 [3.3s]: train==[5973.78343=5965.70251 + 2.23883 + 0.00000 + 0.83807 + 5.00400]
Epoch 1828 [3.3s]: train==[6156.81706=6148.75294 + 2.23865 + 0.00000 + 0.83340 + 4.99208]
drop_flag:  True ,	 mess_dropout:  [0.0, 0.0]
rate_batch  torch.Size([1162, 753])
gt_count  8427
candidate_count  874986
ideal candidate count  874986
Epoch 1829 [3.3s + 5.6s]: train==[6036.46672=6028.40691 + 2.23971 + 0.00000 + 0.83348 + 4.98664]
 recall=[0.24235, 0.51852], precision=[0.33133, 0.18645],  f1=[0.25850, 0.25685], RMRR=[0.11645, 0.16457]
Epoch 1830 [3.3s]: train==[5999.28138=5991.20663 + 2.23894 + 0.00000 + 0.83497 + 5.00077]
Epoch 1831 [3.3s]: train==[6147.33598=6139.26450 + 2.23690 + 0.00000 + 0.83456 + 5.00004]
Epoch 1832 [3.3s]: train==[6118.98574=6110.92741 + 2.24227 + 0.00000 + 0.83327 + 4.98282]
Epoch 1833 [3.3s]: train==[6276.17079=6268.09767 + 2.24192 + 0.00000 + 0.83427 + 4.99694]
Epoch 1834 [3.3s]: train==[5965.05333=5956.95619 + 2.24102 + 0.00000 + 0.83708 + 5.01899]
Epoch 1835 [3.3s]: train==[6125.28333=6117.21024 + 2.24357 + 0.00000 + 0.83634 + 4.99317]
Epoch 1836 [3.3s]: train==[6081.66799=6073.58984 + 2.24404 + 0.00000 + 0.83372 + 5.00043]
Epoch 1837 [3.3s]: train==[5945.18232=5937.09326 + 2.23686 + 0.00000 + 0.83536 + 5.01688]
Epoch 1838 [3.3s]: train==[6141.76037=6133.73964 + 2.24469 + 0.00000 + 0.83343 + 4.94262]
drop_flag:  True ,	 mess_dropout:  [0.0, 0.0]
rate_batch  torch.Size([1162, 753])
gt_count  8427
candidate_count  874986
ideal candidate count  874986
Epoch 1839 [3.3s + 5.6s]: train==[5992.29544=5984.21388 + 2.24506 + 0.00000 + 0.83468 + 5.00184]
 recall=[0.24399, 0.51965], precision=[0.33580, 0.18825],  f1=[0.26062, 0.25923], RMRR=[0.11401, 0.16370]
Epoch 1840 [3.3s]: train==[5818.63818=5810.59227 + 2.24159 + 0.00000 + 0.83262 + 4.97170]
Epoch 1841 [3.3s]: train==[6066.98583=6058.96233 + 2.23769 + 0.00000 + 0.83070 + 4.95506]
Epoch 1842 [3.3s]: train==[6021.51106=6013.47742 + 2.23781 + 0.00000 + 0.83346 + 4.96235]
Epoch 1843 [3.3s]: train==[6112.23461=6104.21155 + 2.24308 + 0.00000 + 0.83314 + 4.94692]
Epoch 1844 [3.3s]: train==[6124.28493=6116.21597 + 2.24183 + 0.00000 + 0.83265 + 4.99450]
Epoch 1845 [3.3s]: train==[6177.88754=6169.81697 + 2.24325 + 0.00000 + 0.83570 + 4.99164]
Epoch 1846 [3.3s]: train==[5875.63432=5867.57970 + 2.24819 + 0.00000 + 0.83162 + 4.97477]
Epoch 1847 [3.3s]: train==[5989.32527=5981.28831 + 2.24795 + 0.00000 + 0.83208 + 4.95691]
Epoch 1848 [3.3s]: train==[5946.20400=5938.12935 + 2.24489 + 0.00000 + 0.83028 + 4.99947]
drop_flag:  True ,	 mess_dropout:  [0.0, 0.0]
rate_batch  torch.Size([1162, 753])
gt_count  8427
candidate_count  874986
ideal candidate count  874986
Epoch 1849 [3.4s + 5.6s]: train==[5899.23200=5891.19533 + 2.24880 + 0.00000 + 0.82965 + 4.95819]
 recall=[0.24535, 0.51343], precision=[0.33597, 0.18675],  f1=[0.26142, 0.25691], RMRR=[0.11585, 0.16464]
Epoch 1850 [3.3s]: train==[5995.27407=5987.25412 + 2.24735 + 0.00000 + 0.83032 + 4.94230]
Epoch 1851 [3.3s]: train==[5724.61585=5716.56786 + 2.24556 + 0.00000 + 0.83188 + 4.97055]
Epoch 1852 [3.3s]: train==[5950.30083=5942.24565 + 2.24892 + 0.00000 + 0.82909 + 4.97717]
Epoch 1853 [3.3s]: train==[6098.86057=6090.81676 + 2.24323 + 0.00000 + 0.82609 + 4.97445]
Epoch 1854 [3.3s]: train==[5847.59337=5839.58519 + 2.24167 + 0.00000 + 0.82822 + 4.93828]
Epoch 1855 [3.3s]: train==[5994.79033=5986.77873 + 2.24237 + 0.00000 + 0.82797 + 4.94124]
Epoch 1856 [3.3s]: train==[6087.14116=6079.11183 + 2.24079 + 0.00000 + 0.82801 + 4.96049]
Epoch 1857 [3.3s]: train==[5920.70415=5912.66263 + 2.24294 + 0.00000 + 0.83081 + 4.96772]
Epoch 1858 [3.3s]: train==[6128.77818=6120.73520 + 2.24778 + 0.00000 + 0.82800 + 4.96717]
drop_flag:  True ,	 mess_dropout:  [0.0, 0.0]
rate_batch  torch.Size([1162, 753])
gt_count  8427
candidate_count  874986
ideal candidate count  874986
Epoch 1859 [3.3s + 5.6s]: train==[5932.33459=5924.26276 + 2.24161 + 0.00000 + 0.83048 + 4.99976]
 recall=[0.24429, 0.51266], precision=[0.33373, 0.18559],  f1=[0.26014, 0.25552], RMRR=[0.11296, 0.16055]
Epoch 1860 [3.3s]: train==[5933.05722=5925.02110 + 2.24937 + 0.00000 + 0.82980 + 4.95694]
Epoch 1861 [3.4s]: train==[6159.41244=6151.40799 + 2.24745 + 0.00000 + 0.82691 + 4.93012]
Epoch 1862 [3.3s]: train==[6008.22284=6000.18556 + 2.24483 + 0.00000 + 0.82956 + 4.96285]
Epoch 1863 [3.3s]: train==[5828.76696=5820.72052 + 2.24373 + 0.00000 + 0.82985 + 4.97280]
Epoch 1864 [3.3s]: train==[6041.87836=6033.84013 + 2.24590 + 0.00000 + 0.82752 + 4.96479]
Epoch 1865 [3.3s]: train==[6080.93798=6072.88103 + 2.24610 + 0.00000 + 0.82625 + 4.98461]
Epoch 1866 [3.3s]: train==[5912.34269=5904.32730 + 2.24921 + 0.00000 + 0.82695 + 4.93922]
Epoch 1867 [3.4s]: train==[6206.96984=6198.95201 + 2.24621 + 0.00000 + 0.82704 + 4.94463]
Epoch 1868 [3.3s]: train==[6146.06653=6138.05208 + 2.25034 + 0.00000 + 0.82537 + 4.93872]
drop_flag:  True ,	 mess_dropout:  [0.0, 0.0]
rate_batch  torch.Size([1162, 753])
gt_count  8427
candidate_count  874986
ideal candidate count  874986
Epoch 1869 [3.3s + 5.6s]: train==[6076.33631=6068.31586 + 2.24740 + 0.00000 + 0.82575 + 4.94727]
 recall=[0.25395, 0.51827], precision=[0.34182, 0.18666],  f1=[0.26763, 0.25710], RMRR=[0.11867, 0.16703]
Epoch 1870 [3.3s]: train==[5984.40116=5976.35831 + 2.24511 + 0.00000 + 0.82448 + 4.97328]
Epoch 1871 [3.3s]: train==[5936.19916=5928.17601 + 2.24755 + 0.00000 + 0.82790 + 4.94769]
Epoch 1872 [3.3s]: train==[5971.98707=5964.00208 + 2.24933 + 0.00000 + 0.82406 + 4.91156]
Epoch 1873 [3.3s]: train==[5965.08874=5957.07271 + 2.24426 + 0.00000 + 0.82440 + 4.94731]
Epoch 1874 [3.4s]: train==[6163.89617=6155.86641 + 2.24386 + 0.00000 + 0.82456 + 4.96129]
Epoch 1875 [3.3s]: train==[5964.93241=5956.88223 + 2.24782 + 0.00000 + 0.82654 + 4.97575]
Epoch 1876 [3.3s]: train==[5936.43918=5928.38113 + 2.24612 + 0.00000 + 0.82581 + 4.98612]
Epoch 1877 [3.3s]: train==[5984.90126=5976.85989 + 2.24669 + 0.00000 + 0.82618 + 4.96854]
Epoch 1878 [3.3s]: train==[5901.49545=5893.47231 + 2.24531 + 0.00000 + 0.82720 + 4.95062]
drop_flag:  True ,	 mess_dropout:  [0.0, 0.0]
rate_batch  torch.Size([1162, 753])
gt_count  8427
candidate_count  874986
ideal candidate count  874986
Epoch 1879 [3.4s + 5.6s]: train==[6116.80157=6108.76723 + 2.25043 + 0.00000 + 0.82365 + 4.96026]
 recall=[0.24431, 0.52179], precision=[0.33683, 0.18851],  f1=[0.26141, 0.25967], RMRR=[0.11410, 0.16315]
Epoch 1880 [3.3s]: train==[5958.72660=5950.70871 + 2.24830 + 0.00000 + 0.82257 + 4.94704]
Epoch 1881 [3.3s]: train==[6033.75407=6025.74643 + 2.24826 + 0.00000 + 0.82337 + 4.93600]
Epoch 1882 [3.3s]: train==[5931.45011=5923.45157 + 2.24610 + 0.00000 + 0.82584 + 4.92659]
Epoch 1883 [3.3s]: train==[5954.74191=5946.69730 + 2.24731 + 0.00000 + 0.82664 + 4.97063]
Epoch 1884 [3.3s]: train==[6029.72672=6021.72466 + 2.24711 + 0.00000 + 0.82275 + 4.93216]
Epoch 1885 [3.3s]: train==[5892.50961=5884.47607 + 2.25283 + 0.00000 + 0.82559 + 4.95509]
Epoch 1886 [3.3s]: train==[6122.43680=6114.37422 + 2.25158 + 0.00000 + 0.82261 + 4.98840]
Epoch 1887 [3.3s]: train==[5876.94918=5868.91283 + 2.25179 + 0.00000 + 0.82209 + 4.96249]
Epoch 1888 [3.3s]: train==[6047.28998=6039.27303 + 2.24603 + 0.00000 + 0.82467 + 4.94623]
drop_flag:  True ,	 mess_dropout:  [0.0, 0.0]
rate_batch  torch.Size([1162, 753])
gt_count  8427
candidate_count  874986
ideal candidate count  874986
Epoch 1889 [3.3s + 5.6s]: train==[5989.07576=5981.04787 + 2.25010 + 0.00000 + 0.82353 + 4.95425]
 recall=[0.24651, 0.52394], precision=[0.33597, 0.18868],  f1=[0.26150, 0.25994], RMRR=[0.11555, 0.16530]
Epoch 1890 [3.3s]: train==[6064.67455=6056.66698 + 2.25192 + 0.00000 + 0.82115 + 4.93452]
Epoch 1891 [3.3s]: train==[5975.12585=5967.12686 + 2.24991 + 0.00000 + 0.82329 + 4.92579]
Epoch 1892 [3.3s]: train==[6248.58502=6240.56114 + 2.24950 + 0.00000 + 0.82257 + 4.95179]
Epoch 1893 [3.4s]: train==[5869.62669=5861.57529 + 2.24731 + 0.00000 + 0.82282 + 4.98131]
Epoch 1894 [3.3s]: train==[5918.58254=5910.52911 + 2.24876 + 0.00000 + 0.82337 + 4.98132]
Epoch 1895 [3.3s]: train==[6105.35822=6097.33646 + 2.24523 + 0.00000 + 0.81962 + 4.95684]
Epoch 1896 [3.3s]: train==[6105.85956=6097.85634 + 2.25400 + 0.00000 + 0.82085 + 4.92827]
Epoch 1897 [3.3s]: train==[6179.33612=6171.32721 + 2.25044 + 0.00000 + 0.82130 + 4.93719]
Epoch 1898 [3.3s]: train==[5807.18438=5799.17590 + 2.25113 + 0.00000 + 0.82228 + 4.93499]
drop_flag:  True ,	 mess_dropout:  [0.0, 0.0]
rate_batch  torch.Size([1162, 753])
gt_count  8427
candidate_count  874986
ideal candidate count  874986
Epoch 1899 [3.3s + 5.6s]: train==[6199.08648=6191.08510 + 2.24919 + 0.00000 + 0.82341 + 4.92888]
 recall=[0.24512, 0.51822], precision=[0.33735, 0.18692],  f1=[0.26153, 0.25771], RMRR=[0.11441, 0.16285]
Epoch 1900 [3.3s]: train==[6067.89857=6059.91669 + 2.25137 + 0.00000 + 0.82116 + 4.90936]
Epoch 1901 [3.3s]: train==[5947.07487=5939.10135 + 2.24827 + 0.00000 + 0.82191 + 4.90337]
Epoch 1902 [3.3s]: train==[6023.55350=6015.56293 + 2.24852 + 0.00000 + 0.82292 + 4.91909]
Epoch 1903 [3.4s]: train==[6046.46815=6038.43874 + 2.25402 + 0.00000 + 0.82177 + 4.95368]
Epoch 1904 [3.3s]: train==[5858.59395=5850.59448 + 2.25407 + 0.00000 + 0.82049 + 4.92492]
Epoch 1905 [3.3s]: train==[6035.05748=6027.02319 + 2.25335 + 0.00000 + 0.82328 + 4.95767]
Epoch 1906 [3.3s]: train==[6051.83224=6043.80650 + 2.25040 + 0.00000 + 0.82275 + 4.95258]
Epoch 1907 [3.3s]: train==[6019.95151=6011.91603 + 2.25108 + 0.00000 + 0.82113 + 4.96328]
Epoch 1908 [3.3s]: train==[5863.13354=5855.14708 + 2.24922 + 0.00000 + 0.81894 + 4.91832]
drop_flag:  True ,	 mess_dropout:  [0.0, 0.0]
rate_batch  torch.Size([1162, 753])
gt_count  8427
candidate_count  874986
ideal candidate count  874986
Epoch 1909 [3.3s + 5.6s]: train==[6075.57368=6067.52338 + 2.25295 + 0.00000 + 0.82217 + 4.97517]
 recall=[0.24704, 0.51367], precision=[0.33787, 0.18709],  f1=[0.26299, 0.25738], RMRR=[0.11515, 0.16382]
Epoch 1910 [3.3s]: train==[5972.19495=5964.19954 + 2.24750 + 0.00000 + 0.81859 + 4.92930]
Epoch 1911 [3.3s]: train==[6023.41936=6015.39943 + 2.25309 + 0.00000 + 0.81923 + 4.94766]
Epoch 1912 [3.3s]: train==[5912.23795=5904.24236 + 2.25604 + 0.00000 + 0.81798 + 4.92154]
Epoch 1913 [3.3s]: train==[5910.50819=5902.46361 + 2.25553 + 0.00000 + 0.82173 + 4.96723]
Epoch 1914 [3.3s]: train==[5957.87339=5949.83763 + 2.25356 + 0.00000 + 0.82157 + 4.96066]
Epoch 1915 [3.3s]: train==[6200.17617=6192.15927 + 2.25207 + 0.00000 + 0.82011 + 4.94466]
Epoch 1916 [3.3s]: train==[5955.41368=5947.43097 + 2.25276 + 0.00000 + 0.81944 + 4.91055]
Epoch 1917 [3.3s]: train==[5797.16019=5789.16817 + 2.25628 + 0.00000 + 0.81996 + 4.91576]
Epoch 1918 [3.3s]: train==[6035.83270=6027.82509 + 2.25527 + 0.00000 + 0.82030 + 4.93201]
drop_flag:  True ,	 mess_dropout:  [0.0, 0.0]
rate_batch  torch.Size([1162, 753])
gt_count  8427
candidate_count  874986
ideal candidate count  874986
Epoch 1919 [3.3s + 5.6s]: train==[6041.76870=6033.76689 + 2.25691 + 0.00000 + 0.81891 + 4.92602]
 recall=[0.24631, 0.51505], precision=[0.33907, 0.18640],  f1=[0.26358, 0.25677], RMRR=[0.12084, 0.16964]
Epoch 1920 [3.3s]: train==[6050.62010=6042.61040 + 2.25374 + 0.00000 + 0.81948 + 4.93647]
Epoch 1921 [3.3s]: train==[5880.41738=5872.45087 + 2.25323 + 0.00000 + 0.81937 + 4.89388]
Epoch 1922 [3.3s]: train==[6116.87162=6108.88463 + 2.25892 + 0.00000 + 0.81937 + 4.90879]
Epoch 1923 [3.3s]: train==[5994.58997=5986.55885 + 2.25377 + 0.00000 + 0.81955 + 4.95771]
Epoch 1924 [3.3s]: train==[6264.79215=6256.81029 + 2.25348 + 0.00000 + 0.81831 + 4.91001]
Epoch 1925 [3.3s]: train==[6100.98476=6092.98686 + 2.25290 + 0.00000 + 0.81602 + 4.92897]
Epoch 1926 [3.3s]: train==[6007.05130=5999.04390 + 2.25242 + 0.00000 + 0.81832 + 4.93668]
Epoch 1927 [3.3s]: train==[5936.16898=5928.19731 + 2.25788 + 0.00000 + 0.81694 + 4.89681]
Epoch 1928 [3.3s]: train==[6221.45431=6213.48299 + 2.25577 + 0.00000 + 0.81729 + 4.89826]
drop_flag:  True ,	 mess_dropout:  [0.0, 0.0]
rate_batch  torch.Size([1162, 753])
gt_count  8427
candidate_count  874986
ideal candidate count  874986
Epoch 1929 [3.3s + 5.6s]: train==[6179.61760=6171.63110 + 2.25440 + 0.00000 + 0.81649 + 4.91558]
 recall=[0.24478, 0.51882], precision=[0.33425, 0.18722],  f1=[0.26042, 0.25813], RMRR=[0.11332, 0.16148]
Epoch 1930 [3.3s]: train==[5954.69212=5946.67232 + 2.25452 + 0.00000 + 0.81696 + 4.94831]
Epoch 1931 [3.3s]: train==[6089.77397=6081.77429 + 2.25271 + 0.00000 + 0.81587 + 4.93108]
Epoch 1932 [3.3s]: train==[5999.63139=5991.63019 + 2.25543 + 0.00000 + 0.81741 + 4.92838]
Epoch 1933 [3.3s]: train==[6110.33848=6102.38307 + 2.25421 + 0.00000 + 0.81695 + 4.88426]
Epoch 1934 [3.3s]: train==[5891.54011=5883.57133 + 2.25530 + 0.00000 + 0.81443 + 4.89911]
Epoch 1935 [3.3s]: train==[5819.47422=5811.47607 + 2.25879 + 0.00000 + 0.81656 + 4.92275]
Epoch 1936 [3.3s]: train==[6048.06629=6040.10789 + 2.25679 + 0.00000 + 0.81698 + 4.88463]
Epoch 1937 [3.3s]: train==[5803.94739=5795.98196 + 2.25220 + 0.00000 + 0.81555 + 4.89766]
Epoch 1938 [3.3s]: train==[6200.24684=6192.25955 + 2.25953 + 0.00000 + 0.81612 + 4.91166]
drop_flag:  True ,	 mess_dropout:  [0.0, 0.0]
rate_batch  torch.Size([1162, 753])
gt_count  8427
candidate_count  874986
ideal candidate count  874986
Epoch 1939 [3.3s + 5.6s]: train==[5916.39539=5908.38141 + 2.25811 + 0.00000 + 0.81593 + 4.93999]
 recall=[0.24836, 0.51716], precision=[0.33941, 0.18735],  f1=[0.26473, 0.25796], RMRR=[0.11638, 0.16470]
Epoch 1940 [3.3s]: train==[6103.41735=6095.41994 + 2.25589 + 0.00000 + 0.81536 + 4.92616]
Epoch 1941 [3.3s]: train==[6017.78469=6009.79008 + 2.25799 + 0.00000 + 0.81780 + 4.91883]
Epoch 1942 [3.3s]: train==[6049.28607=6041.28174 + 2.25305 + 0.00000 + 0.81632 + 4.93497]
Epoch 1943 [3.3s]: train==[6126.38029=6118.40002 + 2.25281 + 0.00000 + 0.81516 + 4.91223]
Epoch 1944 [3.4s]: train==[6023.85837=6015.89334 + 2.25277 + 0.00000 + 0.81298 + 4.89923]
Epoch 1945 [3.3s]: train==[5903.04844=5895.02722 + 2.25540 + 0.00000 + 0.81586 + 4.94996]
Epoch 1946 [3.3s]: train==[5851.70090=5843.72472 + 2.25568 + 0.00000 + 0.81132 + 4.90917]
Epoch 1947 [3.3s]: train==[5871.18448=5863.15254 + 2.25480 + 0.00000 + 0.81705 + 4.96010]
Epoch 1948 [3.3s]: train==[5953.53064=5945.51711 + 2.26228 + 0.00000 + 0.81448 + 4.93676]
drop_flag:  True ,	 mess_dropout:  [0.0, 0.0]
rate_batch  torch.Size([1162, 753])
gt_count  8427
candidate_count  874986
ideal candidate count  874986
Epoch 1949 [3.4s + 5.7s]: train==[6046.59826=6038.61014 + 2.25899 + 0.00000 + 0.81240 + 4.91675]
 recall=[0.24627, 0.52024], precision=[0.33494, 0.18782],  f1=[0.26125, 0.25884], RMRR=[0.11484, 0.16372]
Epoch 1950 [3.3s]: train==[5942.55843=5934.56984 + 2.25548 + 0.00000 + 0.81316 + 4.91998]
Epoch 1951 [3.3s]: train==[6066.25572=6058.25082 + 2.25608 + 0.00000 + 0.81455 + 4.93430]
Epoch 1952 [3.3s]: train==[6034.70886=6026.76320 + 2.26320 + 0.00000 + 0.81447 + 4.86801]
Epoch 1953 [3.3s]: train==[6018.53345=6010.50710 + 2.25496 + 0.00000 + 0.81555 + 4.95581]
Epoch 1954 [3.3s]: train==[6143.52131=6135.52107 + 2.25598 + 0.00000 + 0.81250 + 4.93180]
Epoch 1955 [3.3s]: train==[5977.81642=5969.78941 + 2.25950 + 0.00000 + 0.81616 + 4.95141]
Epoch 1956 [3.3s]: train==[5963.33115=5955.30861 + 2.25841 + 0.00000 + 0.81452 + 4.94965]
Epoch 1957 [3.3s]: train==[5936.76267=5928.75807 + 2.26543 + 0.00000 + 0.81334 + 4.92584]
Epoch 1958 [3.3s]: train==[5994.54154=5986.57024 + 2.26120 + 0.00000 + 0.81217 + 4.89791]
drop_flag:  True ,	 mess_dropout:  [0.0, 0.0]
rate_batch  torch.Size([1162, 753])
gt_count  8427
candidate_count  874986
ideal candidate count  874986
Epoch 1959 [3.3s + 5.6s]: train==[5972.64017=5964.62663 + 2.26355 + 0.00000 + 0.81481 + 4.93519]
 recall=[0.24756, 0.51997], precision=[0.33769, 0.18873],  f1=[0.26301, 0.25977], RMRR=[0.11735, 0.16609]
Epoch 1960 [3.3s]: train==[5942.06319=5934.07004 + 2.26487 + 0.00000 + 0.81350 + 4.91479]
Epoch 1961 [3.3s]: train==[5967.14314=5959.16481 + 2.26058 + 0.00000 + 0.81165 + 4.90605]
Epoch 1962 [3.3s]: train==[5856.06820=5848.06302 + 2.26180 + 0.00000 + 0.81367 + 4.92967]
Epoch 1963 [3.3s]: train==[5919.05590=5911.08530 + 2.26514 + 0.00000 + 0.81263 + 4.89282]
Epoch 1964 [3.3s]: train==[6038.01323=6030.03458 + 2.25497 + 0.00000 + 0.81264 + 4.91107]
Epoch 1965 [3.3s]: train==[5826.52289=5818.54939 + 2.25967 + 0.00000 + 0.81412 + 4.89971]
Epoch 1966 [3.3s]: train==[5761.83197=5753.85997 + 2.26321 + 0.00000 + 0.81335 + 4.89546]
Epoch 1967 [3.3s]: train==[6036.44981=6028.41348 + 2.26254 + 0.00000 + 0.81372 + 4.96010]
Epoch 1968 [3.3s]: train==[5945.66935=5937.67134 + 2.26150 + 0.00000 + 0.81322 + 4.92331]
drop_flag:  True ,	 mess_dropout:  [0.0, 0.0]
rate_batch  torch.Size([1162, 753])
gt_count  8427
candidate_count  874986
ideal candidate count  874986
Epoch 1969 [3.3s + 5.6s]: train==[5871.56501=5863.61858 + 2.26201 + 0.00000 + 0.81049 + 4.87394]
 recall=[0.24572, 0.52570], precision=[0.33735, 0.18886],  f1=[0.26195, 0.26034], RMRR=[0.11634, 0.16594]
Epoch 1970 [3.3s]: train==[6134.39489=6126.41293 + 2.26029 + 0.00000 + 0.81158 + 4.91016]
Epoch 1971 [3.3s]: train==[5956.18153=5948.19598 + 2.26225 + 0.00000 + 0.81041 + 4.91284]
Epoch 1972 [3.3s]: train==[6306.41213=6298.42044 + 2.26053 + 0.00000 + 0.81096 + 4.92025]
Epoch 1973 [3.3s]: train==[5994.51242=5986.53615 + 2.26667 + 0.00000 + 0.81265 + 4.89695]
Epoch 1974 [3.3s]: train==[5679.33772=5671.31757 + 2.26397 + 0.00000 + 0.81350 + 4.94270]
Epoch 1975 [3.3s]: train==[5887.08482=5879.07828 + 2.26630 + 0.00000 + 0.81105 + 4.92919]
Epoch 1976 [3.3s]: train==[6094.77833=6086.77174 + 2.26504 + 0.00000 + 0.80996 + 4.93153]
Epoch 1977 [3.3s]: train==[6017.92146=6009.93228 + 2.26557 + 0.00000 + 0.81042 + 4.91313]
Epoch 1978 [3.3s]: train==[6092.44835=6084.44051 + 2.26488 + 0.00000 + 0.81204 + 4.93085]
drop_flag:  True ,	 mess_dropout:  [0.0, 0.0]
rate_batch  torch.Size([1162, 753])
gt_count  8427
candidate_count  874986
ideal candidate count  874986
Epoch 1979 [3.3s + 5.6s]: train==[5905.39279=5897.36719 + 2.26701 + 0.00000 + 0.80918 + 4.94940]
 recall=[0.24667, 0.51904], precision=[0.33718, 0.18761],  f1=[0.26271, 0.25865], RMRR=[0.11524, 0.16360]
Epoch 1980 [3.3s]: train==[5942.52965=5934.52188 + 2.25817 + 0.00000 + 0.81088 + 4.93868]
Epoch 1981 [3.3s]: train==[6111.04608=6103.04453 + 2.26027 + 0.00000 + 0.80937 + 4.93190]
Epoch 1982 [3.3s]: train==[5869.19249=5861.20691 + 2.25943 + 0.00000 + 0.80965 + 4.91652]
Epoch 1983 [3.3s]: train==[5996.71412=5988.72011 + 2.25983 + 0.00000 + 0.80930 + 4.92490]
Epoch 1984 [3.3s]: train==[5901.34833=5893.36072 + 2.26027 + 0.00000 + 0.81132 + 4.91599]
Epoch 1985 [3.3s]: train==[5952.76512=5944.75691 + 2.26228 + 0.00000 + 0.81166 + 4.93427]
Epoch 1986 [3.3s]: train==[6093.96346=6085.96394 + 2.26500 + 0.00000 + 0.81156 + 4.92292]
Epoch 1987 [3.3s]: train==[6090.28821=6082.29749 + 2.26152 + 0.00000 + 0.81091 + 4.91832]
Epoch 1988 [3.3s]: train==[5903.34871=5895.38754 + 2.26120 + 0.00000 + 0.80831 + 4.89163]
drop_flag:  True ,	 mess_dropout:  [0.0, 0.0]
rate_batch  torch.Size([1162, 753])
gt_count  8427
candidate_count  874986
ideal candidate count  874986
Epoch 1989 [3.3s + 5.6s]: train==[5904.08934=5896.13908 + 2.25982 + 0.00000 + 0.81118 + 4.87930]
 recall=[0.24236, 0.52238], precision=[0.33373, 0.18933],  f1=[0.25899, 0.26051], RMRR=[0.11017, 0.15929]
Epoch 1990 [3.3s]: train==[5920.37739=5912.36507 + 2.26475 + 0.00000 + 0.81094 + 4.93661]
Epoch 1991 [3.3s]: train==[5898.08020=5890.08272 + 2.26689 + 0.00000 + 0.81169 + 4.91890]
Epoch 1992 [3.3s]: train==[5855.01122=5847.01752 + 2.26288 + 0.00000 + 0.81103 + 4.91982]
Epoch 1993 [3.4s]: train==[6106.14585=6098.13861 + 2.26344 + 0.00000 + 0.81055 + 4.93328]
Epoch 1994 [3.4s]: train==[5838.96173=5830.97412 + 2.26339 + 0.00000 + 0.80867 + 4.91556]
Epoch 1995 [3.3s]: train==[6037.85860=6029.86214 + 2.26788 + 0.00000 + 0.80858 + 4.92002]
Epoch 1996 [3.3s]: train==[6221.66249=6213.70514 + 2.26985 + 0.00000 + 0.80845 + 4.87908]
Epoch 1997 [3.3s]: train==[5997.93886=5989.94144 + 2.26433 + 0.00000 + 0.81120 + 4.92196]
Epoch 1998 [3.3s]: train==[5935.53103=5927.54036 + 2.26387 + 0.00000 + 0.80848 + 4.91834]
drop_flag:  True ,	 mess_dropout:  [0.0, 0.0]
rate_batch  torch.Size([1162, 753])
gt_count  8427
candidate_count  874986
ideal candidate count  874986
Epoch 1999 [3.3s + 5.6s]: train==[5804.37422=5796.38928 + 2.26977 + 0.00000 + 0.80800 + 4.90717]
 recall=[0.24703, 0.52269], precision=[0.33821, 0.18929],  f1=[0.26329, 0.26072], RMRR=[0.11492, 0.16429]
Best Iter=[186]@[7810.2]	
recall=[0.25395	0.37616	0.45688	0.51827], 
precision=[0.34182	0.26472	0.21698	0.18666], 
f1=[0.26763	0.28723	0.27376	0.25710], 
RMRR=[0.11867	0.15152	0.16213	0.16703]
end  2025-08-04 19:28:08

结束时间: 2025年 08月 04日 星期一 19:28:08 CST
================================

所有实验完成！
日志文件保存在: output/main_5d46307_20250804_1717_Herb.log
